data,ano,semestre,trimestre,mes_num,mes_nome,mes_abrev,ano_mes,mes_ano,ordem_ano_mes,dia,dia_semana_num,dia_semana,dia_semana_abrev,semana_do_ano,fim_de_semana,feriado,dia_util,realizado,status_periodo,primeiro_dia_mes
2024-01-01,2024,S1,T1,1,Janeiro,Jan,2024-01,jan/24,202401,1,1,Segunda-feira,Seg,1,0,Confraternização Universal,0,1,Realizado,2024-01-01
2024-01-02,2024,S1,T1,1,Janeiro,Jan,2024-01,jan/24,202401,2,2,Terça-feira,Ter,1,0,,1,1,Realizado,2024-01-01
2024-01-03,2024,S1,T1,1,Janeiro,Jan,2024-01,jan/24,202401,3,3,Quarta-feira,Qua,1,0,,1,1,Realizado,2024-01-01
2024-01-04,2024,S1,T1,1,Janeiro,Jan,2024-01,jan/24,202401,4,4,Quinta-feira,Qui,1,0,,1,1,Realizado,2024-01-01
2024-01-05,2024,S1,T1,1,Janeiro,Jan,2024-01,jan/24,202401,5,5,Sexta-feira,Sex,1,0,,1,1,Realizado,2024-01-01
2024-01-06,2024,S1,T1,1,Janeiro,Jan,2024-01,jan/24,202401,6,6,Sábado,Sáb,1,1,,0,1,Realizado,2024-01-01
2024-01-07,2024,S1,T1,1,Janeiro,Jan,2024-01,jan/24,202401,7,7,Domingo,Dom,1,1,,0,1,Realizado,2024-01-01
2024-01-08,2024,S1,T1,1,Janeiro,Jan,2024-01,jan/24,202401,8,1,Segunda-feira,Seg,2,0,,1,1,Realizado,2024-01-01
2024-01-09,2024,S1,T1,1,Janeiro,Jan,2024-01,jan/24,202401,9,2,Terça-feira,Ter,2,0,,1,1,Realizado,2024-01-01
2024-01-10,2024,S1,T1,1,Janeiro,Jan,2024-01,jan/24,202401,10,3,Quarta-feira,Qua,2,0,,1,1,Realizado,2024-01-01
2024-01-11,2024,S1,T1,1,Janeiro,Jan,2024-01,jan/24,202401,11,4,Quinta-feira,Qui,2,0,,1,1,Realizado,2024-01-01
2024-01-12,2024,S1,T1,1,Janeiro,Jan,2024-01,jan/24,202401,12,5,Sexta-feira,Sex,2,0,,1,1,Realizado,2024-01-01
2024-01-13,2024,S1,T1,1,Janeiro,Jan,2024-01,jan/24,202401,13,6,Sábado,Sáb,2,1,,0,1,Realizado,2024-01-01
2024-01-14,2024,S1,T1,1,Janeiro,Jan,2024-01,jan/24,202401,14,7,Domingo,Dom,2,1,,0,1,Realizado,2024-01-01
2024-01-15,2024,S1,T1,1,Janeiro,Jan,2024-01,jan/24,202401,15,1,Segunda-feira,Seg,3,0,,1,1,Realizado,2024-01-01
2024-01-16,2024,S1,T1,1,Janeiro,Jan,2024-01,jan/24,202401,16,2,Terça-feira,Ter,3,0,,1,1,Realizado,2024-01-01
2024-01-17,2024,S1,T1,1,Janeiro,Jan,2024-01,jan/24,202401,17,3,Quarta-feira,Qua,3,0,,1,1,Realizado,2024-01-01
2024-01-18,2024,S1,T1,1,Janeiro,Jan,2024-01,jan/24,202401,18,4,Quinta-feira,Qui,3,0,,1,1,Realizado,2024-01-01
2024-01-19,2024,S1,T1,1,Janeiro,Jan,2024-01,jan/24,202401,19,5,Sexta-feira,Sex,3,0,,1,1,Realizado,2024-01-01
2024-01-20,2024,S1,T1,1,Janeiro,Jan,2024-01,jan/24,202401,20,6,Sábado,Sáb,3,1,,0,1,Realizado,2024-01-01
2024-01-21,2024,S1,T1,1,Janeiro,Jan,2024-01,jan/24,202401,21,7,Domingo,Dom,3,1,,0,1,Realizado,2024-01-01
2024-01-22,2024,S1,T1,1,Janeiro,Jan,2024-01,jan/24,202401,22,1,Segunda-feira,Seg,4,0,,1,1,Realizado,2024-01-01
2024-01-23,2024,S1,T1,1,Janeiro,Jan,2024-01,jan/24,202401,23,2,Terça-feira,Ter,4,0,,1,1,Realizado,2024-01-01
2024-01-24,2024,S1,T1,1,Janeiro,Jan,2024-01,jan/24,202401,24,3,Quarta-feira,Qua,4,0,,1,1,Realizado,2024-01-01
2024-01-25,2024,S1,T1,1,Janeiro,Jan,2024-01,jan/24,202401,25,4,Quinta-feira,Qui,4,0,,1,1,Realizado,2024-01-01
2024-01-26,2024,S1,T1,1,Janeiro,Jan,2024-01,jan/24,202401,26,5,Sexta-feira,Sex,4,0,,1,1,Realizado,2024-01-01
2024-01-27,2024,S1,T1,1,Janeiro,Jan,2024-01,jan/24,202401,27,6,Sábado,Sáb,4,1,,0,1,Realizado,2024-01-01
2024-01-28,2024,S1,T1,1,Janeiro,Jan,2024-01,jan/24,202401,28,7,Domingo,Dom,4,1,,0,1,Realizado,2024-01-01
2024-01-29,2024,S1,T1,1,Janeiro,Jan,2024-01,jan/24,202401,29,1,Segunda-feira,Seg,5,0,,1,1,Realizado,2024-01-01
2024-01-30,2024,S1,T1,1,Janeiro,Jan,2024-01,jan/24,202401,30,2,Terça-feira,Ter,5,0,,1,1,Realizado,2024-01-01
2024-01-31,2024,S1,T1,1,Janeiro,Jan,2024-01,jan/24,202401,31,3,Quarta-feira,Qua,5,0,,1,1,Realizado,2024-01-01
2024-02-01,2024,S1,T1,2,Fevereiro,Fev,2024-02,fev/24,202402,1,4,Quinta-feira,Qui,5,0,,1,1,Realizado,2024-02-01
2024-02-02,2024,S1,T1,2,Fevereiro,Fev,2024-02,fev/24,202402,2,5,Sexta-feira,Sex,5,0,,1,1,Realizado,2024-02-01
2024-02-03,2024,S1,T1,2,Fevereiro,Fev,2024-02,fev/24,202402,3,6,Sábado,Sáb,5,1,,0,1,Realizado,2024-02-01
2024-02-04,2024,S1,T1,2,Fevereiro,Fev,2024-02,fev/24,202402,4,7,Domingo,Dom,5,1,,0,1,Realizado,2024-02-01
2024-02-05,2024,S1,T1,2,Fevereiro,Fev,2024-02,fev/24,202402,5,1,Segunda-feira,Seg,6,0,,1,1,Realizado,2024-02-01
2024-02-06,2024,S1,T1,2,Fevereiro,Fev,2024-02,fev/24,202402,6,2,Terça-feira,Ter,6,0,,1,1,Realizado,2024-02-01
2024-02-07,2024,S1,T1,2,Fevereiro,Fev,2024-02,fev/24,202402,7,3,Quarta-feira,Qua,6,0,,1,1,Realizado,2024-02-01
2024-02-08,2024,S1,T1,2,Fevereiro,Fev,2024-02,fev/24,202402,8,4,Quinta-feira,Qui,6,0,,1,1,Realizado,2024-02-01
2024-02-09,2024,S1,T1,2,Fevereiro,Fev,2024-02,fev/24,202402,9,5,Sexta-feira,Sex,6,0,,1,1,Realizado,2024-02-01
2024-02-10,2024,S1,T1,2,Fevereiro,Fev,2024-02,fev/24,202402,10,6,Sábado,Sáb,6,1,,0,1,Realizado,2024-02-01
2024-02-11,2024,S1,T1,2,Fevereiro,Fev,2024-02,fev/24,202402,11,7,Domingo,Dom,6,1,,0,1,Realizado,2024-02-01
2024-02-12,2024,S1,T1,2,Fevereiro,Fev,2024-02,fev/24,202402,12,1,Segunda-feira,Seg,7,0,Carnaval,0,1,Realizado,2024-02-01
2024-02-13,2024,S1,T1,2,Fevereiro,Fev,2024-02,fev/24,202402,13,2,Terça-feira,Ter,7,0,Carnaval,0,1,Realizado,2024-02-01
2024-02-14,2024,S1,T1,2,Fevereiro,Fev,2024-02,fev/24,202402,14,3,Quarta-feira,Qua,7,0,,1,1,Realizado,2024-02-01
2024-02-15,2024,S1,T1,2,Fevereiro,Fev,2024-02,fev/24,202402,15,4,Quinta-feira,Qui,7,0,,1,1,Realizado,2024-02-01
2024-02-16,2024,S1,T1,2,Fevereiro,Fev,2024-02,fev/24,202402,16,5,Sexta-feira,Sex,7,0,,1,1,Realizado,2024-02-01
2024-02-17,2024,S1,T1,2,Fevereiro,Fev,2024-02,fev/24,202402,17,6,Sábado,Sáb,7,1,,0,1,Realizado,2024-02-01
2024-02-18,2024,S1,T1,2,Fevereiro,Fev,2024-02,fev/24,202402,18,7,Domingo,Dom,7,1,,0,1,Realizado,2024-02-01
2024-02-19,2024,S1,T1,2,Fevereiro,Fev,2024-02,fev/24,202402,19,1,Segunda-feira,Seg,8,0,,1,1,Realizado,2024-02-01
2024-02-20,2024,S1,T1,2,Fevereiro,Fev,2024-02,fev/24,202402,20,2,Terça-feira,Ter,8,0,,1,1,Realizado,2024-02-01
2024-02-21,2024,S1,T1,2,Fevereiro,Fev,2024-02,fev/24,202402,21,3,Quarta-feira,Qua,8,0,,1,1,Realizado,2024-02-01
2024-02-22,2024,S1,T1,2,Fevereiro,Fev,2024-02,fev/24,202402,22,4,Quinta-feira,Qui,8,0,,1,1,Realizado,2024-02-01
2024-02-23,2024,S1,T1,2,Fevereiro,Fev,2024-02,fev/24,202402,23,5,Sexta-feira,Sex,8,0,,1,1,Realizado,2024-02-01
2024-02-24,2024,S1,T1,2,Fevereiro,Fev,2024-02,fev/24,202402,24,6,Sábado,Sáb,8,1,,0,1,Realizado,2024-02-01
2024-02-25,2024,S1,T1,2,Fevereiro,Fev,2024-02,fev/24,202402,25,7,Domingo,Dom,8,1,,0,1,Realizado,2024-02-01
2024-02-26,2024,S1,T1,2,Fevereiro,Fev,2024-02,fev/24,202402,26,1,Segunda-feira,Seg,9,0,,1,1,Realizado,2024-02-01
2024-02-27,2024,S1,T1,2,Fevereiro,Fev,2024-02,fev/24,202402,27,2,Terça-feira,Ter,9,0,,1,1,Realizado,2024-02-01
2024-02-28,2024,S1,T1,2,Fevereiro,Fev,2024-02,fev/24,202402,28,3,Quarta-feira,Qua,9,0,,1,1,Realizado,2024-02-01
2024-02-29,2024,S1,T1,2,Fevereiro,Fev,2024-02,fev/24,202402,29,4,Quinta-feira,Qui,9,0,,1,1,Realizado,2024-02-01
2024-03-01,2024,S1,T1,3,Março,Mar,2024-03,mar/24,202403,1,5,Sexta-feira,Sex,9,0,,1,1,Realizado,2024-03-01
2024-03-02,2024,S1,T1,3,Março,Mar,2024-03,mar/24,202403,2,6,Sábado,Sáb,9,1,,0,1,Realizado,2024-03-01
2024-03-03,2024,S1,T1,3,Março,Mar,2024-03,mar/24,202403,3,7,Domingo,Dom,9,1,,0,1,Realizado,2024-03-01
2024-03-04,2024,S1,T1,3,Março,Mar,2024-03,mar/24,202403,4,1,Segunda-feira,Seg,10,0,,1,1,Realizado,2024-03-01
2024-03-05,2024,S1,T1,3,Março,Mar,2024-03,mar/24,202403,5,2,Terça-feira,Ter,10,0,,1,1,Realizado,2024-03-01
2024-03-06,2024,S1,T1,3,Março,Mar,2024-03,mar/24,202403,6,3,Quarta-feira,Qua,10,0,,1,1,Realizado,2024-03-01
2024-03-07,2024,S1,T1,3,Março,Mar,2024-03,mar/24,202403,7,4,Quinta-feira,Qui,10,0,,1,1,Realizado,2024-03-01
2024-03-08,2024,S1,T1,3,Março,Mar,2024-03,mar/24,202403,8,5,Sexta-feira,Sex,10,0,,1,1,Realizado,2024-03-01
2024-03-09,2024,S1,T1,3,Março,Mar,2024-03,mar/24,202403,9,6,Sábado,Sáb,10,1,,0,1,Realizado,2024-03-01
2024-03-10,2024,S1,T1,3,Março,Mar,2024-03,mar/24,202403,10,7,Domingo,Dom,10,1,,0,1,Realizado,2024-03-01
2024-03-11,2024,S1,T1,3,Março,Mar,2024-03,mar/24,202403,11,1,Segunda-feira,Seg,11,0,,1,1,Realizado,2024-03-01
2024-03-12,2024,S1,T1,3,Março,Mar,2024-03,mar/24,202403,12,2,Terça-feira,Ter,11,0,,1,1,Realizado,2024-03-01
2024-03-13,2024,S1,T1,3,Março,Mar,2024-03,mar/24,202403,13,3,Quarta-feira,Qua,11,0,,1,1,Realizado,2024-03-01
2024-03-14,2024,S1,T1,3,Março,Mar,2024-03,mar/24,202403,14,4,Quinta-feira,Qui,11,0,,1,1,Realizado,2024-03-01
2024-03-15,2024,S1,T1,3,Março,Mar,2024-03,mar/24,202403,15,5,Sexta-feira,Sex,11,0,,1,1,Realizado,2024-03-01
2024-03-16,2024,S1,T1,3,Março,Mar,2024-03,mar/24,202403,16,6,Sábado,Sáb,11,1,,0,1,Realizado,2024-03-01
2024-03-17,2024,S1,T1,3,Março,Mar,2024-03,mar/24,202403,17,7,Domingo,Dom,11,1,,0,1,Realizado,2024-03-01
2024-03-18,2024,S1,T1,3,Março,Mar,2024-03,mar/24,202403,18,1,Segunda-feira,Seg,12,0,,1,1,Realizado,2024-03-01
2024-03-19,2024,S1,T1,3,Março,Mar,2024-03,mar/24,202403,19,2,Terça-feira,Ter,12,0,,1,1,Realizado,2024-03-01
2024-03-20,2024,S1,T1,3,Março,Mar,2024-03,mar/24,202403,20,3,Quarta-feira,Qua,12,0,,1,1,Realizado,2024-03-01
2024-03-21,2024,S1,T1,3,Março,Mar,2024-03,mar/24,202403,21,4,Quinta-feira,Qui,12,0,,1,1,Realizado,2024-03-01
2024-03-22,2024,S1,T1,3,Março,Mar,2024-03,mar/24,202403,22,5,Sexta-feira,Sex,12,0,,1,1,Realizado,2024-03-01
2024-03-23,2024,S1,T1,3,Março,Mar,2024-03,mar/24,202403,23,6,Sábado,Sáb,12,1,,0,1,Realizado,2024-03-01
2024-03-24,2024,S1,T1,3,Março,Mar,2024-03,mar/24,202403,24,7,Domingo,Dom,12,1,,0,1,Realizado,2024-03-01
2024-03-25,2024,S1,T1,3,Março,Mar,2024-03,mar/24,202403,25,1,Segunda-feira,Seg,13,0,,1,1,Realizado,2024-03-01
2024-03-26,2024,S1,T1,3,Março,Mar,2024-03,mar/24,202403,26,2,Terça-feira,Ter,13,0,,1,1,Realizado,2024-03-01
2024-03-27,2024,S1,T1,3,Março,Mar,2024-03,mar/24,202403,27,3,Quarta-feira,Qua,13,0,,1,1,Realizado,2024-03-01
2024-03-28,2024,S1,T1,3,Março,Mar,2024-03,mar/24,202403,28,4,Quinta-feira,Qui,13,0,,1,1,Realizado,2024-03-01
2024-03-29,2024,S1,T1,3,Março,Mar,2024-03,mar/24,202403,29,5,Sexta-feira,Sex,13,0,Sexta-feira Santa,0,1,Realizado,2024-03-01
2024-03-30,2024,S1,T1,3,Março,Mar,2024-03,mar/24,202403,30,6,Sábado,Sáb,13,1,,0,1,Realizado,2024-03-01
2024-03-31,2024,S1,T1,3,Março,Mar,2024-03,mar/24,202403,31,7,Domingo,Dom,13,1,,0,1,Realizado,2024-03-01
2024-04-01,2024,S1,T2,4,Abril,Abr,2024-04,abr/24,202404,1,1,Segunda-feira,Seg,14,0,,1,1,Realizado,2024-04-01
2024-04-02,2024,S1,T2,4,Abril,Abr,2024-04,abr/24,202404,2,2,Terça-feira,Ter,14,0,,1,1,Realizado,2024-04-01
2024-04-03,2024,S1,T2,4,Abril,Abr,2024-04,abr/24,202404,3,3,Quarta-feira,Qua,14,0,,1,1,Realizado,2024-04-01
2024-04-04,2024,S1,T2,4,Abril,Abr,2024-04,abr/24,202404,4,4,Quinta-feira,Qui,14,0,,1,1,Realizado,2024-04-01
2024-04-05,2024,S1,T2,4,Abril,Abr,2024-04,abr/24,202404,5,5,Sexta-feira,Sex,14,0,,1,1,Realizado,2024-04-01
2024-04-06,2024,S1,T2,4,Abril,Abr,2024-04,abr/24,202404,6,6,Sábado,Sáb,14,1,,0,1,Realizado,2024-04-01
2024-04-07,2024,S1,T2,4,Abril,Abr,2024-04,abr/24,202404,7,7,Domingo,Dom,14,1,,0,1,Realizado,2024-04-01
2024-04-08,2024,S1,T2,4,Abril,Abr,2024-04,abr/24,202404,8,1,Segunda-feira,Seg,15,0,,1,1,Realizado,2024-04-01
2024-04-09,2024,S1,T2,4,Abril,Abr,2024-04,abr/24,202404,9,2,Terça-feira,Ter,15,0,,1,1,Realizado,2024-04-01
2024-04-10,2024,S1,T2,4,Abril,Abr,2024-04,abr/24,202404,10,3,Quarta-feira,Qua,15,0,,1,1,Realizado,2024-04-01
2024-04-11,2024,S1,T2,4,Abril,Abr,2024-04,abr/24,202404,11,4,Quinta-feira,Qui,15,0,,1,1,Realizado,2024-04-01
2024-04-12,2024,S1,T2,4,Abril,Abr,2024-04,abr/24,202404,12,5,Sexta-feira,Sex,15,0,,1,1,Realizado,2024-04-01
2024-04-13,2024,S1,T2,4,Abril,Abr,2024-04,abr/24,202404,13,6,Sábado,Sáb,15,1,,0,1,Realizado,2024-04-01
2024-04-14,2024,S1,T2,4,Abril,Abr,2024-04,abr/24,202404,14,7,Domingo,Dom,15,1,,0,1,Realizado,2024-04-01
2024-04-15,2024,S1,T2,4,Abril,Abr,2024-04,abr/24,202404,15,1,Segunda-feira,Seg,16,0,,1,1,Realizado,2024-04-01
2024-04-16,2024,S1,T2,4,Abril,Abr,2024-04,abr/24,202404,16,2,Terça-feira,Ter,16,0,,1,1,Realizado,2024-04-01
2024-04-17,2024,S1,T2,4,Abril,Abr,2024-04,abr/24,202404,17,3,Quarta-feira,Qua,16,0,,1,1,Realizado,2024-04-01
2024-04-18,2024,S1,T2,4,Abril,Abr,2024-04,abr/24,202404,18,4,Quinta-feira,Qui,16,0,,1,1,Realizado,2024-04-01
2024-04-19,2024,S1,T2,4,Abril,Abr,2024-04,abr/24,202404,19,5,Sexta-feira,Sex,16,0,,1,1,Realizado,2024-04-01
2024-04-20,2024,S1,T2,4,Abril,Abr,2024-04,abr/24,202404,20,6,Sábado,Sáb,16,1,,0,1,Realizado,2024-04-01
2024-04-21,2024,S1,T2,4,Abril,Abr,2024-04,abr/24,202404,21,7,Domingo,Dom,16,1,Tiradentes,0,1,Realizado,2024-04-01
2024-04-22,2024,S1,T2,4,Abril,Abr,2024-04,abr/24,202404,22,1,Segunda-feira,Seg,17,0,,1,1,Realizado,2024-04-01
2024-04-23,2024,S1,T2,4,Abril,Abr,2024-04,abr/24,202404,23,2,Terça-feira,Ter,17,0,,1,1,Realizado,2024-04-01
2024-04-24,2024,S1,T2,4,Abril,Abr,2024-04,abr/24,202404,24,3,Quarta-feira,Qua,17,0,,1,1,Realizado,2024-04-01
2024-04-25,2024,S1,T2,4,Abril,Abr,2024-04,abr/24,202404,25,4,Quinta-feira,Qui,17,0,,1,1,Realizado,2024-04-01
2024-04-26,2024,S1,T2,4,Abril,Abr,2024-04,abr/24,202404,26,5,Sexta-feira,Sex,17,0,,1,1,Realizado,2024-04-01
2024-04-27,2024,S1,T2,4,Abril,Abr,2024-04,abr/24,202404,27,6,Sábado,Sáb,17,1,,0,1,Realizado,2024-04-01
2024-04-28,2024,S1,T2,4,Abril,Abr,2024-04,abr/24,202404,28,7,Domingo,Dom,17,1,,0,1,Realizado,2024-04-01
2024-04-29,2024,S1,T2,4,Abril,Abr,2024-04,abr/24,202404,29,1,Segunda-feira,Seg,18,0,,1,1,Realizado,2024-04-01
2024-04-30,2024,S1,T2,4,Abril,Abr,2024-04,abr/24,202404,30,2,Terça-feira,Ter,18,0,,1,1,Realizado,2024-04-01
2024-05-01,2024,S1,T2,5,Maio,Mai,2024-05,mai/24,202405,1,3,Quarta-feira,Qua,18,0,Dia do Trabalho,0,1,Realizado,2024-05-01
2024-05-02,2024,S1,T2,5,Maio,Mai,2024-05,mai/24,202405,2,4,Quinta-feira,Qui,18,0,,1,1,Realizado,2024-05-01
2024-05-03,2024,S1,T2,5,Maio,Mai,2024-05,mai/24,202405,3,5,Sexta-feira,Sex,18,0,,1,1,Realizado,2024-05-01
2024-05-04,2024,S1,T2,5,Maio,Mai,2024-05,mai/24,202405,4,6,Sábado,Sáb,18,1,,0,1,Realizado,2024-05-01
2024-05-05,2024,S1,T2,5,Maio,Mai,2024-05,mai/24,202405,5,7,Domingo,Dom,18,1,,0,1,Realizado,2024-05-01
2024-05-06,2024,S1,T2,5,Maio,Mai,2024-05,mai/24,202405,6,1,Segunda-feira,Seg,19,0,,1,1,Realizado,2024-05-01
2024-05-07,2024,S1,T2,5,Maio,Mai,2024-05,mai/24,202405,7,2,Terça-feira,Ter,19,0,,1,1,Realizado,2024-05-01
2024-05-08,2024,S1,T2,5,Maio,Mai,2024-05,mai/24,202405,8,3,Quarta-feira,Qua,19,0,,1,1,Realizado,2024-05-01
2024-05-09,2024,S1,T2,5,Maio,Mai,2024-05,mai/24,202405,9,4,Quinta-feira,Qui,19,0,,1,1,Realizado,2024-05-01
2024-05-10,2024,S1,T2,5,Maio,Mai,2024-05,mai/24,202405,10,5,Sexta-feira,Sex,19,0,,1,1,Realizado,2024-05-01
2024-05-11,2024,S1,T2,5,Maio,Mai,2024-05,mai/24,202405,11,6,Sábado,Sáb,19,1,,0,1,Realizado,2024-05-01
2024-05-12,2024,S1,T2,5,Maio,Mai,2024-05,mai/24,202405,12,7,Domingo,Dom,19,1,,0,1,Realizado,2024-05-01
2024-05-13,2024,S1,T2,5,Maio,Mai,2024-05,mai/24,202405,13,1,Segunda-feira,Seg,20,0,,1,1,Realizado,2024-05-01
2024-05-14,2024,S1,T2,5,Maio,Mai,2024-05,mai/24,202405,14,2,Terça-feira,Ter,20,0,,1,1,Realizado,2024-05-01
2024-05-15,2024,S1,T2,5,Maio,Mai,2024-05,mai/24,202405,15,3,Quarta-feira,Qua,20,0,,1,1,Realizado,2024-05-01
2024-05-16,2024,S1,T2,5,Maio,Mai,2024-05,mai/24,202405,16,4,Quinta-feira,Qui,20,0,,1,1,Realizado,2024-05-01
2024-05-17,2024,S1,T2,5,Maio,Mai,2024-05,mai/24,202405,17,5,Sexta-feira,Sex,20,0,,1,1,Realizado,2024-05-01
2024-05-18,2024,S1,T2,5,Maio,Mai,2024-05,mai/24,202405,18,6,Sábado,Sáb,20,1,,0,1,Realizado,2024-05-01
2024-05-19,2024,S1,T2,5,Maio,Mai,2024-05,mai/24,202405,19,7,Domingo,Dom,20,1,,0,1,Realizado,2024-05-01
2024-05-20,2024,S1,T2,5,Maio,Mai,2024-05,mai/24,202405,20,1,Segunda-feira,Seg,21,0,,1,1,Realizado,2024-05-01
2024-05-21,2024,S1,T2,5,Maio,Mai,2024-05,mai/24,202405,21,2,Terça-feira,Ter,21,0,,1,1,Realizado,2024-05-01
2024-05-22,2024,S1,T2,5,Maio,Mai,2024-05,mai/24,202405,22,3,Quarta-feira,Qua,21,0,,1,1,Realizado,2024-05-01
2024-05-23,2024,S1,T2,5,Maio,Mai,2024-05,mai/24,202405,23,4,Quinta-feira,Qui,21,0,,1,1,Realizado,2024-05-01
2024-05-24,2024,S1,T2,5,Maio,Mai,2024-05,mai/24,202405,24,5,Sexta-feira,Sex,21,0,,1,1,Realizado,2024-05-01
2024-05-25,2024,S1,T2,5,Maio,Mai,2024-05,mai/24,202405,25,6,Sábado,Sáb,21,1,,0,1,Realizado,2024-05-01
2024-05-26,2024,S1,T2,5,Maio,Mai,2024-05,mai/24,202405,26,7,Domingo,Dom,21,1,,0,1,Realizado,2024-05-01
2024-05-27,2024,S1,T2,5,Maio,Mai,2024-05,mai/24,202405,27,1,Segunda-feira,Seg,22,0,,1,1,Realizado,2024-05-01
2024-05-28,2024,S1,T2,5,Maio,Mai,2024-05,mai/24,202405,28,2,Terça-feira,Ter,22,0,,1,1,Realizado,2024-05-01
2024-05-29,2024,S1,T2,5,Maio,Mai,2024-05,mai/24,202405,29,3,Quarta-feira,Qua,22,0,,1,1,Realizado,2024-05-01
2024-05-30,2024,S1,T2,5,Maio,Mai,2024-05,mai/24,202405,30,4,Quinta-feira,Qui,22,0,Corpus Christi,0,1,Realizado,2024-05-01
2024-05-31,2024,S1,T2,5,Maio,Mai,2024-05,mai/24,202405,31,5,Sexta-feira,Sex,22,0,,1,1,Realizado,2024-05-01
2024-06-01,2024,S1,T2,6,Junho,Jun,2024-06,jun/24,202406,1,6,Sábado,Sáb,22,1,,0,1,Realizado,2024-06-01
2024-06-02,2024,S1,T2,6,Junho,Jun,2024-06,jun/24,202406,2,7,Domingo,Dom,22,1,,0,1,Realizado,2024-06-01
2024-06-03,2024,S1,T2,6,Junho,Jun,2024-06,jun/24,202406,3,1,Segunda-feira,Seg,23,0,,1,1,Realizado,2024-06-01
2024-06-04,2024,S1,T2,6,Junho,Jun,2024-06,jun/24,202406,4,2,Terça-feira,Ter,23,0,,1,1,Realizado,2024-06-01
2024-06-05,2024,S1,T2,6,Junho,Jun,2024-06,jun/24,202406,5,3,Quarta-feira,Qua,23,0,,1,1,Realizado,2024-06-01
2024-06-06,2024,S1,T2,6,Junho,Jun,2024-06,jun/24,202406,6,4,Quinta-feira,Qui,23,0,,1,1,Realizado,2024-06-01
2024-06-07,2024,S1,T2,6,Junho,Jun,2024-06,jun/24,202406,7,5,Sexta-feira,Sex,23,0,,1,1,Realizado,2024-06-01
2024-06-08,2024,S1,T2,6,Junho,Jun,2024-06,jun/24,202406,8,6,Sábado,Sáb,23,1,,0,1,Realizado,2024-06-01
2024-06-09,2024,S1,T2,6,Junho,Jun,2024-06,jun/24,202406,9,7,Domingo,Dom,23,1,,0,1,Realizado,2024-06-01
2024-06-10,2024,S1,T2,6,Junho,Jun,2024-06,jun/24,202406,10,1,Segunda-feira,Seg,24,0,,1,1,Realizado,2024-06-01
2024-06-11,2024,S1,T2,6,Junho,Jun,2024-06,jun/24,202406,11,2,Terça-feira,Ter,24,0,,1,1,Realizado,2024-06-01
2024-06-12,2024,S1,T2,6,Junho,Jun,2024-06,jun/24,202406,12,3,Quarta-feira,Qua,24,0,,1,1,Realizado,2024-06-01
2024-06-13,2024,S1,T2,6,Junho,Jun,2024-06,jun/24,202406,13,4,Quinta-feira,Qui,24,0,,1,1,Realizado,2024-06-01
2024-06-14,2024,S1,T2,6,Junho,Jun,2024-06,jun/24,202406,14,5,Sexta-feira,Sex,24,0,,1,1,Realizado,2024-06-01
2024-06-15,2024,S1,T2,6,Junho,Jun,2024-06,jun/24,202406,15,6,Sábado,Sáb,24,1,,0,1,Realizado,2024-06-01
2024-06-16,2024,S1,T2,6,Junho,Jun,2024-06,jun/24,202406,16,7,Domingo,Dom,24,1,,0,1,Realizado,2024-06-01
2024-06-17,2024,S1,T2,6,Junho,Jun,2024-06,jun/24,202406,17,1,Segunda-feira,Seg,25,0,,1,1,Realizado,2024-06-01
2024-06-18,2024,S1,T2,6,Junho,Jun,2024-06,jun/24,202406,18,2,Terça-feira,Ter,25,0,,1,1,Realizado,2024-06-01
2024-06-19,2024,S1,T2,6,Junho,Jun,2024-06,jun/24,202406,19,3,Quarta-feira,Qua,25,0,,1,1,Realizado,2024-06-01
2024-06-20,2024,S1,T2,6,Junho,Jun,2024-06,jun/24,202406,20,4,Quinta-feira,Qui,25,0,,1,1,Realizado,2024-06-01
2024-06-21,2024,S1,T2,6,Junho,Jun,2024-06,jun/24,202406,21,5,Sexta-feira,Sex,25,0,,1,1,Realizado,2024-06-01
2024-06-22,2024,S1,T2,6,Junho,Jun,2024-06,jun/24,202406,22,6,Sábado,Sáb,25,1,,0,1,Realizado,2024-06-01
2024-06-23,2024,S1,T2,6,Junho,Jun,2024-06,jun/24,202406,23,7,Domingo,Dom,25,1,,0,1,Realizado,2024-06-01
2024-06-24,2024,S1,T2,6,Junho,Jun,2024-06,jun/24,202406,24,1,Segunda-feira,Seg,26,0,,1,1,Realizado,2024-06-01
2024-06-25,2024,S1,T2,6,Junho,Jun,2024-06,jun/24,202406,25,2,Terça-feira,Ter,26,0,,1,1,Realizado,2024-06-01
2024-06-26,2024,S1,T2,6,Junho,Jun,2024-06,jun/24,202406,26,3,Quarta-feira,Qua,26,0,,1,1,Realizado,2024-06-01
2024-06-27,2024,S1,T2,6,Junho,Jun,2024-06,jun/24,202406,27,4,Quinta-feira,Qui,26,0,,1,1,Realizado,2024-06-01
2024-06-28,2024,S1,T2,6,Junho,Jun,2024-06,jun/24,202406,28,5,Sexta-feira,Sex,26,0,,1,1,Realizado,2024-06-01
2024-06-29,2024,S1,T2,6,Junho,Jun,2024-06,jun/24,202406,29,6,Sábado,Sáb,26,1,,0,1,Realizado,2024-06-01
2024-06-30,2024,S1,T2,6,Junho,Jun,2024-06,jun/24,202406,30,7,Domingo,Dom,26,1,,0,1,Realizado,2024-06-01
2024-07-01,2024,S2,T3,7,Julho,Jul,2024-07,jul/24,202407,1,1,Segunda-feira,Seg,27,0,,1,1,Realizado,2024-07-01
2024-07-02,2024,S2,T3,7,Julho,Jul,2024-07,jul/24,202407,2,2,Terça-feira,Ter,27,0,,1,1,Realizado,2024-07-01
2024-07-03,2024,S2,T3,7,Julho,Jul,2024-07,jul/24,202407,3,3,Quarta-feira,Qua,27,0,,1,1,Realizado,2024-07-01
2024-07-04,2024,S2,T3,7,Julho,Jul,2024-07,jul/24,202407,4,4,Quinta-feira,Qui,27,0,,1,1,Realizado,2024-07-01
2024-07-05,2024,S2,T3,7,Julho,Jul,2024-07,jul/24,202407,5,5,Sexta-feira,Sex,27,0,,1,1,Realizado,2024-07-01
2024-07-06,2024,S2,T3,7,Julho,Jul,2024-07,jul/24,202407,6,6,Sábado,Sáb,27,1,,0,1,Realizado,2024-07-01
2024-07-07,2024,S2,T3,7,Julho,Jul,2024-07,jul/24,202407,7,7,Domingo,Dom,27,1,,0,1,Realizado,2024-07-01
2024-07-08,2024,S2,T3,7,Julho,Jul,2024-07,jul/24,202407,8,1,Segunda-feira,Seg,28,0,,1,1,Realizado,2024-07-01
2024-07-09,2024,S2,T3,7,Julho,Jul,2024-07,jul/24,202407,9,2,Terça-feira,Ter,28,0,,1,1,Realizado,2024-07-01
2024-07-10,2024,S2,T3,7,Julho,Jul,2024-07,jul/24,202407,10,3,Quarta-feira,Qua,28,0,,1,1,Realizado,2024-07-01
2024-07-11,2024,S2,T3,7,Julho,Jul,2024-07,jul/24,202407,11,4,Quinta-feira,Qui,28,0,,1,1,Realizado,2024-07-01
2024-07-12,2024,S2,T3,7,Julho,Jul,2024-07,jul/24,202407,12,5,Sexta-feira,Sex,28,0,,1,1,Realizado,2024-07-01
2024-07-13,2024,S2,T3,7,Julho,Jul,2024-07,jul/24,202407,13,6,Sábado,Sáb,28,1,,0,1,Realizado,2024-07-01
2024-07-14,2024,S2,T3,7,Julho,Jul,2024-07,jul/24,202407,14,7,Domingo,Dom,28,1,,0,1,Realizado,2024-07-01
2024-07-15,2024,S2,T3,7,Julho,Jul,2024-07,jul/24,202407,15,1,Segunda-feira,Seg,29,0,,1,1,Realizado,2024-07-01
2024-07-16,2024,S2,T3,7,Julho,Jul,2024-07,jul/24,202407,16,2,Terça-feira,Ter,29,0,,1,1,Realizado,2024-07-01
2024-07-17,2024,S2,T3,7,Julho,Jul,2024-07,jul/24,202407,17,3,Quarta-feira,Qua,29,0,,1,1,Realizado,2024-07-01
2024-07-18,2024,S2,T3,7,Julho,Jul,2024-07,jul/24,202407,18,4,Quinta-feira,Qui,29,0,,1,1,Realizado,2024-07-01
2024-07-19,2024,S2,T3,7,Julho,Jul,2024-07,jul/24,202407,19,5,Sexta-feira,Sex,29,0,,1,1,Realizado,2024-07-01
2024-07-20,2024,S2,T3,7,Julho,Jul,2024-07,jul/24,202407,20,6,Sábado,Sáb,29,1,,0,1,Realizado,2024-07-01
2024-07-21,2024,S2,T3,7,Julho,Jul,2024-07,jul/24,202407,21,7,Domingo,Dom,29,1,,0,1,Realizado,2024-07-01
2024-07-22,2024,S2,T3,7,Julho,Jul,2024-07,jul/24,202407,22,1,Segunda-feira,Seg,30,0,,1,1,Realizado,2024-07-01
2024-07-23,2024,S2,T3,7,Julho,Jul,2024-07,jul/24,202407,23,2,Terça-feira,Ter,30,0,,1,1,Realizado,2024-07-01
2024-07-24,2024,S2,T3,7,Julho,Jul,2024-07,jul/24,202407,24,3,Quarta-feira,Qua,30,0,,1,1,Realizado,2024-07-01
2024-07-25,2024,S2,T3,7,Julho,Jul,2024-07,jul/24,202407,25,4,Quinta-feira,Qui,30,0,,1,1,Realizado,2024-07-01
2024-07-26,2024,S2,T3,7,Julho,Jul,2024-07,jul/24,202407,26,5,Sexta-feira,Sex,30,0,,1,1,Realizado,2024-07-01
2024-07-27,2024,S2,T3,7,Julho,Jul,2024-07,jul/24,202407,27,6,Sábado,Sáb,30,1,,0,1,Realizado,2024-07-01
2024-07-28,2024,S2,T3,7,Julho,Jul,2024-07,jul/24,202407,28,7,Domingo,Dom,30,1,,0,1,Realizado,2024-07-01
2024-07-29,2024,S2,T3,7,Julho,Jul,2024-07,jul/24,202407,29,1,Segunda-feira,Seg,31,0,,1,1,Realizado,2024-07-01
2024-07-30,2024,S2,T3,7,Julho,Jul,2024-07,jul/24,202407,30,2,Terça-feira,Ter,31,0,,1,1,Realizado,2024-07-01
2024-07-31,2024,S2,T3,7,Julho,Jul,2024-07,jul/24,202407,31,3,Quarta-feira,Qua,31,0,,1,1,Realizado,2024-07-01
2024-08-01,2024,S2,T3,8,Agosto,Ago,2024-08,ago/24,202408,1,4,Quinta-feira,Qui,31,0,,1,1,Realizado,2024-08-01
2024-08-02,2024,S2,T3,8,Agosto,Ago,2024-08,ago/24,202408,2,5,Sexta-feira,Sex,31,0,,1,1,Realizado,2024-08-01
2024-08-03,2024,S2,T3,8,Agosto,Ago,2024-08,ago/24,202408,3,6,Sábado,Sáb,31,1,,0,1,Realizado,2024-08-01
2024-08-04,2024,S2,T3,8,Agosto,Ago,2024-08,ago/24,202408,4,7,Domingo,Dom,31,1,,0,1,Realizado,2024-08-01
2024-08-05,2024,S2,T3,8,Agosto,Ago,2024-08,ago/24,202408,5,1,Segunda-feira,Seg,32,0,,1,1,Realizado,2024-08-01
2024-08-06,2024,S2,T3,8,Agosto,Ago,2024-08,ago/24,202408,6,2,Terça-feira,Ter,32,0,,1,1,Realizado,2024-08-01
2024-08-07,2024,S2,T3,8,Agosto,Ago,2024-08,ago/24,202408,7,3,Quarta-feira,Qua,32,0,,1,1,Realizado,2024-08-01
2024-08-08,2024,S2,T3,8,Agosto,Ago,2024-08,ago/24,202408,8,4,Quinta-feira,Qui,32,0,,1,1,Realizado,2024-08-01
2024-08-09,2024,S2,T3,8,Agosto,Ago,2024-08,ago/24,202408,9,5,Sexta-feira,Sex,32,0,,1,1,Realizado,2024-08-01
2024-08-10,2024,S2,T3,8,Agosto,Ago,2024-08,ago/24,202408,10,6,Sábado,Sáb,32,1,,0,1,Realizado,2024-08-01
2024-08-11,2024,S2,T3,8,Agosto,Ago,2024-08,ago/24,202408,11,7,Domingo,Dom,32,1,,0,1,Realizado,2024-08-01
2024-08-12,2024,S2,T3,8,Agosto,Ago,2024-08,ago/24,202408,12,1,Segunda-feira,Seg,33,0,,1,1,Realizado,2024-08-01
2024-08-13,2024,S2,T3,8,Agosto,Ago,2024-08,ago/24,202408,13,2,Terça-feira,Ter,33,0,,1,1,Realizado,2024-08-01
2024-08-14,2024,S2,T3,8,Agosto,Ago,2024-08,ago/24,202408,14,3,Quarta-feira,Qua,33,0,,1,1,Realizado,2024-08-01
2024-08-15,2024,S2,T3,8,Agosto,Ago,2024-08,ago/24,202408,15,4,Quinta-feira,Qui,33,0,,1,1,Realizado,2024-08-01
2024-08-16,2024,S2,T3,8,Agosto,Ago,2024-08,ago/24,202408,16,5,Sexta-feira,Sex,33,0,,1,1,Realizado,2024-08-01
2024-08-17,2024,S2,T3,8,Agosto,Ago,2024-08,ago/24,202408,17,6,Sábado,Sáb,33,1,,0,1,Realizado,2024-08-01
2024-08-18,2024,S2,T3,8,Agosto,Ago,2024-08,ago/24,202408,18,7,Domingo,Dom,33,1,,0,1,Realizado,2024-08-01
2024-08-19,2024,S2,T3,8,Agosto,Ago,2024-08,ago/24,202408,19,1,Segunda-feira,Seg,34,0,,1,1,Realizado,2024-08-01
2024-08-20,2024,S2,T3,8,Agosto,Ago,2024-08,ago/24,202408,20,2,Terça-feira,Ter,34,0,,1,1,Realizado,2024-08-01
2024-08-21,2024,S2,T3,8,Agosto,Ago,2024-08,ago/24,202408,21,3,Quarta-feira,Qua,34,0,,1,1,Realizado,2024-08-01
2024-08-22,2024,S2,T3,8,Agosto,Ago,2024-08,ago/24,202408,22,4,Quinta-feira,Qui,34,0,,1,1,Realizado,2024-08-01
2024-08-23,2024,S2,T3,8,Agosto,Ago,2024-08,ago/24,202408,23,5,Sexta-feira,Sex,34,0,,1,1,Realizado,2024-08-01
2024-08-24,2024,S2,T3,8,Agosto,Ago,2024-08,ago/24,202408,24,6,Sábado,Sáb,34,1,,0,1,Realizado,2024-08-01
2024-08-25,2024,S2,T3,8,Agosto,Ago,2024-08,ago/24,202408,25,7,Domingo,Dom,34,1,,0,1,Realizado,2024-08-01
2024-08-26,2024,S2,T3,8,Agosto,Ago,2024-08,ago/24,202408,26,1,Segunda-feira,Seg,35,0,,1,1,Realizado,2024-08-01
2024-08-27,2024,S2,T3,8,Agosto,Ago,2024-08,ago/24,202408,27,2,Terça-feira,Ter,35,0,,1,1,Realizado,2024-08-01
2024-08-28,2024,S2,T3,8,Agosto,Ago,2024-08,ago/24,202408,28,3,Quarta-feira,Qua,35,0,,1,1,Realizado,2024-08-01
2024-08-29,2024,S2,T3,8,Agosto,Ago,2024-08,ago/24,202408,29,4,Quinta-feira,Qui,35,0,,1,1,Realizado,2024-08-01
2024-08-30,2024,S2,T3,8,Agosto,Ago,2024-08,ago/24,202408,30,5,Sexta-feira,Sex,35,0,,1,1,Realizado,2024-08-01
2024-08-31,2024,S2,T3,8,Agosto,Ago,2024-08,ago/24,202408,31,6,Sábado,Sáb,35,1,,0,1,Realizado,2024-08-01
2024-09-01,2024,S2,T3,9,Setembro,Set,2024-09,set/24,202409,1,7,Domingo,Dom,35,1,,0,1,Realizado,2024-09-01
2024-09-02,2024,S2,T3,9,Setembro,Set,2024-09,set/24,202409,2,1,Segunda-feira,Seg,36,0,,1,1,Realizado,2024-09-01
2024-09-03,2024,S2,T3,9,Setembro,Set,2024-09,set/24,202409,3,2,Terça-feira,Ter,36,0,,1,1,Realizado,2024-09-01
2024-09-04,2024,S2,T3,9,Setembro,Set,2024-09,set/24,202409,4,3,Quarta-feira,Qua,36,0,,1,1,Realizado,2024-09-01
2024-09-05,2024,S2,T3,9,Setembro,Set,2024-09,set/24,202409,5,4,Quinta-feira,Qui,36,0,,1,1,Realizado,2024-09-01
2024-09-06,2024,S2,T3,9,Setembro,Set,2024-09,set/24,202409,6,5,Sexta-feira,Sex,36,0,,1,1,Realizado,2024-09-01
2024-09-07,2024,S2,T3,9,Setembro,Set,2024-09,set/24,202409,7,6,Sábado,Sáb,36,1,Independência do Brasil,0,1,Realizado,2024-09-01
2024-09-08,2024,S2,T3,9,Setembro,Set,2024-09,set/24,202409,8,7,Domingo,Dom,36,1,,0,1,Realizado,2024-09-01
2024-09-09,2024,S2,T3,9,Setembro,Set,2024-09,set/24,202409,9,1,Segunda-feira,Seg,37,0,,1,1,Realizado,2024-09-01
2024-09-10,2024,S2,T3,9,Setembro,Set,2024-09,set/24,202409,10,2,Terça-feira,Ter,37,0,,1,1,Realizado,2024-09-01
2024-09-11,2024,S2,T3,9,Setembro,Set,2024-09,set/24,202409,11,3,Quarta-feira,Qua,37,0,,1,1,Realizado,2024-09-01
2024-09-12,2024,S2,T3,9,Setembro,Set,2024-09,set/24,202409,12,4,Quinta-feira,Qui,37,0,,1,1,Realizado,2024-09-01
2024-09-13,2024,S2,T3,9,Setembro,Set,2024-09,set/24,202409,13,5,Sexta-feira,Sex,37,0,,1,1,Realizado,2024-09-01
2024-09-14,2024,S2,T3,9,Setembro,Set,2024-09,set/24,202409,14,6,Sábado,Sáb,37,1,,0,1,Realizado,2024-09-01
2024-09-15,2024,S2,T3,9,Setembro,Set,2024-09,set/24,202409,15,7,Domingo,Dom,37,1,,0,1,Realizado,2024-09-01
2024-09-16,2024,S2,T3,9,Setembro,Set,2024-09,set/24,202409,16,1,Segunda-feira,Seg,38,0,,1,1,Realizado,2024-09-01
2024-09-17,2024,S2,T3,9,Setembro,Set,2024-09,set/24,202409,17,2,Terça-feira,Ter,38,0,,1,1,Realizado,2024-09-01
2024-09-18,2024,S2,T3,9,Setembro,Set,2024-09,set/24,202409,18,3,Quarta-feira,Qua,38,0,,1,1,Realizado,2024-09-01
2024-09-19,2024,S2,T3,9,Setembro,Set,2024-09,set/24,202409,19,4,Quinta-feira,Qui,38,0,,1,1,Realizado,2024-09-01
2024-09-20,2024,S2,T3,9,Setembro,Set,2024-09,set/24,202409,20,5,Sexta-feira,Sex,38,0,,1,1,Realizado,2024-09-01
2024-09-21,2024,S2,T3,9,Setembro,Set,2024-09,set/24,202409,21,6,Sábado,Sáb,38,1,,0,1,Realizado,2024-09-01
2024-09-22,2024,S2,T3,9,Setembro,Set,2024-09,set/24,202409,22,7,Domingo,Dom,38,1,,0,1,Realizado,2024-09-01
2024-09-23,2024,S2,T3,9,Setembro,Set,2024-09,set/24,202409,23,1,Segunda-feira,Seg,39,0,,1,1,Realizado,2024-09-01
2024-09-24,2024,S2,T3,9,Setembro,Set,2024-09,set/24,202409,24,2,Terça-feira,Ter,39,0,,1,1,Realizado,2024-09-01
2024-09-25,2024,S2,T3,9,Setembro,Set,2024-09,set/24,202409,25,3,Quarta-feira,Qua,39,0,,1,1,Realizado,2024-09-01
2024-09-26,2024,S2,T3,9,Setembro,Set,2024-09,set/24,202409,26,4,Quinta-feira,Qui,39,0,,1,1,Realizado,2024-09-01
2024-09-27,2024,S2,T3,9,Setembro,Set,2024-09,set/24,202409,27,5,Sexta-feira,Sex,39,0,,1,1,Realizado,2024-09-01
2024-09-28,2024,S2,T3,9,Setembro,Set,2024-09,set/24,202409,28,6,Sábado,Sáb,39,1,,0,1,Realizado,2024-09-01
2024-09-29,2024,S2,T3,9,Setembro,Set,2024-09,set/24,202409,29,7,Domingo,Dom,39,1,,0,1,Realizado,2024-09-01
2024-09-30,2024,S2,T3,9,Setembro,Set,2024-09,set/24,202409,30,1,Segunda-feira,Seg,40,0,,1,1,Realizado,2024-09-01
2024-10-01,2024,S2,T4,10,Outubro,Out,2024-10,out/24,202410,1,2,Terça-feira,Ter,40,0,,1,1,Realizado,2024-10-01
2024-10-02,2024,S2,T4,10,Outubro,Out,2024-10,out/24,202410,2,3,Quarta-feira,Qua,40,0,,1,1,Realizado,2024-10-01
2024-10-03,2024,S2,T4,10,Outubro,Out,2024-10,out/24,202410,3,4,Quinta-feira,Qui,40,0,,1,1,Realizado,2024-10-01
2024-10-04,2024,S2,T4,10,Outubro,Out,2024-10,out/24,202410,4,5,Sexta-feira,Sex,40,0,,1,1,Realizado,2024-10-01
2024-10-05,2024,S2,T4,10,Outubro,Out,2024-10,out/24,202410,5,6,Sábado,Sáb,40,1,,0,1,Realizado,2024-10-01
2024-10-06,2024,S2,T4,10,Outubro,Out,2024-10,out/24,202410,6,7,Domingo,Dom,40,1,,0,1,Realizado,2024-10-01
2024-10-07,2024,S2,T4,10,Outubro,Out,2024-10,out/24,202410,7,1,Segunda-feira,Seg,41,0,,1,1,Realizado,2024-10-01
2024-10-08,2024,S2,T4,10,Outubro,Out,2024-10,out/24,202410,8,2,Terça-feira,Ter,41,0,,1,1,Realizado,2024-10-01
2024-10-09,2024,S2,T4,10,Outubro,Out,2024-10,out/24,202410,9,3,Quarta-feira,Qua,41,0,,1,1,Realizado,2024-10-01
2024-10-10,2024,S2,T4,10,Outubro,Out,2024-10,out/24,202410,10,4,Quinta-feira,Qui,41,0,,1,1,Realizado,2024-10-01
2024-10-11,2024,S2,T4,10,Outubro,Out,2024-10,out/24,202410,11,5,Sexta-feira,Sex,41,0,,1,1,Realizado,2024-10-01
2024-10-12,2024,S2,T4,10,Outubro,Out,2024-10,out/24,202410,12,6,Sábado,Sáb,41,1,Nossa Senhora Aparecida,0,1,Realizado,2024-10-01
2024-10-13,2024,S2,T4,10,Outubro,Out,2024-10,out/24,202410,13,7,Domingo,Dom,41,1,,0,1,Realizado,2024-10-01
2024-10-14,2024,S2,T4,10,Outubro,Out,2024-10,out/24,202410,14,1,Segunda-feira,Seg,42,0,,1,1,Realizado,2024-10-01
2024-10-15,2024,S2,T4,10,Outubro,Out,2024-10,out/24,202410,15,2,Terça-feira,Ter,42,0,,1,1,Realizado,2024-10-01
2024-10-16,2024,S2,T4,10,Outubro,Out,2024-10,out/24,202410,16,3,Quarta-feira,Qua,42,0,,1,1,Realizado,2024-10-01
2024-10-17,2024,S2,T4,10,Outubro,Out,2024-10,out/24,202410,17,4,Quinta-feira,Qui,42,0,,1,1,Realizado,2024-10-01
2024-10-18,2024,S2,T4,10,Outubro,Out,2024-10,out/24,202410,18,5,Sexta-feira,Sex,42,0,,1,1,Realizado,2024-10-01
2024-10-19,2024,S2,T4,10,Outubro,Out,2024-10,out/24,202410,19,6,Sábado,Sáb,42,1,,0,1,Realizado,2024-10-01
2024-10-20,2024,S2,T4,10,Outubro,Out,2024-10,out/24,202410,20,7,Domingo,Dom,42,1,,0,1,Realizado,2024-10-01
2024-10-21,2024,S2,T4,10,Outubro,Out,2024-10,out/24,202410,21,1,Segunda-feira,Seg,43,0,,1,1,Realizado,2024-10-01
2024-10-22,2024,S2,T4,10,Outubro,Out,2024-10,out/24,202410,22,2,Terça-feira,Ter,43,0,,1,1,Realizado,2024-10-01
2024-10-23,2024,S2,T4,10,Outubro,Out,2024-10,out/24,202410,23,3,Quarta-feira,Qua,43,0,,1,1,Realizado,2024-10-01
2024-10-24,2024,S2,T4,10,Outubro,Out,2024-10,out/24,202410,24,4,Quinta-feira,Qui,43,0,,1,1,Realizado,2024-10-01
2024-10-25,2024,S2,T4,10,Outubro,Out,2024-10,out/24,202410,25,5,Sexta-feira,Sex,43,0,,1,1,Realizado,2024-10-01
2024-10-26,2024,S2,T4,10,Outubro,Out,2024-10,out/24,202410,26,6,Sábado,Sáb,43,1,,0,1,Realizado,2024-10-01
2024-10-27,2024,S2,T4,10,Outubro,Out,2024-10,out/24,202410,27,7,Domingo,Dom,43,1,,0,1,Realizado,2024-10-01
2024-10-28,2024,S2,T4,10,Outubro,Out,2024-10,out/24,202410,28,1,Segunda-feira,Seg,44,0,,1,1,Realizado,2024-10-01
2024-10-29,2024,S2,T4,10,Outubro,Out,2024-10,out/24,202410,29,2,Terça-feira,Ter,44,0,,1,1,Realizado,2024-10-01
2024-10-30,2024,S2,T4,10,Outubro,Out,2024-10,out/24,202410,30,3,Quarta-feira,Qua,44,0,,1,1,Realizado,2024-10-01
2024-10-31,2024,S2,T4,10,Outubro,Out,2024-10,out/24,202410,31,4,Quinta-feira,Qui,44,0,,1,1,Realizado,2024-10-01
2024-11-01,2024,S2,T4,11,Novembro,Nov,2024-11,nov/24,202411,1,5,Sexta-feira,Sex,44,0,,1,1,Realizado,2024-11-01
2024-11-02,2024,S2,T4,11,Novembro,Nov,2024-11,nov/24,202411,2,6,Sábado,Sáb,44,1,Finados,0,1,Realizado,2024-11-01
2024-11-03,2024,S2,T4,11,Novembro,Nov,2024-11,nov/24,202411,3,7,Domingo,Dom,44,1,,0,1,Realizado,2024-11-01
2024-11-04,2024,S2,T4,11,Novembro,Nov,2024-11,nov/24,202411,4,1,Segunda-feira,Seg,45,0,,1,1,Realizado,2024-11-01
2024-11-05,2024,S2,T4,11,Novembro,Nov,2024-11,nov/24,202411,5,2,Terça-feira,Ter,45,0,,1,1,Realizado,2024-11-01
2024-11-06,2024,S2,T4,11,Novembro,Nov,2024-11,nov/24,202411,6,3,Quarta-feira,Qua,45,0,,1,1,Realizado,2024-11-01
2024-11-07,2024,S2,T4,11,Novembro,Nov,2024-11,nov/24,202411,7,4,Quinta-feira,Qui,45,0,,1,1,Realizado,2024-11-01
2024-11-08,2024,S2,T4,11,Novembro,Nov,2024-11,nov/24,202411,8,5,Sexta-feira,Sex,45,0,,1,1,Realizado,2024-11-01
2024-11-09,2024,S2,T4,11,Novembro,Nov,2024-11,nov/24,202411,9,6,Sábado,Sáb,45,1,,0,1,Realizado,2024-11-01
2024-11-10,2024,S2,T4,11,Novembro,Nov,2024-11,nov/24,202411,10,7,Domingo,Dom,45,1,,0,1,Realizado,2024-11-01
2024-11-11,2024,S2,T4,11,Novembro,Nov,2024-11,nov/24,202411,11,1,Segunda-feira,Seg,46,0,,1,1,Realizado,2024-11-01
2024-11-12,2024,S2,T4,11,Novembro,Nov,2024-11,nov/24,202411,12,2,Terça-feira,Ter,46,0,,1,1,Realizado,2024-11-01
2024-11-13,2024,S2,T4,11,Novembro,Nov,2024-11,nov/24,202411,13,3,Quarta-feira,Qua,46,0,,1,1,Realizado,2024-11-01
2024-11-14,2024,S2,T4,11,Novembro,Nov,2024-11,nov/24,202411,14,4,Quinta-feira,Qui,46,0,,1,1,Realizado,2024-11-01
2024-11-15,2024,S2,T4,11,Novembro,Nov,2024-11,nov/24,202411,15,5,Sexta-feira,Sex,46,0,Proclamação da República,0,1,Realizado,2024-11-01
2024-11-16,2024,S2,T4,11,Novembro,Nov,2024-11,nov/24,202411,16,6,Sábado,Sáb,46,1,,0,1,Realizado,2024-11-01
2024-11-17,2024,S2,T4,11,Novembro,Nov,2024-11,nov/24,202411,17,7,Domingo,Dom,46,1,,0,1,Realizado,2024-11-01
2024-11-18,2024,S2,T4,11,Novembro,Nov,2024-11,nov/24,202411,18,1,Segunda-feira,Seg,47,0,,1,1,Realizado,2024-11-01
2024-11-19,2024,S2,T4,11,Novembro,Nov,2024-11,nov/24,202411,19,2,Terça-feira,Ter,47,0,,1,1,Realizado,2024-11-01
2024-11-20,2024,S2,T4,11,Novembro,Nov,2024-11,nov/24,202411,20,3,Quarta-feira,Qua,47,0,Consciência Negra,0,1,Realizado,2024-11-01
2024-11-21,2024,S2,T4,11,Novembro,Nov,2024-11,nov/24,202411,21,4,Quinta-feira,Qui,47,0,,1,1,Realizado,2024-11-01
2024-11-22,2024,S2,T4,11,Novembro,Nov,2024-11,nov/24,202411,22,5,Sexta-feira,Sex,47,0,,1,1,Realizado,2024-11-01
2024-11-23,2024,S2,T4,11,Novembro,Nov,2024-11,nov/24,202411,23,6,Sábado,Sáb,47,1,,0,1,Realizado,2024-11-01
2024-11-24,2024,S2,T4,11,Novembro,Nov,2024-11,nov/24,202411,24,7,Domingo,Dom,47,1,,0,1,Realizado,2024-11-01
2024-11-25,2024,S2,T4,11,Novembro,Nov,2024-11,nov/24,202411,25,1,Segunda-feira,Seg,48,0,,1,1,Realizado,2024-11-01
2024-11-26,2024,S2,T4,11,Novembro,Nov,2024-11,nov/24,202411,26,2,Terça-feira,Ter,48,0,,1,1,Realizado,2024-11-01
2024-11-27,2024,S2,T4,11,Novembro,Nov,2024-11,nov/24,202411,27,3,Quarta-feira,Qua,48,0,,1,1,Realizado,2024-11-01
2024-11-28,2024,S2,T4,11,Novembro,Nov,2024-11,nov/24,202411,28,4,Quinta-feira,Qui,48,0,,1,1,Realizado,2024-11-01
2024-11-29,2024,S2,T4,11,Novembro,Nov,2024-11,nov/24,202411,29,5,Sexta-feira,Sex,48,0,,1,1,Realizado,2024-11-01
2024-11-30,2024,S2,T4,11,Novembro,Nov,2024-11,nov/24,202411,30,6,Sábado,Sáb,48,1,,0,1,Realizado,2024-11-01
2024-12-01,2024,S2,T4,12,Dezembro,Dez,2024-12,dez/24,202412,1,7,Domingo,Dom,48,1,,0,1,Realizado,2024-12-01
2024-12-02,2024,S2,T4,12,Dezembro,Dez,2024-12,dez/24,202412,2,1,Segunda-feira,Seg,49,0,,1,1,Realizado,2024-12-01
2024-12-03,2024,S2,T4,12,Dezembro,Dez,2024-12,dez/24,202412,3,2,Terça-feira,Ter,49,0,,1,1,Realizado,2024-12-01
2024-12-04,2024,S2,T4,12,Dezembro,Dez,2024-12,dez/24,202412,4,3,Quarta-feira,Qua,49,0,,1,1,Realizado,2024-12-01
2024-12-05,2024,S2,T4,12,Dezembro,Dez,2024-12,dez/24,202412,5,4,Quinta-feira,Qui,49,0,,1,1,Realizado,2024-12-01
2024-12-06,2024,S2,T4,12,Dezembro,Dez,2024-12,dez/24,202412,6,5,Sexta-feira,Sex,49,0,,1,1,Realizado,2024-12-01
2024-12-07,2024,S2,T4,12,Dezembro,Dez,2024-12,dez/24,202412,7,6,Sábado,Sáb,49,1,,0,1,Realizado,2024-12-01
2024-12-08,2024,S2,T4,12,Dezembro,Dez,2024-12,dez/24,202412,8,7,Domingo,Dom,49,1,,0,1,Realizado,2024-12-01
2024-12-09,2024,S2,T4,12,Dezembro,Dez,2024-12,dez/24,202412,9,1,Segunda-feira,Seg,50,0,,1,1,Realizado,2024-12-01
2024-12-10,2024,S2,T4,12,Dezembro,Dez,2024-12,dez/24,202412,10,2,Terça-feira,Ter,50,0,,1,1,Realizado,2024-12-01
2024-12-11,2024,S2,T4,12,Dezembro,Dez,2024-12,dez/24,202412,11,3,Quarta-feira,Qua,50,0,,1,1,Realizado,2024-12-01
2024-12-12,2024,S2,T4,12,Dezembro,Dez,2024-12,dez/24,202412,12,4,Quinta-feira,Qui,50,0,,1,1,Realizado,2024-12-01
2024-12-13,2024,S2,T4,12,Dezembro,Dez,2024-12,dez/24,202412,13,5,Sexta-feira,Sex,50,0,,1,1,Realizado,2024-12-01
2024-12-14,2024,S2,T4,12,Dezembro,Dez,2024-12,dez/24,202412,14,6,Sábado,Sáb,50,1,,0,1,Realizado,2024-12-01
2024-12-15,2024,S2,T4,12,Dezembro,Dez,2024-12,dez/24,202412,15,7,Domingo,Dom,50,1,,0,1,Realizado,2024-12-01
2024-12-16,2024,S2,T4,12,Dezembro,Dez,2024-12,dez/24,202412,16,1,Segunda-feira,Seg,51,0,,1,1,Realizado,2024-12-01
2024-12-17,2024,S2,T4,12,Dezembro,Dez,2024-12,dez/24,202412,17,2,Terça-feira,Ter,51,0,,1,1,Realizado,2024-12-01
2024-12-18,2024,S2,T4,12,Dezembro,Dez,2024-12,dez/24,202412,18,3,Quarta-feira,Qua,51,0,,1,1,Realizado,2024-12-01
2024-12-19,2024,S2,T4,12,Dezembro,Dez,2024-12,dez/24,202412,19,4,Quinta-feira,Qui,51,0,,1,1,Realizado,2024-12-01
2024-12-20,2024,S2,T4,12,Dezembro,Dez,2024-12,dez/24,202412,20,5,Sexta-feira,Sex,51,0,,1,1,Realizado,2024-12-01
2024-12-21,2024,S2,T4,12,Dezembro,Dez,2024-12,dez/24,202412,21,6,Sábado,Sáb,51,1,,0,1,Realizado,2024-12-01
2024-12-22,2024,S2,T4,12,Dezembro,Dez,2024-12,dez/24,202412,22,7,Domingo,Dom,51,1,,0,1,Realizado,2024-12-01
2024-12-23,2024,S2,T4,12,Dezembro,Dez,2024-12,dez/24,202412,23,1,Segunda-feira,Seg,52,0,,1,1,Realizado,2024-12-01
2024-12-24,2024,S2,T4,12,Dezembro,Dez,2024-12,dez/24,202412,24,2,Terça-feira,Ter,52,0,,1,1,Realizado,2024-12-01
2024-12-25,2024,S2,T4,12,Dezembro,Dez,2024-12,dez/24,202412,25,3,Quarta-feira,Qua,52,0,Natal,0,1,Realizado,2024-12-01
2024-12-26,2024,S2,T4,12,Dezembro,Dez,2024-12,dez/24,202412,26,4,Quinta-feira,Qui,52,0,,1,1,Realizado,2024-12-01
2024-12-27,2024,S2,T4,12,Dezembro,Dez,2024-12,dez/24,202412,27,5,Sexta-feira,Sex,52,0,,1,1,Realizado,2024-12-01
2024-12-28,2024,S2,T4,12,Dezembro,Dez,2024-12,dez/24,202412,28,6,Sábado,Sáb,52,1,,0,1,Realizado,2024-12-01
2024-12-29,2024,S2,T4,12,Dezembro,Dez,2024-12,dez/24,202412,29,7,Domingo,Dom,52,1,,0,1,Realizado,2024-12-01
2024-12-30,2024,S2,T4,12,Dezembro,Dez,2024-12,dez/24,202412,30,1,Segunda-feira,Seg,1,0,,1,1,Realizado,2024-12-01
2024-12-31,2024,S2,T4,12,Dezembro,Dez,2024-12,dez/24,202412,31,2,Terça-feira,Ter,1,0,,1,1,Realizado,2024-12-01
2025-01-01,2025,S1,T1,1,Janeiro,Jan,2025-01,jan/25,202501,1,3,Quarta-feira,Qua,1,0,Confraternização Universal,0,1,Realizado,2025-01-01
2025-01-02,2025,S1,T1,1,Janeiro,Jan,2025-01,jan/25,202501,2,4,Quinta-feira,Qui,1,0,,1,1,Realizado,2025-01-01
2025-01-03,2025,S1,T1,1,Janeiro,Jan,2025-01,jan/25,202501,3,5,Sexta-feira,Sex,1,0,,1,1,Realizado,2025-01-01
2025-01-04,2025,S1,T1,1,Janeiro,Jan,2025-01,jan/25,202501,4,6,Sábado,Sáb,1,1,,0,1,Realizado,2025-01-01
2025-01-05,2025,S1,T1,1,Janeiro,Jan,2025-01,jan/25,202501,5,7,Domingo,Dom,1,1,,0,1,Realizado,2025-01-01
2025-01-06,2025,S1,T1,1,Janeiro,Jan,2025-01,jan/25,202501,6,1,Segunda-feira,Seg,2,0,,1,1,Realizado,2025-01-01
2025-01-07,2025,S1,T1,1,Janeiro,Jan,2025-01,jan/25,202501,7,2,Terça-feira,Ter,2,0,,1,1,Realizado,2025-01-01
2025-01-08,2025,S1,T1,1,Janeiro,Jan,2025-01,jan/25,202501,8,3,Quarta-feira,Qua,2,0,,1,1,Realizado,2025-01-01
2025-01-09,2025,S1,T1,1,Janeiro,Jan,2025-01,jan/25,202501,9,4,Quinta-feira,Qui,2,0,,1,1,Realizado,2025-01-01
2025-01-10,2025,S1,T1,1,Janeiro,Jan,2025-01,jan/25,202501,10,5,Sexta-feira,Sex,2,0,,1,1,Realizado,2025-01-01
2025-01-11,2025,S1,T1,1,Janeiro,Jan,2025-01,jan/25,202501,11,6,Sábado,Sáb,2,1,,0,1,Realizado,2025-01-01
2025-01-12,2025,S1,T1,1,Janeiro,Jan,2025-01,jan/25,202501,12,7,Domingo,Dom,2,1,,0,1,Realizado,2025-01-01
2025-01-13,2025,S1,T1,1,Janeiro,Jan,2025-01,jan/25,202501,13,1,Segunda-feira,Seg,3,0,,1,1,Realizado,2025-01-01
2025-01-14,2025,S1,T1,1,Janeiro,Jan,2025-01,jan/25,202501,14,2,Terça-feira,Ter,3,0,,1,1,Realizado,2025-01-01
2025-01-15,2025,S1,T1,1,Janeiro,Jan,2025-01,jan/25,202501,15,3,Quarta-feira,Qua,3,0,,1,1,Realizado,2025-01-01
2025-01-16,2025,S1,T1,1,Janeiro,Jan,2025-01,jan/25,202501,16,4,Quinta-feira,Qui,3,0,,1,1,Realizado,2025-01-01
2025-01-17,2025,S1,T1,1,Janeiro,Jan,2025-01,jan/25,202501,17,5,Sexta-feira,Sex,3,0,,1,1,Realizado,2025-01-01
2025-01-18,2025,S1,T1,1,Janeiro,Jan,2025-01,jan/25,202501,18,6,Sábado,Sáb,3,1,,0,1,Realizado,2025-01-01
2025-01-19,2025,S1,T1,1,Janeiro,Jan,2025-01,jan/25,202501,19,7,Domingo,Dom,3,1,,0,1,Realizado,2025-01-01
2025-01-20,2025,S1,T1,1,Janeiro,Jan,2025-01,jan/25,202501,20,1,Segunda-feira,Seg,4,0,,1,1,Realizado,2025-01-01
2025-01-21,2025,S1,T1,1,Janeiro,Jan,2025-01,jan/25,202501,21,2,Terça-feira,Ter,4,0,,1,1,Realizado,2025-01-01
2025-01-22,2025,S1,T1,1,Janeiro,Jan,2025-01,jan/25,202501,22,3,Quarta-feira,Qua,4,0,,1,1,Realizado,2025-01-01
2025-01-23,2025,S1,T1,1,Janeiro,Jan,2025-01,jan/25,202501,23,4,Quinta-feira,Qui,4,0,,1,1,Realizado,2025-01-01
2025-01-24,2025,S1,T1,1,Janeiro,Jan,2025-01,jan/25,202501,24,5,Sexta-feira,Sex,4,0,,1,1,Realizado,2025-01-01
2025-01-25,2025,S1,T1,1,Janeiro,Jan,2025-01,jan/25,202501,25,6,Sábado,Sáb,4,1,,0,1,Realizado,2025-01-01
2025-01-26,2025,S1,T1,1,Janeiro,Jan,2025-01,jan/25,202501,26,7,Domingo,Dom,4,1,,0,1,Realizado,2025-01-01
2025-01-27,2025,S1,T1,1,Janeiro,Jan,2025-01,jan/25,202501,27,1,Segunda-feira,Seg,5,0,,1,1,Realizado,2025-01-01
2025-01-28,2025,S1,T1,1,Janeiro,Jan,2025-01,jan/25,202501,28,2,Terça-feira,Ter,5,0,,1,1,Realizado,2025-01-01
2025-01-29,2025,S1,T1,1,Janeiro,Jan,2025-01,jan/25,202501,29,3,Quarta-feira,Qua,5,0,,1,1,Realizado,2025-01-01
2025-01-30,2025,S1,T1,1,Janeiro,Jan,2025-01,jan/25,202501,30,4,Quinta-feira,Qui,5,0,,1,1,Realizado,2025-01-01
2025-01-31,2025,S1,T1,1,Janeiro,Jan,2025-01,jan/25,202501,31,5,Sexta-feira,Sex,5,0,,1,1,Realizado,2025-01-01
2025-02-01,2025,S1,T1,2,Fevereiro,Fev,2025-02,fev/25,202502,1,6,Sábado,Sáb,5,1,,0,1,Realizado,2025-02-01
2025-02-02,2025,S1,T1,2,Fevereiro,Fev,2025-02,fev/25,202502,2,7,Domingo,Dom,5,1,,0,1,Realizado,2025-02-01
2025-02-03,2025,S1,T1,2,Fevereiro,Fev,2025-02,fev/25,202502,3,1,Segunda-feira,Seg,6,0,,1,1,Realizado,2025-02-01
2025-02-04,2025,S1,T1,2,Fevereiro,Fev,2025-02,fev/25,202502,4,2,Terça-feira,Ter,6,0,,1,1,Realizado,2025-02-01
2025-02-05,2025,S1,T1,2,Fevereiro,Fev,2025-02,fev/25,202502,5,3,Quarta-feira,Qua,6,0,,1,1,Realizado,2025-02-01
2025-02-06,2025,S1,T1,2,Fevereiro,Fev,2025-02,fev/25,202502,6,4,Quinta-feira,Qui,6,0,,1,1,Realizado,2025-02-01
2025-02-07,2025,S1,T1,2,Fevereiro,Fev,2025-02,fev/25,202502,7,5,Sexta-feira,Sex,6,0,,1,1,Realizado,2025-02-01
2025-02-08,2025,S1,T1,2,Fevereiro,Fev,2025-02,fev/25,202502,8,6,Sábado,Sáb,6,1,,0,1,Realizado,2025-02-01
2025-02-09,2025,S1,T1,2,Fevereiro,Fev,2025-02,fev/25,202502,9,7,Domingo,Dom,6,1,,0,1,Realizado,2025-02-01
2025-02-10,2025,S1,T1,2,Fevereiro,Fev,2025-02,fev/25,202502,10,1,Segunda-feira,Seg,7,0,,1,1,Realizado,2025-02-01
2025-02-11,2025,S1,T1,2,Fevereiro,Fev,2025-02,fev/25,202502,11,2,Terça-feira,Ter,7,0,,1,1,Realizado,2025-02-01
2025-02-12,2025,S1,T1,2,Fevereiro,Fev,2025-02,fev/25,202502,12,3,Quarta-feira,Qua,7,0,,1,1,Realizado,2025-02-01
2025-02-13,2025,S1,T1,2,Fevereiro,Fev,2025-02,fev/25,202502,13,4,Quinta-feira,Qui,7,0,,1,1,Realizado,2025-02-01
2025-02-14,2025,S1,T1,2,Fevereiro,Fev,2025-02,fev/25,202502,14,5,Sexta-feira,Sex,7,0,,1,1,Realizado,2025-02-01
2025-02-15,2025,S1,T1,2,Fevereiro,Fev,2025-02,fev/25,202502,15,6,Sábado,Sáb,7,1,,0,1,Realizado,2025-02-01
2025-02-16,2025,S1,T1,2,Fevereiro,Fev,2025-02,fev/25,202502,16,7,Domingo,Dom,7,1,,0,1,Realizado,2025-02-01
2025-02-17,2025,S1,T1,2,Fevereiro,Fev,2025-02,fev/25,202502,17,1,Segunda-feira,Seg,8,0,,1,1,Realizado,2025-02-01
2025-02-18,2025,S1,T1,2,Fevereiro,Fev,2025-02,fev/25,202502,18,2,Terça-feira,Ter,8,0,,1,1,Realizado,2025-02-01
2025-02-19,2025,S1,T1,2,Fevereiro,Fev,2025-02,fev/25,202502,19,3,Quarta-feira,Qua,8,0,,1,1,Realizado,2025-02-01
2025-02-20,2025,S1,T1,2,Fevereiro,Fev,2025-02,fev/25,202502,20,4,Quinta-feira,Qui,8,0,,1,1,Realizado,2025-02-01
2025-02-21,2025,S1,T1,2,Fevereiro,Fev,2025-02,fev/25,202502,21,5,Sexta-feira,Sex,8,0,,1,1,Realizado,2025-02-01
2025-02-22,2025,S1,T1,2,Fevereiro,Fev,2025-02,fev/25,202502,22,6,Sábado,Sáb,8,1,,0,1,Realizado,2025-02-01
2025-02-23,2025,S1,T1,2,Fevereiro,Fev,2025-02,fev/25,202502,23,7,Domingo,Dom,8,1,,0,1,Realizado,2025-02-01
2025-02-24,2025,S1,T1,2,Fevereiro,Fev,2025-02,fev/25,202502,24,1,Segunda-feira,Seg,9,0,,1,1,Realizado,2025-02-01
2025-02-25,2025,S1,T1,2,Fevereiro,Fev,2025-02,fev/25,202502,25,2,Terça-feira,Ter,9,0,,1,1,Realizado,2025-02-01
2025-02-26,2025,S1,T1,2,Fevereiro,Fev,2025-02,fev/25,202502,26,3,Quarta-feira,Qua,9,0,,1,1,Realizado,2025-02-01
2025-02-27,2025,S1,T1,2,Fevereiro,Fev,2025-02,fev/25,202502,27,4,Quinta-feira,Qui,9,0,,1,1,Realizado,2025-02-01
2025-02-28,2025,S1,T1,2,Fevereiro,Fev,2025-02,fev/25,202502,28,5,Sexta-feira,Sex,9,0,,1,1,Realizado,2025-02-01
2025-03-01,2025,S1,T1,3,Março,Mar,2025-03,mar/25,202503,1,6,Sábado,Sáb,9,1,,0,1,Realizado,2025-03-01
2025-03-02,2025,S1,T1,3,Março,Mar,2025-03,mar/25,202503,2,7,Domingo,Dom,9,1,,0,1,Realizado,2025-03-01
2025-03-03,2025,S1,T1,3,Março,Mar,2025-03,mar/25,202503,3,1,Segunda-feira,Seg,10,0,Carnaval,0,1,Realizado,2025-03-01
2025-03-04,2025,S1,T1,3,Março,Mar,2025-03,mar/25,202503,4,2,Terça-feira,Ter,10,0,Carnaval,0,1,Realizado,2025-03-01
2025-03-05,2025,S1,T1,3,Março,Mar,2025-03,mar/25,202503,5,3,Quarta-feira,Qua,10,0,,1,1,Realizado,2025-03-01
2025-03-06,2025,S1,T1,3,Março,Mar,2025-03,mar/25,202503,6,4,Quinta-feira,Qui,10,0,,1,1,Realizado,2025-03-01
2025-03-07,2025,S1,T1,3,Março,Mar,2025-03,mar/25,202503,7,5,Sexta-feira,Sex,10,0,,1,1,Realizado,2025-03-01
2025-03-08,2025,S1,T1,3,Março,Mar,2025-03,mar/25,202503,8,6,Sábado,Sáb,10,1,,0,1,Realizado,2025-03-01
2025-03-09,2025,S1,T1,3,Março,Mar,2025-03,mar/25,202503,9,7,Domingo,Dom,10,1,,0,1,Realizado,2025-03-01
2025-03-10,2025,S1,T1,3,Março,Mar,2025-03,mar/25,202503,10,1,Segunda-feira,Seg,11,0,,1,1,Realizado,2025-03-01
2025-03-11,2025,S1,T1,3,Março,Mar,2025-03,mar/25,202503,11,2,Terça-feira,Ter,11,0,,1,1,Realizado,2025-03-01
2025-03-12,2025,S1,T1,3,Março,Mar,2025-03,mar/25,202503,12,3,Quarta-feira,Qua,11,0,,1,1,Realizado,2025-03-01
2025-03-13,2025,S1,T1,3,Março,Mar,2025-03,mar/25,202503,13,4,Quinta-feira,Qui,11,0,,1,1,Realizado,2025-03-01
2025-03-14,2025,S1,T1,3,Março,Mar,2025-03,mar/25,202503,14,5,Sexta-feira,Sex,11,0,,1,1,Realizado,2025-03-01
2025-03-15,2025,S1,T1,3,Março,Mar,2025-03,mar/25,202503,15,6,Sábado,Sáb,11,1,,0,1,Realizado,2025-03-01
2025-03-16,2025,S1,T1,3,Março,Mar,2025-03,mar/25,202503,16,7,Domingo,Dom,11,1,,0,1,Realizado,2025-03-01
2025-03-17,2025,S1,T1,3,Março,Mar,2025-03,mar/25,202503,17,1,Segunda-feira,Seg,12,0,,1,1,Realizado,2025-03-01
2025-03-18,2025,S1,T1,3,Março,Mar,2025-03,mar/25,202503,18,2,Terça-feira,Ter,12,0,,1,1,Realizado,2025-03-01
2025-03-19,2025,S1,T1,3,Março,Mar,2025-03,mar/25,202503,19,3,Quarta-feira,Qua,12,0,,1,1,Realizado,2025-03-01
2025-03-20,2025,S1,T1,3,Março,Mar,2025-03,mar/25,202503,20,4,Quinta-feira,Qui,12,0,,1,1,Realizado,2025-03-01
2025-03-21,2025,S1,T1,3,Março,Mar,2025-03,mar/25,202503,21,5,Sexta-feira,Sex,12,0,,1,1,Realizado,2025-03-01
2025-03-22,2025,S1,T1,3,Março,Mar,2025-03,mar/25,202503,22,6,Sábado,Sáb,12,1,,0,1,Realizado,2025-03-01
2025-03-23,2025,S1,T1,3,Março,Mar,2025-03,mar/25,202503,23,7,Domingo,Dom,12,1,,0,1,Realizado,2025-03-01
2025-03-24,2025,S1,T1,3,Março,Mar,2025-03,mar/25,202503,24,1,Segunda-feira,Seg,13,0,,1,1,Realizado,2025-03-01
2025-03-25,2025,S1,T1,3,Março,Mar,2025-03,mar/25,202503,25,2,Terça-feira,Ter,13,0,,1,1,Realizado,2025-03-01
2025-03-26,2025,S1,T1,3,Março,Mar,2025-03,mar/25,202503,26,3,Quarta-feira,Qua,13,0,,1,1,Realizado,2025-03-01
2025-03-27,2025,S1,T1,3,Março,Mar,2025-03,mar/25,202503,27,4,Quinta-feira,Qui,13,0,,1,1,Realizado,2025-03-01
2025-03-28,2025,S1,T1,3,Março,Mar,2025-03,mar/25,202503,28,5,Sexta-feira,Sex,13,0,,1,1,Realizado,2025-03-01
2025-03-29,2025,S1,T1,3,Março,Mar,2025-03,mar/25,202503,29,6,Sábado,Sáb,13,1,,0,1,Realizado,2025-03-01
2025-03-30,2025,S1,T1,3,Março,Mar,2025-03,mar/25,202503,30,7,Domingo,Dom,13,1,,0,1,Realizado,2025-03-01
2025-03-31,2025,S1,T1,3,Março,Mar,2025-03,mar/25,202503,31,1,Segunda-feira,Seg,14,0,,1,1,Realizado,2025-03-01
2025-04-01,2025,S1,T2,4,Abril,Abr,2025-04,abr/25,202504,1,2,Terça-feira,Ter,14,0,,1,1,Realizado,2025-04-01
2025-04-02,2025,S1,T2,4,Abril,Abr,2025-04,abr/25,202504,2,3,Quarta-feira,Qua,14,0,,1,1,Realizado,2025-04-01
2025-04-03,2025,S1,T2,4,Abril,Abr,2025-04,abr/25,202504,3,4,Quinta-feira,Qui,14,0,,1,1,Realizado,2025-04-01
2025-04-04,2025,S1,T2,4,Abril,Abr,2025-04,abr/25,202504,4,5,Sexta-feira,Sex,14,0,,1,1,Realizado,2025-04-01
2025-04-05,2025,S1,T2,4,Abril,Abr,2025-04,abr/25,202504,5,6,Sábado,Sáb,14,1,,0,1,Realizado,2025-04-01
2025-04-06,2025,S1,T2,4,Abril,Abr,2025-04,abr/25,202504,6,7,Domingo,Dom,14,1,,0,1,Realizado,2025-04-01
2025-04-07,2025,S1,T2,4,Abril,Abr,2025-04,abr/25,202504,7,1,Segunda-feira,Seg,15,0,,1,1,Realizado,2025-04-01
2025-04-08,2025,S1,T2,4,Abril,Abr,2025-04,abr/25,202504,8,2,Terça-feira,Ter,15,0,,1,1,Realizado,2025-04-01
2025-04-09,2025,S1,T2,4,Abril,Abr,2025-04,abr/25,202504,9,3,Quarta-feira,Qua,15,0,,1,1,Realizado,2025-04-01
2025-04-10,2025,S1,T2,4,Abril,Abr,2025-04,abr/25,202504,10,4,Quinta-feira,Qui,15,0,,1,1,Realizado,2025-04-01
2025-04-11,2025,S1,T2,4,Abril,Abr,2025-04,abr/25,202504,11,5,Sexta-feira,Sex,15,0,,1,1,Realizado,2025-04-01
2025-04-12,2025,S1,T2,4,Abril,Abr,2025-04,abr/25,202504,12,6,Sábado,Sáb,15,1,,0,1,Realizado,2025-04-01
2025-04-13,2025,S1,T2,4,Abril,Abr,2025-04,abr/25,202504,13,7,Domingo,Dom,15,1,,0,1,Realizado,2025-04-01
2025-04-14,2025,S1,T2,4,Abril,Abr,2025-04,abr/25,202504,14,1,Segunda-feira,Seg,16,0,,1,1,Realizado,2025-04-01
2025-04-15,2025,S1,T2,4,Abril,Abr,2025-04,abr/25,202504,15,2,Terça-feira,Ter,16,0,,1,1,Realizado,2025-04-01
2025-04-16,2025,S1,T2,4,Abril,Abr,2025-04,abr/25,202504,16,3,Quarta-feira,Qua,16,0,,1,1,Realizado,2025-04-01
2025-04-17,2025,S1,T2,4,Abril,Abr,2025-04,abr/25,202504,17,4,Quinta-feira,Qui,16,0,,1,1,Realizado,2025-04-01
2025-04-18,2025,S1,T2,4,Abril,Abr,2025-04,abr/25,202504,18,5,Sexta-feira,Sex,16,0,Sexta-feira Santa,0,1,Realizado,2025-04-01
2025-04-19,2025,S1,T2,4,Abril,Abr,2025-04,abr/25,202504,19,6,Sábado,Sáb,16,1,,0,1,Realizado,2025-04-01
2025-04-20,2025,S1,T2,4,Abril,Abr,2025-04,abr/25,202504,20,7,Domingo,Dom,16,1,,0,1,Realizado,2025-04-01
2025-04-21,2025,S1,T2,4,Abril,Abr,2025-04,abr/25,202504,21,1,Segunda-feira,Seg,17,0,Tiradentes,0,1,Realizado,2025-04-01
2025-04-22,2025,S1,T2,4,Abril,Abr,2025-04,abr/25,202504,22,2,Terça-feira,Ter,17,0,,1,1,Realizado,2025-04-01
2025-04-23,2025,S1,T2,4,Abril,Abr,2025-04,abr/25,202504,23,3,Quarta-feira,Qua,17,0,,1,1,Realizado,2025-04-01
2025-04-24,2025,S1,T2,4,Abril,Abr,2025-04,abr/25,202504,24,4,Quinta-feira,Qui,17,0,,1,1,Realizado,2025-04-01
2025-04-25,2025,S1,T2,4,Abril,Abr,2025-04,abr/25,202504,25,5,Sexta-feira,Sex,17,0,,1,1,Realizado,2025-04-01
2025-04-26,2025,S1,T2,4,Abril,Abr,2025-04,abr/25,202504,26,6,Sábado,Sáb,17,1,,0,1,Realizado,2025-04-01
2025-04-27,2025,S1,T2,4,Abril,Abr,2025-04,abr/25,202504,27,7,Domingo,Dom,17,1,,0,1,Realizado,2025-04-01
2025-04-28,2025,S1,T2,4,Abril,Abr,2025-04,abr/25,202504,28,1,Segunda-feira,Seg,18,0,,1,1,Realizado,2025-04-01
2025-04-29,2025,S1,T2,4,Abril,Abr,2025-04,abr/25,202504,29,2,Terça-feira,Ter,18,0,,1,1,Realizado,2025-04-01
2025-04-30,2025,S1,T2,4,Abril,Abr,2025-04,abr/25,202504,30,3,Quarta-feira,Qua,18,0,,1,1,Realizado,2025-04-01
2025-05-01,2025,S1,T2,5,Maio,Mai,2025-05,mai/25,202505,1,4,Quinta-feira,Qui,18,0,Dia do Trabalho,0,1,Realizado,2025-05-01
2025-05-02,2025,S1,T2,5,Maio,Mai,2025-05,mai/25,202505,2,5,Sexta-feira,Sex,18,0,,1,1,Realizado,2025-05-01
2025-05-03,2025,S1,T2,5,Maio,Mai,2025-05,mai/25,202505,3,6,Sábado,Sáb,18,1,,0,1,Realizado,2025-05-01
2025-05-04,2025,S1,T2,5,Maio,Mai,2025-05,mai/25,202505,4,7,Domingo,Dom,18,1,,0,1,Realizado,2025-05-01
2025-05-05,2025,S1,T2,5,Maio,Mai,2025-05,mai/25,202505,5,1,Segunda-feira,Seg,19,0,,1,1,Realizado,2025-05-01
2025-05-06,2025,S1,T2,5,Maio,Mai,2025-05,mai/25,202505,6,2,Terça-feira,Ter,19,0,,1,1,Realizado,2025-05-01
2025-05-07,2025,S1,T2,5,Maio,Mai,2025-05,mai/25,202505,7,3,Quarta-feira,Qua,19,0,,1,1,Realizado,2025-05-01
2025-05-08,2025,S1,T2,5,Maio,Mai,2025-05,mai/25,202505,8,4,Quinta-feira,Qui,19,0,,1,1,Realizado,2025-05-01
2025-05-09,2025,S1,T2,5,Maio,Mai,2025-05,mai/25,202505,9,5,Sexta-feira,Sex,19,0,,1,1,Realizado,2025-05-01
2025-05-10,2025,S1,T2,5,Maio,Mai,2025-05,mai/25,202505,10,6,Sábado,Sáb,19,1,,0,1,Realizado,2025-05-01
2025-05-11,2025,S1,T2,5,Maio,Mai,2025-05,mai/25,202505,11,7,Domingo,Dom,19,1,,0,1,Realizado,2025-05-01
2025-05-12,2025,S1,T2,5,Maio,Mai,2025-05,mai/25,202505,12,1,Segunda-feira,Seg,20,0,,1,1,Realizado,2025-05-01
2025-05-13,2025,S1,T2,5,Maio,Mai,2025-05,mai/25,202505,13,2,Terça-feira,Ter,20,0,,1,1,Realizado,2025-05-01
2025-05-14,2025,S1,T2,5,Maio,Mai,2025-05,mai/25,202505,14,3,Quarta-feira,Qua,20,0,,1,1,Realizado,2025-05-01
2025-05-15,2025,S1,T2,5,Maio,Mai,2025-05,mai/25,202505,15,4,Quinta-feira,Qui,20,0,,1,1,Realizado,2025-05-01
2025-05-16,2025,S1,T2,5,Maio,Mai,2025-05,mai/25,202505,16,5,Sexta-feira,Sex,20,0,,1,1,Realizado,2025-05-01
2025-05-17,2025,S1,T2,5,Maio,Mai,2025-05,mai/25,202505,17,6,Sábado,Sáb,20,1,,0,1,Realizado,2025-05-01
2025-05-18,2025,S1,T2,5,Maio,Mai,2025-05,mai/25,202505,18,7,Domingo,Dom,20,1,,0,1,Realizado,2025-05-01
2025-05-19,2025,S1,T2,5,Maio,Mai,2025-05,mai/25,202505,19,1,Segunda-feira,Seg,21,0,,1,1,Realizado,2025-05-01
2025-05-20,2025,S1,T2,5,Maio,Mai,2025-05,mai/25,202505,20,2,Terça-feira,Ter,21,0,,1,1,Realizado,2025-05-01
2025-05-21,2025,S1,T2,5,Maio,Mai,2025-05,mai/25,202505,21,3,Quarta-feira,Qua,21,0,,1,1,Realizado,2025-05-01
2025-05-22,2025,S1,T2,5,Maio,Mai,2025-05,mai/25,202505,22,4,Quinta-feira,Qui,21,0,,1,1,Realizado,2025-05-01
2025-05-23,2025,S1,T2,5,Maio,Mai,2025-05,mai/25,202505,23,5,Sexta-feira,Sex,21,0,,1,1,Realizado,2025-05-01
2025-05-24,2025,S1,T2,5,Maio,Mai,2025-05,mai/25,202505,24,6,Sábado,Sáb,21,1,,0,1,Realizado,2025-05-01
2025-05-25,2025,S1,T2,5,Maio,Mai,2025-05,mai/25,202505,25,7,Domingo,Dom,21,1,,0,1,Realizado,2025-05-01
2025-05-26,2025,S1,T2,5,Maio,Mai,2025-05,mai/25,202505,26,1,Segunda-feira,Seg,22,0,,1,1,Realizado,2025-05-01
2025-05-27,2025,S1,T2,5,Maio,Mai,2025-05,mai/25,202505,27,2,Terça-feira,Ter,22,0,,1,1,Realizado,2025-05-01
2025-05-28,2025,S1,T2,5,Maio,Mai,2025-05,mai/25,202505,28,3,Quarta-feira,Qua,22,0,,1,1,Realizado,2025-05-01
2025-05-29,2025,S1,T2,5,Maio,Mai,2025-05,mai/25,202505,29,4,Quinta-feira,Qui,22,0,,1,1,Realizado,2025-05-01
2025-05-30,2025,S1,T2,5,Maio,Mai,2025-05,mai/25,202505,30,5,Sexta-feira,Sex,22,0,,1,1,Realizado,2025-05-01
2025-05-31,2025,S1,T2,5,Maio,Mai,2025-05,mai/25,202505,31,6,Sábado,Sáb,22,1,,0,1,Realizado,2025-05-01
2025-06-01,2025,S1,T2,6,Junho,Jun,2025-06,jun/25,202506,1,7,Domingo,Dom,22,1,,0,1,Realizado,2025-06-01
2025-06-02,2025,S1,T2,6,Junho,Jun,2025-06,jun/25,202506,2,1,Segunda-feira,Seg,23,0,,1,1,Realizado,2025-06-01
2025-06-03,2025,S1,T2,6,Junho,Jun,2025-06,jun/25,202506,3,2,Terça-feira,Ter,23,0,,1,1,Realizado,2025-06-01
2025-06-04,2025,S1,T2,6,Junho,Jun,2025-06,jun/25,202506,4,3,Quarta-feira,Qua,23,0,,1,1,Realizado,2025-06-01
2025-06-05,2025,S1,T2,6,Junho,Jun,2025-06,jun/25,202506,5,4,Quinta-feira,Qui,23,0,,1,1,Realizado,2025-06-01
2025-06-06,2025,S1,T2,6,Junho,Jun,2025-06,jun/25,202506,6,5,Sexta-feira,Sex,23,0,,1,1,Realizado,2025-06-01
2025-06-07,2025,S1,T2,6,Junho,Jun,2025-06,jun/25,202506,7,6,Sábado,Sáb,23,1,,0,1,Realizado,2025-06-01
2025-06-08,2025,S1,T2,6,Junho,Jun,2025-06,jun/25,202506,8,7,Domingo,Dom,23,1,,0,1,Realizado,2025-06-01
2025-06-09,2025,S1,T2,6,Junho,Jun,2025-06,jun/25,202506,9,1,Segunda-feira,Seg,24,0,,1,1,Realizado,2025-06-01
2025-06-10,2025,S1,T2,6,Junho,Jun,2025-06,jun/25,202506,10,2,Terça-feira,Ter,24,0,,1,1,Realizado,2025-06-01
2025-06-11,2025,S1,T2,6,Junho,Jun,2025-06,jun/25,202506,11,3,Quarta-feira,Qua,24,0,,1,1,Realizado,2025-06-01
2025-06-12,2025,S1,T2,6,Junho,Jun,2025-06,jun/25,202506,12,4,Quinta-feira,Qui,24,0,,1,1,Realizado,2025-06-01
2025-06-13,2025,S1,T2,6,Junho,Jun,2025-06,jun/25,202506,13,5,Sexta-feira,Sex,24,0,,1,1,Realizado,2025-06-01
2025-06-14,2025,S1,T2,6,Junho,Jun,2025-06,jun/25,202506,14,6,Sábado,Sáb,24,1,,0,1,Realizado,2025-06-01
2025-06-15,2025,S1,T2,6,Junho,Jun,2025-06,jun/25,202506,15,7,Domingo,Dom,24,1,,0,1,Realizado,2025-06-01
2025-06-16,2025,S1,T2,6,Junho,Jun,2025-06,jun/25,202506,16,1,Segunda-feira,Seg,25,0,,1,1,Realizado,2025-06-01
2025-06-17,2025,S1,T2,6,Junho,Jun,2025-06,jun/25,202506,17,2,Terça-feira,Ter,25,0,,1,1,Realizado,2025-06-01
2025-06-18,2025,S1,T2,6,Junho,Jun,2025-06,jun/25,202506,18,3,Quarta-feira,Qua,25,0,,1,1,Realizado,2025-06-01
2025-06-19,2025,S1,T2,6,Junho,Jun,2025-06,jun/25,202506,19,4,Quinta-feira,Qui,25,0,Corpus Christi,0,1,Realizado,2025-06-01
2025-06-20,2025,S1,T2,6,Junho,Jun,2025-06,jun/25,202506,20,5,Sexta-feira,Sex,25,0,,1,1,Realizado,2025-06-01
2025-06-21,2025,S1,T2,6,Junho,Jun,2025-06,jun/25,202506,21,6,Sábado,Sáb,25,1,,0,1,Realizado,2025-06-01
2025-06-22,2025,S1,T2,6,Junho,Jun,2025-06,jun/25,202506,22,7,Domingo,Dom,25,1,,0,1,Realizado,2025-06-01
2025-06-23,2025,S1,T2,6,Junho,Jun,2025-06,jun/25,202506,23,1,Segunda-feira,Seg,26,0,,1,1,Realizado,2025-06-01
2025-06-24,2025,S1,T2,6,Junho,Jun,2025-06,jun/25,202506,24,2,Terça-feira,Ter,26,0,,1,1,Realizado,2025-06-01
2025-06-25,2025,S1,T2,6,Junho,Jun,2025-06,jun/25,202506,25,3,Quarta-feira,Qua,26,0,,1,1,Realizado,2025-06-01
2025-06-26,2025,S1,T2,6,Junho,Jun,2025-06,jun/25,202506,26,4,Quinta-feira,Qui,26,0,,1,1,Realizado,2025-06-01
2025-06-27,2025,S1,T2,6,Junho,Jun,2025-06,jun/25,202506,27,5,Sexta-feira,Sex,26,0,,1,1,Realizado,2025-06-01
2025-06-28,2025,S1,T2,6,Junho,Jun,2025-06,jun/25,202506,28,6,Sábado,Sáb,26,1,,0,1,Realizado,2025-06-01
2025-06-29,2025,S1,T2,6,Junho,Jun,2025-06,jun/25,202506,29,7,Domingo,Dom,26,1,,0,1,Realizado,2025-06-01
2025-06-30,2025,S1,T2,6,Junho,Jun,2025-06,jun/25,202506,30,1,Segunda-feira,Seg,27,0,,1,1,Realizado,2025-06-01
2025-07-01,2025,S2,T3,7,Julho,Jul,2025-07,jul/25,202507,1,2,Terça-feira,Ter,27,0,,1,1,Realizado,2025-07-01
2025-07-02,2025,S2,T3,7,Julho,Jul,2025-07,jul/25,202507,2,3,Quarta-feira,Qua,27,0,,1,1,Realizado,2025-07-01
2025-07-03,2025,S2,T3,7,Julho,Jul,2025-07,jul/25,202507,3,4,Quinta-feira,Qui,27,0,,1,1,Realizado,2025-07-01
2025-07-04,2025,S2,T3,7,Julho,Jul,2025-07,jul/25,202507,4,5,Sexta-feira,Sex,27,0,,1,1,Realizado,2025-07-01
2025-07-05,2025,S2,T3,7,Julho,Jul,2025-07,jul/25,202507,5,6,Sábado,Sáb,27,1,,0,1,Realizado,2025-07-01
2025-07-06,2025,S2,T3,7,Julho,Jul,2025-07,jul/25,202507,6,7,Domingo,Dom,27,1,,0,1,Realizado,2025-07-01
2025-07-07,2025,S2,T3,7,Julho,Jul,2025-07,jul/25,202507,7,1,Segunda-feira,Seg,28,0,,1,1,Realizado,2025-07-01
2025-07-08,2025,S2,T3,7,Julho,Jul,2025-07,jul/25,202507,8,2,Terça-feira,Ter,28,0,,1,1,Realizado,2025-07-01
2025-07-09,2025,S2,T3,7,Julho,Jul,2025-07,jul/25,202507,9,3,Quarta-feira,Qua,28,0,,1,1,Realizado,2025-07-01
2025-07-10,2025,S2,T3,7,Julho,Jul,2025-07,jul/25,202507,10,4,Quinta-feira,Qui,28,0,,1,1,Realizado,2025-07-01
2025-07-11,2025,S2,T3,7,Julho,Jul,2025-07,jul/25,202507,11,5,Sexta-feira,Sex,28,0,,1,1,Realizado,2025-07-01
2025-07-12,2025,S2,T3,7,Julho,Jul,2025-07,jul/25,202507,12,6,Sábado,Sáb,28,1,,0,1,Realizado,2025-07-01
2025-07-13,2025,S2,T3,7,Julho,Jul,2025-07,jul/25,202507,13,7,Domingo,Dom,28,1,,0,1,Realizado,2025-07-01
2025-07-14,2025,S2,T3,7,Julho,Jul,2025-07,jul/25,202507,14,1,Segunda-feira,Seg,29,0,,1,1,Realizado,2025-07-01
2025-07-15,2025,S2,T3,7,Julho,Jul,2025-07,jul/25,202507,15,2,Terça-feira,Ter,29,0,,1,1,Realizado,2025-07-01
2025-07-16,2025,S2,T3,7,Julho,Jul,2025-07,jul/25,202507,16,3,Quarta-feira,Qua,29,0,,1,1,Realizado,2025-07-01
2025-07-17,2025,S2,T3,7,Julho,Jul,2025-07,jul/25,202507,17,4,Quinta-feira,Qui,29,0,,1,1,Realizado,2025-07-01
2025-07-18,2025,S2,T3,7,Julho,Jul,2025-07,jul/25,202507,18,5,Sexta-feira,Sex,29,0,,1,1,Realizado,2025-07-01
2025-07-19,2025,S2,T3,7,Julho,Jul,2025-07,jul/25,202507,19,6,Sábado,Sáb,29,1,,0,1,Realizado,2025-07-01
2025-07-20,2025,S2,T3,7,Julho,Jul,2025-07,jul/25,202507,20,7,Domingo,Dom,29,1,,0,1,Realizado,2025-07-01
2025-07-21,2025,S2,T3,7,Julho,Jul,2025-07,jul/25,202507,21,1,Segunda-feira,Seg,30,0,,1,1,Realizado,2025-07-01
2025-07-22,2025,S2,T3,7,Julho,Jul,2025-07,jul/25,202507,22,2,Terça-feira,Ter,30,0,,1,1,Realizado,2025-07-01
2025-07-23,2025,S2,T3,7,Julho,Jul,2025-07,jul/25,202507,23,3,Quarta-feira,Qua,30,0,,1,1,Realizado,2025-07-01
2025-07-24,2025,S2,T3,7,Julho,Jul,2025-07,jul/25,202507,24,4,Quinta-feira,Qui,30,0,,1,1,Realizado,2025-07-01
2025-07-25,2025,S2,T3,7,Julho,Jul,2025-07,jul/25,202507,25,5,Sexta-feira,Sex,30,0,,1,1,Realizado,2025-07-01
2025-07-26,2025,S2,T3,7,Julho,Jul,2025-07,jul/25,202507,26,6,Sábado,Sáb,30,1,,0,1,Realizado,2025-07-01
2025-07-27,2025,S2,T3,7,Julho,Jul,2025-07,jul/25,202507,27,7,Domingo,Dom,30,1,,0,1,Realizado,2025-07-01
2025-07-28,2025,S2,T3,7,Julho,Jul,2025-07,jul/25,202507,28,1,Segunda-feira,Seg,31,0,,1,1,Realizado,2025-07-01
2025-07-29,2025,S2,T3,7,Julho,Jul,2025-07,jul/25,202507,29,2,Terça-feira,Ter,31,0,,1,1,Realizado,2025-07-01
2025-07-30,2025,S2,T3,7,Julho,Jul,2025-07,jul/25,202507,30,3,Quarta-feira,Qua,31,0,,1,1,Realizado,2025-07-01
2025-07-31,2025,S2,T3,7,Julho,Jul,2025-07,jul/25,202507,31,4,Quinta-feira,Qui,31,0,,1,1,Realizado,2025-07-01
2025-08-01,2025,S2,T3,8,Agosto,Ago,2025-08,ago/25,202508,1,5,Sexta-feira,Sex,31,0,,1,1,Realizado,2025-08-01
2025-08-02,2025,S2,T3,8,Agosto,Ago,2025-08,ago/25,202508,2,6,Sábado,Sáb,31,1,,0,1,Realizado,2025-08-01
2025-08-03,2025,S2,T3,8,Agosto,Ago,2025-08,ago/25,202508,3,7,Domingo,Dom,31,1,,0,1,Realizado,2025-08-01
2025-08-04,2025,S2,T3,8,Agosto,Ago,2025-08,ago/25,202508,4,1,Segunda-feira,Seg,32,0,,1,1,Realizado,2025-08-01
2025-08-05,2025,S2,T3,8,Agosto,Ago,2025-08,ago/25,202508,5,2,Terça-feira,Ter,32,0,,1,1,Realizado,2025-08-01
2025-08-06,2025,S2,T3,8,Agosto,Ago,2025-08,ago/25,202508,6,3,Quarta-feira,Qua,32,0,,1,1,Realizado,2025-08-01
2025-08-07,2025,S2,T3,8,Agosto,Ago,2025-08,ago/25,202508,7,4,Quinta-feira,Qui,32,0,,1,1,Realizado,2025-08-01
2025-08-08,2025,S2,T3,8,Agosto,Ago,2025-08,ago/25,202508,8,5,Sexta-feira,Sex,32,0,,1,1,Realizado,2025-08-01
2025-08-09,2025,S2,T3,8,Agosto,Ago,2025-08,ago/25,202508,9,6,Sábado,Sáb,32,1,,0,1,Realizado,2025-08-01
2025-08-10,2025,S2,T3,8,Agosto,Ago,2025-08,ago/25,202508,10,7,Domingo,Dom,32,1,,0,1,Realizado,2025-08-01
2025-08-11,2025,S2,T3,8,Agosto,Ago,2025-08,ago/25,202508,11,1,Segunda-feira,Seg,33,0,,1,1,Realizado,2025-08-01
2025-08-12,2025,S2,T3,8,Agosto,Ago,2025-08,ago/25,202508,12,2,Terça-feira,Ter,33,0,,1,1,Realizado,2025-08-01
2025-08-13,2025,S2,T3,8,Agosto,Ago,2025-08,ago/25,202508,13,3,Quarta-feira,Qua,33,0,,1,1,Realizado,2025-08-01
2025-08-14,2025,S2,T3,8,Agosto,Ago,2025-08,ago/25,202508,14,4,Quinta-feira,Qui,33,0,,1,1,Realizado,2025-08-01
2025-08-15,2025,S2,T3,8,Agosto,Ago,2025-08,ago/25,202508,15,5,Sexta-feira,Sex,33,0,,1,1,Realizado,2025-08-01
2025-08-16,2025,S2,T3,8,Agosto,Ago,2025-08,ago/25,202508,16,6,Sábado,Sáb,33,1,,0,1,Realizado,2025-08-01
2025-08-17,2025,S2,T3,8,Agosto,Ago,2025-08,ago/25,202508,17,7,Domingo,Dom,33,1,,0,1,Realizado,2025-08-01
2025-08-18,2025,S2,T3,8,Agosto,Ago,2025-08,ago/25,202508,18,1,Segunda-feira,Seg,34,0,,1,1,Realizado,2025-08-01
2025-08-19,2025,S2,T3,8,Agosto,Ago,2025-08,ago/25,202508,19,2,Terça-feira,Ter,34,0,,1,1,Realizado,2025-08-01
2025-08-20,2025,S2,T3,8,Agosto,Ago,2025-08,ago/25,202508,20,3,Quarta-feira,Qua,34,0,,1,1,Realizado,2025-08-01
2025-08-21,2025,S2,T3,8,Agosto,Ago,2025-08,ago/25,202508,21,4,Quinta-feira,Qui,34,0,,1,1,Realizado,2025-08-01
2025-08-22,2025,S2,T3,8,Agosto,Ago,2025-08,ago/25,202508,22,5,Sexta-feira,Sex,34,0,,1,1,Realizado,2025-08-01
2025-08-23,2025,S2,T3,8,Agosto,Ago,2025-08,ago/25,202508,23,6,Sábado,Sáb,34,1,,0,1,Realizado,2025-08-01
2025-08-24,2025,S2,T3,8,Agosto,Ago,2025-08,ago/25,202508,24,7,Domingo,Dom,34,1,,0,1,Realizado,2025-08-01
2025-08-25,2025,S2,T3,8,Agosto,Ago,2025-08,ago/25,202508,25,1,Segunda-feira,Seg,35,0,,1,1,Realizado,2025-08-01
2025-08-26,2025,S2,T3,8,Agosto,Ago,2025-08,ago/25,202508,26,2,Terça-feira,Ter,35,0,,1,1,Realizado,2025-08-01
2025-08-27,2025,S2,T3,8,Agosto,Ago,2025-08,ago/25,202508,27,3,Quarta-feira,Qua,35,0,,1,1,Realizado,2025-08-01
2025-08-28,2025,S2,T3,8,Agosto,Ago,2025-08,ago/25,202508,28,4,Quinta-feira,Qui,35,0,,1,1,Realizado,2025-08-01
2025-08-29,2025,S2,T3,8,Agosto,Ago,2025-08,ago/25,202508,29,5,Sexta-feira,Sex,35,0,,1,1,Realizado,2025-08-01
2025-08-30,2025,S2,T3,8,Agosto,Ago,2025-08,ago/25,202508,30,6,Sábado,Sáb,35,1,,0,1,Realizado,2025-08-01
2025-08-31,2025,S2,T3,8,Agosto,Ago,2025-08,ago/25,202508,31,7,Domingo,Dom,35,1,,0,1,Realizado,2025-08-01
2025-09-01,2025,S2,T3,9,Setembro,Set,2025-09,set/25,202509,1,1,Segunda-feira,Seg,36,0,,1,1,Realizado,2025-09-01
2025-09-02,2025,S2,T3,9,Setembro,Set,2025-09,set/25,202509,2,2,Terça-feira,Ter,36,0,,1,1,Realizado,2025-09-01
2025-09-03,2025,S2,T3,9,Setembro,Set,2025-09,set/25,202509,3,3,Quarta-feira,Qua,36,0,,1,1,Realizado,2025-09-01
2025-09-04,2025,S2,T3,9,Setembro,Set,2025-09,set/25,202509,4,4,Quinta-feira,Qui,36,0,,1,1,Realizado,2025-09-01
2025-09-05,2025,S2,T3,9,Setembro,Set,2025-09,set/25,202509,5,5,Sexta-feira,Sex,36,0,,1,1,Realizado,2025-09-01
2025-09-06,2025,S2,T3,9,Setembro,Set,2025-09,set/25,202509,6,6,Sábado,Sáb,36,1,,0,1,Realizado,2025-09-01
2025-09-07,2025,S2,T3,9,Setembro,Set,2025-09,set/25,202509,7,7,Domingo,Dom,36,1,Independência do Brasil,0,1,Realizado,2025-09-01
2025-09-08,2025,S2,T3,9,Setembro,Set,2025-09,set/25,202509,8,1,Segunda-feira,Seg,37,0,,1,1,Realizado,2025-09-01
2025-09-09,2025,S2,T3,9,Setembro,Set,2025-09,set/25,202509,9,2,Terça-feira,Ter,37,0,,1,1,Realizado,2025-09-01
2025-09-10,2025,S2,T3,9,Setembro,Set,2025-09,set/25,202509,10,3,Quarta-feira,Qua,37,0,,1,1,Realizado,2025-09-01
2025-09-11,2025,S2,T3,9,Setembro,Set,2025-09,set/25,202509,11,4,Quinta-feira,Qui,37,0,,1,1,Realizado,2025-09-01
2025-09-12,2025,S2,T3,9,Setembro,Set,2025-09,set/25,202509,12,5,Sexta-feira,Sex,37,0,,1,1,Realizado,2025-09-01
2025-09-13,2025,S2,T3,9,Setembro,Set,2025-09,set/25,202509,13,6,Sábado,Sáb,37,1,,0,1,Realizado,2025-09-01
2025-09-14,2025,S2,T3,9,Setembro,Set,2025-09,set/25,202509,14,7,Domingo,Dom,37,1,,0,1,Realizado,2025-09-01
2025-09-15,2025,S2,T3,9,Setembro,Set,2025-09,set/25,202509,15,1,Segunda-feira,Seg,38,0,,1,1,Realizado,2025-09-01
2025-09-16,2025,S2,T3,9,Setembro,Set,2025-09,set/25,202509,16,2,Terça-feira,Ter,38,0,,1,1,Realizado,2025-09-01
2025-09-17,2025,S2,T3,9,Setembro,Set,2025-09,set/25,202509,17,3,Quarta-feira,Qua,38,0,,1,1,Realizado,2025-09-01
2025-09-18,2025,S2,T3,9,Setembro,Set,2025-09,set/25,202509,18,4,Quinta-feira,Qui,38,0,,1,1,Realizado,2025-09-01
2025-09-19,2025,S2,T3,9,Setembro,Set,2025-09,set/25,202509,19,5,Sexta-feira,Sex,38,0,,1,1,Realizado,2025-09-01
2025-09-20,2025,S2,T3,9,Setembro,Set,2025-09,set/25,202509,20,6,Sábado,Sáb,38,1,,0,1,Realizado,2025-09-01
2025-09-21,2025,S2,T3,9,Setembro,Set,2025-09,set/25,202509,21,7,Domingo,Dom,38,1,,0,1,Realizado,2025-09-01
2025-09-22,2025,S2,T3,9,Setembro,Set,2025-09,set/25,202509,22,1,Segunda-feira,Seg,39,0,,1,1,Realizado,2025-09-01
2025-09-23,2025,S2,T3,9,Setembro,Set,2025-09,set/25,202509,23,2,Terça-feira,Ter,39,0,,1,1,Realizado,2025-09-01
2025-09-24,2025,S2,T3,9,Setembro,Set,2025-09,set/25,202509,24,3,Quarta-feira,Qua,39,0,,1,1,Realizado,2025-09-01
2025-09-25,2025,S2,T3,9,Setembro,Set,2025-09,set/25,202509,25,4,Quinta-feira,Qui,39,0,,1,1,Realizado,2025-09-01
2025-09-26,2025,S2,T3,9,Setembro,Set,2025-09,set/25,202509,26,5,Sexta-feira,Sex,39,0,,1,1,Realizado,2025-09-01
2025-09-27,2025,S2,T3,9,Setembro,Set,2025-09,set/25,202509,27,6,Sábado,Sáb,39,1,,0,1,Realizado,2025-09-01
2025-09-28,2025,S2,T3,9,Setembro,Set,2025-09,set/25,202509,28,7,Domingo,Dom,39,1,,0,1,Realizado,2025-09-01
2025-09-29,2025,S2,T3,9,Setembro,Set,2025-09,set/25,202509,29,1,Segunda-feira,Seg,40,0,,1,1,Realizado,2025-09-01
2025-09-30,2025,S2,T3,9,Setembro,Set,2025-09,set/25,202509,30,2,Terça-feira,Ter,40,0,,1,1,Realizado,2025-09-01
2025-10-01,2025,S2,T4,10,Outubro,Out,2025-10,out/25,202510,1,3,Quarta-feira,Qua,40,0,,1,1,Realizado,2025-10-01
2025-10-02,2025,S2,T4,10,Outubro,Out,2025-10,out/25,202510,2,4,Quinta-feira,Qui,40,0,,1,1,Realizado,2025-10-01
2025-10-03,2025,S2,T4,10,Outubro,Out,2025-10,out/25,202510,3,5,Sexta-feira,Sex,40,0,,1,1,Realizado,2025-10-01
2025-10-04,2025,S2,T4,10,Outubro,Out,2025-10,out/25,202510,4,6,Sábado,Sáb,40,1,,0,1,Realizado,2025-10-01
2025-10-05,2025,S2,T4,10,Outubro,Out,2025-10,out/25,202510,5,7,Domingo,Dom,40,1,,0,1,Realizado,2025-10-01
2025-10-06,2025,S2,T4,10,Outubro,Out,2025-10,out/25,202510,6,1,Segunda-feira,Seg,41,0,,1,1,Realizado,2025-10-01
2025-10-07,2025,S2,T4,10,Outubro,Out,2025-10,out/25,202510,7,2,Terça-feira,Ter,41,0,,1,1,Realizado,2025-10-01
2025-10-08,2025,S2,T4,10,Outubro,Out,2025-10,out/25,202510,8,3,Quarta-feira,Qua,41,0,,1,1,Realizado,2025-10-01
2025-10-09,2025,S2,T4,10,Outubro,Out,2025-10,out/25,202510,9,4,Quinta-feira,Qui,41,0,,1,1,Realizado,2025-10-01
2025-10-10,2025,S2,T4,10,Outubro,Out,2025-10,out/25,202510,10,5,Sexta-feira,Sex,41,0,,1,1,Realizado,2025-10-01
2025-10-11,2025,S2,T4,10,Outubro,Out,2025-10,out/25,202510,11,6,Sábado,Sáb,41,1,,0,1,Realizado,2025-10-01
2025-10-12,2025,S2,T4,10,Outubro,Out,2025-10,out/25,202510,12,7,Domingo,Dom,41,1,Nossa Senhora Aparecida,0,1,Realizado,2025-10-01
2025-10-13,2025,S2,T4,10,Outubro,Out,2025-10,out/25,202510,13,1,Segunda-feira,Seg,42,0,,1,1,Realizado,2025-10-01
2025-10-14,2025,S2,T4,10,Outubro,Out,2025-10,out/25,202510,14,2,Terça-feira,Ter,42,0,,1,1,Realizado,2025-10-01
2025-10-15,2025,S2,T4,10,Outubro,Out,2025-10,out/25,202510,15,3,Quarta-feira,Qua,42,0,,1,1,Realizado,2025-10-01
2025-10-16,2025,S2,T4,10,Outubro,Out,2025-10,out/25,202510,16,4,Quinta-feira,Qui,42,0,,1,1,Realizado,2025-10-01
2025-10-17,2025,S2,T4,10,Outubro,Out,2025-10,out/25,202510,17,5,Sexta-feira,Sex,42,0,,1,1,Realizado,2025-10-01
2025-10-18,2025,S2,T4,10,Outubro,Out,2025-10,out/25,202510,18,6,Sábado,Sáb,42,1,,0,1,Realizado,2025-10-01
2025-10-19,2025,S2,T4,10,Outubro,Out,2025-10,out/25,202510,19,7,Domingo,Dom,42,1,,0,1,Realizado,2025-10-01
2025-10-20,2025,S2,T4,10,Outubro,Out,2025-10,out/25,202510,20,1,Segunda-feira,Seg,43,0,,1,1,Realizado,2025-10-01
2025-10-21,2025,S2,T4,10,Outubro,Out,2025-10,out/25,202510,21,2,Terça-feira,Ter,43,0,,1,1,Realizado,2025-10-01
2025-10-22,2025,S2,T4,10,Outubro,Out,2025-10,out/25,202510,22,3,Quarta-feira,Qua,43,0,,1,1,Realizado,2025-10-01
2025-10-23,2025,S2,T4,10,Outubro,Out,2025-10,out/25,202510,23,4,Quinta-feira,Qui,43,0,,1,1,Realizado,2025-10-01
2025-10-24,2025,S2,T4,10,Outubro,Out,2025-10,out/25,202510,24,5,Sexta-feira,Sex,43,0,,1,1,Realizado,2025-10-01
2025-10-25,2025,S2,T4,10,Outubro,Out,2025-10,out/25,202510,25,6,Sábado,Sáb,43,1,,0,1,Realizado,2025-10-01
2025-10-26,2025,S2,T4,10,Outubro,Out,2025-10,out/25,202510,26,7,Domingo,Dom,43,1,,0,1,Realizado,2025-10-01
2025-10-27,2025,S2,T4,10,Outubro,Out,2025-10,out/25,202510,27,1,Segunda-feira,Seg,44,0,,1,1,Realizado,2025-10-01
2025-10-28,2025,S2,T4,10,Outubro,Out,2025-10,out/25,202510,28,2,Terça-feira,Ter,44,0,,1,1,Realizado,2025-10-01
2025-10-29,2025,S2,T4,10,Outubro,Out,2025-10,out/25,202510,29,3,Quarta-feira,Qua,44,0,,1,1,Realizado,2025-10-01
2025-10-30,2025,S2,T4,10,Outubro,Out,2025-10,out/25,202510,30,4,Quinta-feira,Qui,44,0,,1,1,Realizado,2025-10-01
2025-10-31,2025,S2,T4,10,Outubro,Out,2025-10,out/25,202510,31,5,Sexta-feira,Sex,44,0,,1,1,Realizado,2025-10-01
2025-11-01,2025,S2,T4,11,Novembro,Nov,2025-11,nov/25,202511,1,6,Sábado,Sáb,44,1,,0,1,Realizado,2025-11-01
2025-11-02,2025,S2,T4,11,Novembro,Nov,2025-11,nov/25,202511,2,7,Domingo,Dom,44,1,Finados,0,1,Realizado,2025-11-01
2025-11-03,2025,S2,T4,11,Novembro,Nov,2025-11,nov/25,202511,3,1,Segunda-feira,Seg,45,0,,1,1,Realizado,2025-11-01
2025-11-04,2025,S2,T4,11,Novembro,Nov,2025-11,nov/25,202511,4,2,Terça-feira,Ter,45,0,,1,1,Realizado,2025-11-01
2025-11-05,2025,S2,T4,11,Novembro,Nov,2025-11,nov/25,202511,5,3,Quarta-feira,Qua,45,0,,1,1,Realizado,2025-11-01
2025-11-06,2025,S2,T4,11,Novembro,Nov,2025-11,nov/25,202511,6,4,Quinta-feira,Qui,45,0,,1,1,Realizado,2025-11-01
2025-11-07,2025,S2,T4,11,Novembro,Nov,2025-11,nov/25,202511,7,5,Sexta-feira,Sex,45,0,,1,1,Realizado,2025-11-01
2025-11-08,2025,S2,T4,11,Novembro,Nov,2025-11,nov/25,202511,8,6,Sábado,Sáb,45,1,,0,1,Realizado,2025-11-01
2025-11-09,2025,S2,T4,11,Novembro,Nov,2025-11,nov/25,202511,9,7,Domingo,Dom,45,1,,0,1,Realizado,2025-11-01
2025-11-10,2025,S2,T4,11,Novembro,Nov,2025-11,nov/25,202511,10,1,Segunda-feira,Seg,46,0,,1,1,Realizado,2025-11-01
2025-11-11,2025,S2,T4,11,Novembro,Nov,2025-11,nov/25,202511,11,2,Terça-feira,Ter,46,0,,1,1,Realizado,2025-11-01
2025-11-12,2025,S2,T4,11,Novembro,Nov,2025-11,nov/25,202511,12,3,Quarta-feira,Qua,46,0,,1,1,Realizado,2025-11-01
2025-11-13,2025,S2,T4,11,Novembro,Nov,2025-11,nov/25,202511,13,4,Quinta-feira,Qui,46,0,,1,1,Realizado,2025-11-01
2025-11-14,2025,S2,T4,11,Novembro,Nov,2025-11,nov/25,202511,14,5,Sexta-feira,Sex,46,0,,1,1,Realizado,2025-11-01
2025-11-15,2025,S2,T4,11,Novembro,Nov,2025-11,nov/25,202511,15,6,Sábado,Sáb,46,1,Proclamação da República,0,1,Realizado,2025-11-01
2025-11-16,2025,S2,T4,11,Novembro,Nov,2025-11,nov/25,202511,16,7,Domingo,Dom,46,1,,0,1,Realizado,2025-11-01
2025-11-17,2025,S2,T4,11,Novembro,Nov,2025-11,nov/25,202511,17,1,Segunda-feira,Seg,47,0,,1,1,Realizado,2025-11-01
2025-11-18,2025,S2,T4,11,Novembro,Nov,2025-11,nov/25,202511,18,2,Terça-feira,Ter,47,0,,1,1,Realizado,2025-11-01
2025-11-19,2025,S2,T4,11,Novembro,Nov,2025-11,nov/25,202511,19,3,Quarta-feira,Qua,47,0,,1,1,Realizado,2025-11-01
2025-11-20,2025,S2,T4,11,Novembro,Nov,2025-11,nov/25,202511,20,4,Quinta-feira,Qui,47,0,Consciência Negra,0,1,Realizado,2025-11-01
2025-11-21,2025,S2,T4,11,Novembro,Nov,2025-11,nov/25,202511,21,5,Sexta-feira,Sex,47,0,,1,1,Realizado,2025-11-01
2025-11-22,2025,S2,T4,11,Novembro,Nov,2025-11,nov/25,202511,22,6,Sábado,Sáb,47,1,,0,1,Realizado,2025-11-01
2025-11-23,2025,S2,T4,11,Novembro,Nov,2025-11,nov/25,202511,23,7,Domingo,Dom,47,1,,0,1,Realizado,2025-11-01
2025-11-24,2025,S2,T4,11,Novembro,Nov,2025-11,nov/25,202511,24,1,Segunda-feira,Seg,48,0,,1,1,Realizado,2025-11-01
2025-11-25,2025,S2,T4,11,Novembro,Nov,2025-11,nov/25,202511,25,2,Terça-feira,Ter,48,0,,1,1,Realizado,2025-11-01
2025-11-26,2025,S2,T4,11,Novembro,Nov,2025-11,nov/25,202511,26,3,Quarta-feira,Qua,48,0,,1,1,Realizado,2025-11-01
2025-11-27,2025,S2,T4,11,Novembro,Nov,2025-11,nov/25,202511,27,4,Quinta-feira,Qui,48,0,,1,1,Realizado,2025-11-01
2025-11-28,2025,S2,T4,11,Novembro,Nov,2025-11,nov/25,202511,28,5,Sexta-feira,Sex,48,0,,1,1,Realizado,2025-11-01
2025-11-29,2025,S2,T4,11,Novembro,Nov,2025-11,nov/25,202511,29,6,Sábado,Sáb,48,1,,0,1,Realizado,2025-11-01
2025-11-30,2025,S2,T4,11,Novembro,Nov,2025-11,nov/25,202511,30,7,Domingo,Dom,48,1,,0,1,Realizado,2025-11-01
2025-12-01,2025,S2,T4,12,Dezembro,Dez,2025-12,dez/25,202512,1,1,Segunda-feira,Seg,49,0,,1,1,Realizado,2025-12-01
2025-12-02,2025,S2,T4,12,Dezembro,Dez,2025-12,dez/25,202512,2,2,Terça-feira,Ter,49,0,,1,1,Realizado,2025-12-01
2025-12-03,2025,S2,T4,12,Dezembro,Dez,2025-12,dez/25,202512,3,3,Quarta-feira,Qua,49,0,,1,1,Realizado,2025-12-01
2025-12-04,2025,S2,T4,12,Dezembro,Dez,2025-12,dez/25,202512,4,4,Quinta-feira,Qui,49,0,,1,1,Realizado,2025-12-01
2025-12-05,2025,S2,T4,12,Dezembro,Dez,2025-12,dez/25,202512,5,5,Sexta-feira,Sex,49,0,,1,1,Realizado,2025-12-01
2025-12-06,2025,S2,T4,12,Dezembro,Dez,2025-12,dez/25,202512,6,6,Sábado,Sáb,49,1,,0,1,Realizado,2025-12-01
2025-12-07,2025,S2,T4,12,Dezembro,Dez,2025-12,dez/25,202512,7,7,Domingo,Dom,49,1,,0,1,Realizado,2025-12-01
2025-12-08,2025,S2,T4,12,Dezembro,Dez,2025-12,dez/25,202512,8,1,Segunda-feira,Seg,50,0,,1,1,Realizado,2025-12-01
2025-12-09,2025,S2,T4,12,Dezembro,Dez,2025-12,dez/25,202512,9,2,Terça-feira,Ter,50,0,,1,1,Realizado,2025-12-01
2025-12-10,2025,S2,T4,12,Dezembro,Dez,2025-12,dez/25,202512,10,3,Quarta-feira,Qua,50,0,,1,1,Realizado,2025-12-01
2025-12-11,2025,S2,T4,12,Dezembro,Dez,2025-12,dez/25,202512,11,4,Quinta-feira,Qui,50,0,,1,1,Realizado,2025-12-01
2025-12-12,2025,S2,T4,12,Dezembro,Dez,2025-12,dez/25,202512,12,5,Sexta-feira,Sex,50,0,,1,1,Realizado,2025-12-01
2025-12-13,2025,S2,T4,12,Dezembro,Dez,2025-12,dez/25,202512,13,6,Sábado,Sáb,50,1,,0,1,Realizado,2025-12-01
2025-12-14,2025,S2,T4,12,Dezembro,Dez,2025-12,dez/25,202512,14,7,Domingo,Dom,50,1,,0,1,Realizado,2025-12-01
2025-12-15,2025,S2,T4,12,Dezembro,Dez,2025-12,dez/25,202512,15,1,Segunda-feira,Seg,51,0,,1,1,Realizado,2025-12-01
2025-12-16,2025,S2,T4,12,Dezembro,Dez,2025-12,dez/25,202512,16,2,Terça-feira,Ter,51,0,,1,1,Realizado,2025-12-01
2025-12-17,2025,S2,T4,12,Dezembro,Dez,2025-12,dez/25,202512,17,3,Quarta-feira,Qua,51,0,,1,1,Realizado,2025-12-01
2025-12-18,2025,S2,T4,12,Dezembro,Dez,2025-12,dez/25,202512,18,4,Quinta-feira,Qui,51,0,,1,1,Realizado,2025-12-01
2025-12-19,2025,S2,T4,12,Dezembro,Dez,2025-12,dez/25,202512,19,5,Sexta-feira,Sex,51,0,,1,1,Realizado,2025-12-01
2025-12-20,2025,S2,T4,12,Dezembro,Dez,2025-12,dez/25,202512,20,6,Sábado,Sáb,51,1,,0,1,Realizado,2025-12-01
2025-12-21,2025,S2,T4,12,Dezembro,Dez,2025-12,dez/25,202512,21,7,Domingo,Dom,51,1,,0,1,Realizado,2025-12-01
2025-12-22,2025,S2,T4,12,Dezembro,Dez,2025-12,dez/25,202512,22,1,Segunda-feira,Seg,52,0,,1,1,Realizado,2025-12-01
2025-12-23,2025,S2,T4,12,Dezembro,Dez,2025-12,dez/25,202512,23,2,Terça-feira,Ter,52,0,,1,1,Realizado,2025-12-01
2025-12-24,2025,S2,T4,12,Dezembro,Dez,2025-12,dez/25,202512,24,3,Quarta-feira,Qua,52,0,,1,1,Realizado,2025-12-01
2025-12-25,2025,S2,T4,12,Dezembro,Dez,2025-12,dez/25,202512,25,4,Quinta-feira,Qui,52,0,Natal,0,1,Realizado,2025-12-01
2025-12-26,2025,S2,T4,12,Dezembro,Dez,2025-12,dez/25,202512,26,5,Sexta-feira,Sex,52,0,,1,1,Realizado,2025-12-01
2025-12-27,2025,S2,T4,12,Dezembro,Dez,2025-12,dez/25,202512,27,6,Sábado,Sáb,52,1,,0,1,Realizado,2025-12-01
2025-12-28,2025,S2,T4,12,Dezembro,Dez,2025-12,dez/25,202512,28,7,Domingo,Dom,52,1,,0,1,Realizado,2025-12-01
2025-12-29,2025,S2,T4,12,Dezembro,Dez,2025-12,dez/25,202512,29,1,Segunda-feira,Seg,1,0,,1,1,Realizado,2025-12-01
2025-12-30,2025,S2,T4,12,Dezembro,Dez,2025-12,dez/25,202512,30,2,Terça-feira,Ter,1,0,,1,1,Realizado,2025-12-01
2025-12-31,2025,S2,T4,12,Dezembro,Dez,2025-12,dez/25,202512,31,3,Quarta-feira,Qua,1,0,,1,1,Realizado,2025-12-01
2026-01-01,2026,S1,T1,1,Janeiro,Jan,2026-01,jan/26,202601,1,4,Quinta-feira,Qui,1,0,Confraternização Universal,0,1,Realizado,2026-01-01
2026-01-02,2026,S1,T1,1,Janeiro,Jan,2026-01,jan/26,202601,2,5,Sexta-feira,Sex,1,0,,1,1,Realizado,2026-01-01
2026-01-03,2026,S1,T1,1,Janeiro,Jan,2026-01,jan/26,202601,3,6,Sábado,Sáb,1,1,,0,1,Realizado,2026-01-01
2026-01-04,2026,S1,T1,1,Janeiro,Jan,2026-01,jan/26,202601,4,7,Domingo,Dom,1,1,,0,1,Realizado,2026-01-01
2026-01-05,2026,S1,T1,1,Janeiro,Jan,2026-01,jan/26,202601,5,1,Segunda-feira,Seg,2,0,,1,1,Realizado,2026-01-01
2026-01-06,2026,S1,T1,1,Janeiro,Jan,2026-01,jan/26,202601,6,2,Terça-feira,Ter,2,0,,1,1,Realizado,2026-01-01
2026-01-07,2026,S1,T1,1,Janeiro,Jan,2026-01,jan/26,202601,7,3,Quarta-feira,Qua,2,0,,1,1,Realizado,2026-01-01
2026-01-08,2026,S1,T1,1,Janeiro,Jan,2026-01,jan/26,202601,8,4,Quinta-feira,Qui,2,0,,1,1,Realizado,2026-01-01
2026-01-09,2026,S1,T1,1,Janeiro,Jan,2026-01,jan/26,202601,9,5,Sexta-feira,Sex,2,0,,1,1,Realizado,2026-01-01
2026-01-10,2026,S1,T1,1,Janeiro,Jan,2026-01,jan/26,202601,10,6,Sábado,Sáb,2,1,,0,1,Realizado,2026-01-01
2026-01-11,2026,S1,T1,1,Janeiro,Jan,2026-01,jan/26,202601,11,7,Domingo,Dom,2,1,,0,1,Realizado,2026-01-01
2026-01-12,2026,S1,T1,1,Janeiro,Jan,2026-01,jan/26,202601,12,1,Segunda-feira,Seg,3,0,,1,1,Realizado,2026-01-01
2026-01-13,2026,S1,T1,1,Janeiro,Jan,2026-01,jan/26,202601,13,2,Terça-feira,Ter,3,0,,1,1,Realizado,2026-01-01
2026-01-14,2026,S1,T1,1,Janeiro,Jan,2026-01,jan/26,202601,14,3,Quarta-feira,Qua,3,0,,1,1,Realizado,2026-01-01
2026-01-15,2026,S1,T1,1,Janeiro,Jan,2026-01,jan/26,202601,15,4,Quinta-feira,Qui,3,0,,1,1,Realizado,2026-01-01
2026-01-16,2026,S1,T1,1,Janeiro,Jan,2026-01,jan/26,202601,16,5,Sexta-feira,Sex,3,0,,1,1,Realizado,2026-01-01
2026-01-17,2026,S1,T1,1,Janeiro,Jan,2026-01,jan/26,202601,17,6,Sábado,Sáb,3,1,,0,1,Realizado,2026-01-01
2026-01-18,2026,S1,T1,1,Janeiro,Jan,2026-01,jan/26,202601,18,7,Domingo,Dom,3,1,,0,1,Realizado,2026-01-01
2026-01-19,2026,S1,T1,1,Janeiro,Jan,2026-01,jan/26,202601,19,1,Segunda-feira,Seg,4,0,,1,1,Realizado,2026-01-01
2026-01-20,2026,S1,T1,1,Janeiro,Jan,2026-01,jan/26,202601,20,2,Terça-feira,Ter,4,0,,1,1,Realizado,2026-01-01
2026-01-21,2026,S1,T1,1,Janeiro,Jan,2026-01,jan/26,202601,21,3,Quarta-feira,Qua,4,0,,1,1,Realizado,2026-01-01
2026-01-22,2026,S1,T1,1,Janeiro,Jan,2026-01,jan/26,202601,22,4,Quinta-feira,Qui,4,0,,1,1,Realizado,2026-01-01
2026-01-23,2026,S1,T1,1,Janeiro,Jan,2026-01,jan/26,202601,23,5,Sexta-feira,Sex,4,0,,1,1,Realizado,2026-01-01
2026-01-24,2026,S1,T1,1,Janeiro,Jan,2026-01,jan/26,202601,24,6,Sábado,Sáb,4,1,,0,1,Realizado,2026-01-01
2026-01-25,2026,S1,T1,1,Janeiro,Jan,2026-01,jan/26,202601,25,7,Domingo,Dom,4,1,,0,1,Realizado,2026-01-01
2026-01-26,2026,S1,T1,1,Janeiro,Jan,2026-01,jan/26,202601,26,1,Segunda-feira,Seg,5,0,,1,1,Realizado,2026-01-01
2026-01-27,2026,S1,T1,1,Janeiro,Jan,2026-01,jan/26,202601,27,2,Terça-feira,Ter,5,0,,1,1,Realizado,2026-01-01
2026-01-28,2026,S1,T1,1,Janeiro,Jan,2026-01,jan/26,202601,28,3,Quarta-feira,Qua,5,0,,1,1,Realizado,2026-01-01
2026-01-29,2026,S1,T1,1,Janeiro,Jan,2026-01,jan/26,202601,29,4,Quinta-feira,Qui,5,0,,1,1,Realizado,2026-01-01
2026-01-30,2026,S1,T1,1,Janeiro,Jan,2026-01,jan/26,202601,30,5,Sexta-feira,Sex,5,0,,1,1,Realizado,2026-01-01
2026-01-31,2026,S1,T1,1,Janeiro,Jan,2026-01,jan/26,202601,31,6,Sábado,Sáb,5,1,,0,1,Realizado,2026-01-01
2026-02-01,2026,S1,T1,2,Fevereiro,Fev,2026-02,fev/26,202602,1,7,Domingo,Dom,5,1,,0,1,Realizado,2026-02-01
2026-02-02,2026,S1,T1,2,Fevereiro,Fev,2026-02,fev/26,202602,2,1,Segunda-feira,Seg,6,0,,1,1,Realizado,2026-02-01
2026-02-03,2026,S1,T1,2,Fevereiro,Fev,2026-02,fev/26,202602,3,2,Terça-feira,Ter,6,0,,1,1,Realizado,2026-02-01
2026-02-04,2026,S1,T1,2,Fevereiro,Fev,2026-02,fev/26,202602,4,3,Quarta-feira,Qua,6,0,,1,1,Realizado,2026-02-01
2026-02-05,2026,S1,T1,2,Fevereiro,Fev,2026-02,fev/26,202602,5,4,Quinta-feira,Qui,6,0,,1,1,Realizado,2026-02-01
2026-02-06,2026,S1,T1,2,Fevereiro,Fev,2026-02,fev/26,202602,6,5,Sexta-feira,Sex,6,0,,1,1,Realizado,2026-02-01
2026-02-07,2026,S1,T1,2,Fevereiro,Fev,2026-02,fev/26,202602,7,6,Sábado,Sáb,6,1,,0,1,Realizado,2026-02-01
2026-02-08,2026,S1,T1,2,Fevereiro,Fev,2026-02,fev/26,202602,8,7,Domingo,Dom,6,1,,0,1,Realizado,2026-02-01
2026-02-09,2026,S1,T1,2,Fevereiro,Fev,2026-02,fev/26,202602,9,1,Segunda-feira,Seg,7,0,,1,1,Realizado,2026-02-01
2026-02-10,2026,S1,T1,2,Fevereiro,Fev,2026-02,fev/26,202602,10,2,Terça-feira,Ter,7,0,,1,1,Realizado,2026-02-01
2026-02-11,2026,S1,T1,2,Fevereiro,Fev,2026-02,fev/26,202602,11,3,Quarta-feira,Qua,7,0,,1,1,Realizado,2026-02-01
2026-02-12,2026,S1,T1,2,Fevereiro,Fev,2026-02,fev/26,202602,12,4,Quinta-feira,Qui,7,0,,1,1,Realizado,2026-02-01
2026-02-13,2026,S1,T1,2,Fevereiro,Fev,2026-02,fev/26,202602,13,5,Sexta-feira,Sex,7,0,,1,1,Realizado,2026-02-01
2026-02-14,2026,S1,T1,2,Fevereiro,Fev,2026-02,fev/26,202602,14,6,Sábado,Sáb,7,1,,0,1,Realizado,2026-02-01
2026-02-15,2026,S1,T1,2,Fevereiro,Fev,2026-02,fev/26,202602,15,7,Domingo,Dom,7,1,,0,1,Realizado,2026-02-01
2026-02-16,2026,S1,T1,2,Fevereiro,Fev,2026-02,fev/26,202602,16,1,Segunda-feira,Seg,8,0,Carnaval,0,1,Realizado,2026-02-01
2026-02-17,2026,S1,T1,2,Fevereiro,Fev,2026-02,fev/26,202602,17,2,Terça-feira,Ter,8,0,Carnaval,0,1,Realizado,2026-02-01
2026-02-18,2026,S1,T1,2,Fevereiro,Fev,2026-02,fev/26,202602,18,3,Quarta-feira,Qua,8,0,,1,1,Realizado,2026-02-01
2026-02-19,2026,S1,T1,2,Fevereiro,Fev,2026-02,fev/26,202602,19,4,Quinta-feira,Qui,8,0,,1,1,Realizado,2026-02-01
2026-02-20,2026,S1,T1,2,Fevereiro,Fev,2026-02,fev/26,202602,20,5,Sexta-feira,Sex,8,0,,1,1,Realizado,2026-02-01
2026-02-21,2026,S1,T1,2,Fevereiro,Fev,2026-02,fev/26,202602,21,6,Sábado,Sáb,8,1,,0,1,Realizado,2026-02-01
2026-02-22,2026,S1,T1,2,Fevereiro,Fev,2026-02,fev/26,202602,22,7,Domingo,Dom,8,1,,0,1,Realizado,2026-02-01
2026-02-23,2026,S1,T1,2,Fevereiro,Fev,2026-02,fev/26,202602,23,1,Segunda-feira,Seg,9,0,,1,1,Realizado,2026-02-01
2026-02-24,2026,S1,T1,2,Fevereiro,Fev,2026-02,fev/26,202602,24,2,Terça-feira,Ter,9,0,,1,1,Realizado,2026-02-01
2026-02-25,2026,S1,T1,2,Fevereiro,Fev,2026-02,fev/26,202602,25,3,Quarta-feira,Qua,9,0,,1,1,Realizado,2026-02-01
2026-02-26,2026,S1,T1,2,Fevereiro,Fev,2026-02,fev/26,202602,26,4,Quinta-feira,Qui,9,0,,1,1,Realizado,2026-02-01
2026-02-27,2026,S1,T1,2,Fevereiro,Fev,2026-02,fev/26,202602,27,5,Sexta-feira,Sex,9,0,,1,1,Realizado,2026-02-01
2026-02-28,2026,S1,T1,2,Fevereiro,Fev,2026-02,fev/26,202602,28,6,Sábado,Sáb,9,1,,0,1,Realizado,2026-02-01
2026-03-01,2026,S1,T1,3,Março,Mar,2026-03,mar/26,202603,1,7,Domingo,Dom,9,1,,0,1,Realizado,2026-03-01
2026-03-02,2026,S1,T1,3,Março,Mar,2026-03,mar/26,202603,2,1,Segunda-feira,Seg,10,0,,1,1,Realizado,2026-03-01
2026-03-03,2026,S1,T1,3,Março,Mar,2026-03,mar/26,202603,3,2,Terça-feira,Ter,10,0,,1,1,Realizado,2026-03-01
2026-03-04,2026,S1,T1,3,Março,Mar,2026-03,mar/26,202603,4,3,Quarta-feira,Qua,10,0,,1,1,Realizado,2026-03-01
2026-03-05,2026,S1,T1,3,Março,Mar,2026-03,mar/26,202603,5,4,Quinta-feira,Qui,10,0,,1,1,Realizado,2026-03-01
2026-03-06,2026,S1,T1,3,Março,Mar,2026-03,mar/26,202603,6,5,Sexta-feira,Sex,10,0,,1,1,Realizado,2026-03-01
2026-03-07,2026,S1,T1,3,Março,Mar,2026-03,mar/26,202603,7,6,Sábado,Sáb,10,1,,0,1,Realizado,2026-03-01
2026-03-08,2026,S1,T1,3,Março,Mar,2026-03,mar/26,202603,8,7,Domingo,Dom,10,1,,0,1,Realizado,2026-03-01
2026-03-09,2026,S1,T1,3,Março,Mar,2026-03,mar/26,202603,9,1,Segunda-feira,Seg,11,0,,1,1,Realizado,2026-03-01
2026-03-10,2026,S1,T1,3,Março,Mar,2026-03,mar/26,202603,10,2,Terça-feira,Ter,11,0,,1,1,Realizado,2026-03-01
2026-03-11,2026,S1,T1,3,Março,Mar,2026-03,mar/26,202603,11,3,Quarta-feira,Qua,11,0,,1,1,Realizado,2026-03-01
2026-03-12,2026,S1,T1,3,Março,Mar,2026-03,mar/26,202603,12,4,Quinta-feira,Qui,11,0,,1,1,Realizado,2026-03-01
2026-03-13,2026,S1,T1,3,Março,Mar,2026-03,mar/26,202603,13,5,Sexta-feira,Sex,11,0,,1,1,Realizado,2026-03-01
2026-03-14,2026,S1,T1,3,Março,Mar,2026-03,mar/26,202603,14,6,Sábado,Sáb,11,1,,0,1,Realizado,2026-03-01
2026-03-15,2026,S1,T1,3,Março,Mar,2026-03,mar/26,202603,15,7,Domingo,Dom,11,1,,0,1,Realizado,2026-03-01
2026-03-16,2026,S1,T1,3,Março,Mar,2026-03,mar/26,202603,16,1,Segunda-feira,Seg,12,0,,1,1,Realizado,2026-03-01
2026-03-17,2026,S1,T1,3,Março,Mar,2026-03,mar/26,202603,17,2,Terça-feira,Ter,12,0,,1,1,Realizado,2026-03-01
2026-03-18,2026,S1,T1,3,Março,Mar,2026-03,mar/26,202603,18,3,Quarta-feira,Qua,12,0,,1,1,Realizado,2026-03-01
2026-03-19,2026,S1,T1,3,Março,Mar,2026-03,mar/26,202603,19,4,Quinta-feira,Qui,12,0,,1,1,Realizado,2026-03-01
2026-03-20,2026,S1,T1,3,Março,Mar,2026-03,mar/26,202603,20,5,Sexta-feira,Sex,12,0,,1,1,Realizado,2026-03-01
2026-03-21,2026,S1,T1,3,Março,Mar,2026-03,mar/26,202603,21,6,Sábado,Sáb,12,1,,0,1,Realizado,2026-03-01
2026-03-22,2026,S1,T1,3,Março,Mar,2026-03,mar/26,202603,22,7,Domingo,Dom,12,1,,0,1,Realizado,2026-03-01
2026-03-23,2026,S1,T1,3,Março,Mar,2026-03,mar/26,202603,23,1,Segunda-feira,Seg,13,0,,1,1,Realizado,2026-03-01
2026-03-24,2026,S1,T1,3,Março,Mar,2026-03,mar/26,202603,24,2,Terça-feira,Ter,13,0,,1,1,Realizado,2026-03-01
2026-03-25,2026,S1,T1,3,Março,Mar,2026-03,mar/26,202603,25,3,Quarta-feira,Qua,13,0,,1,1,Realizado,2026-03-01
2026-03-26,2026,S1,T1,3,Março,Mar,2026-03,mar/26,202603,26,4,Quinta-feira,Qui,13,0,,1,1,Realizado,2026-03-01
2026-03-27,2026,S1,T1,3,Março,Mar,2026-03,mar/26,202603,27,5,Sexta-feira,Sex,13,0,,1,1,Realizado,2026-03-01
2026-03-28,2026,S1,T1,3,Março,Mar,2026-03,mar/26,202603,28,6,Sábado,Sáb,13,1,,0,1,Realizado,2026-03-01
2026-03-29,2026,S1,T1,3,Março,Mar,2026-03,mar/26,202603,29,7,Domingo,Dom,13,1,,0,1,Realizado,2026-03-01
2026-03-30,2026,S1,T1,3,Março,Mar,2026-03,mar/26,202603,30,1,Segunda-feira,Seg,14,0,,1,1,Realizado,2026-03-01
2026-03-31,2026,S1,T1,3,Março,Mar,2026-03,mar/26,202603,31,2,Terça-feira,Ter,14,0,,1,1,Realizado,2026-03-01
2026-04-01,2026,S1,T2,4,Abril,Abr,2026-04,abr/26,202604,1,3,Quarta-feira,Qua,14,0,,1,1,Realizado,2026-04-01
2026-04-02,2026,S1,T2,4,Abril,Abr,2026-04,abr/26,202604,2,4,Quinta-feira,Qui,14,0,,1,1,Realizado,2026-04-01
2026-04-03,2026,S1,T2,4,Abril,Abr,2026-04,abr/26,202604,3,5,Sexta-feira,Sex,14,0,Sexta-feira Santa,0,1,Realizado,2026-04-01
2026-04-04,2026,S1,T2,4,Abril,Abr,2026-04,abr/26,202604,4,6,Sábado,Sáb,14,1,,0,1,Realizado,2026-04-01
2026-04-05,2026,S1,T2,4,Abril,Abr,2026-04,abr/26,202604,5,7,Domingo,Dom,14,1,,0,1,Realizado,2026-04-01
2026-04-06,2026,S1,T2,4,Abril,Abr,2026-04,abr/26,202604,6,1,Segunda-feira,Seg,15,0,,1,1,Realizado,2026-04-01
2026-04-07,2026,S1,T2,4,Abril,Abr,2026-04,abr/26,202604,7,2,Terça-feira,Ter,15,0,,1,1,Realizado,2026-04-01
2026-04-08,2026,S1,T2,4,Abril,Abr,2026-04,abr/26,202604,8,3,Quarta-feira,Qua,15,0,,1,1,Realizado,2026-04-01
2026-04-09,2026,S1,T2,4,Abril,Abr,2026-04,abr/26,202604,9,4,Quinta-feira,Qui,15,0,,1,1,Realizado,2026-04-01
2026-04-10,2026,S1,T2,4,Abril,Abr,2026-04,abr/26,202604,10,5,Sexta-feira,Sex,15,0,,1,1,Realizado,2026-04-01
2026-04-11,2026,S1,T2,4,Abril,Abr,2026-04,abr/26,202604,11,6,Sábado,Sáb,15,1,,0,1,Realizado,2026-04-01
2026-04-12,2026,S1,T2,4,Abril,Abr,2026-04,abr/26,202604,12,7,Domingo,Dom,15,1,,0,1,Realizado,2026-04-01
2026-04-13,2026,S1,T2,4,Abril,Abr,2026-04,abr/26,202604,13,1,Segunda-feira,Seg,16,0,,1,1,Realizado,2026-04-01
2026-04-14,2026,S1,T2,4,Abril,Abr,2026-04,abr/26,202604,14,2,Terça-feira,Ter,16,0,,1,1,Realizado,2026-04-01
2026-04-15,2026,S1,T2,4,Abril,Abr,2026-04,abr/26,202604,15,3,Quarta-feira,Qua,16,0,,1,1,Realizado,2026-04-01
2026-04-16,2026,S1,T2,4,Abril,Abr,2026-04,abr/26,202604,16,4,Quinta-feira,Qui,16,0,,1,1,Realizado,2026-04-01
2026-04-17,2026,S1,T2,4,Abril,Abr,2026-04,abr/26,202604,17,5,Sexta-feira,Sex,16,0,,1,1,Realizado,2026-04-01
2026-04-18,2026,S1,T2,4,Abril,Abr,2026-04,abr/26,202604,18,6,Sábado,Sáb,16,1,,0,1,Realizado,2026-04-01
2026-04-19,2026,S1,T2,4,Abril,Abr,2026-04,abr/26,202604,19,7,Domingo,Dom,16,1,,0,1,Realizado,2026-04-01
2026-04-20,2026,S1,T2,4,Abril,Abr,2026-04,abr/26,202604,20,1,Segunda-feira,Seg,17,0,,1,1,Realizado,2026-04-01
2026-04-21,2026,S1,T2,4,Abril,Abr,2026-04,abr/26,202604,21,2,Terça-feira,Ter,17,0,Tiradentes,0,1,Realizado,2026-04-01
2026-04-22,2026,S1,T2,4,Abril,Abr,2026-04,abr/26,202604,22,3,Quarta-feira,Qua,17,0,,1,1,Realizado,2026-04-01
2026-04-23,2026,S1,T2,4,Abril,Abr,2026-04,abr/26,202604,23,4,Quinta-feira,Qui,17,0,,1,1,Realizado,2026-04-01
2026-04-24,2026,S1,T2,4,Abril,Abr,2026-04,abr/26,202604,24,5,Sexta-feira,Sex,17,0,,1,1,Realizado,2026-04-01
2026-04-25,2026,S1,T2,4,Abril,Abr,2026-04,abr/26,202604,25,6,Sábado,Sáb,17,1,,0,1,Realizado,2026-04-01
2026-04-26,2026,S1,T2,4,Abril,Abr,2026-04,abr/26,202604,26,7,Domingo,Dom,17,1,,0,1,Realizado,2026-04-01
2026-04-27,2026,S1,T2,4,Abril,Abr,2026-04,abr/26,202604,27,1,Segunda-feira,Seg,18,0,,1,1,Realizado,2026-04-01
2026-04-28,2026,S1,T2,4,Abril,Abr,2026-04,abr/26,202604,28,2,Terça-feira,Ter,18,0,,1,1,Realizado,2026-04-01
2026-04-29,2026,S1,T2,4,Abril,Abr,2026-04,abr/26,202604,29,3,Quarta-feira,Qua,18,0,,1,1,Realizado,2026-04-01
2026-04-30,2026,S1,T2,4,Abril,Abr,2026-04,abr/26,202604,30,4,Quinta-feira,Qui,18,0,,1,1,Realizado,2026-04-01
2026-05-01,2026,S1,T2,5,Maio,Mai,2026-05,mai/26,202605,1,5,Sexta-feira,Sex,18,0,Dia do Trabalho,0,1,Realizado,2026-05-01
2026-05-02,2026,S1,T2,5,Maio,Mai,2026-05,mai/26,202605,2,6,Sábado,Sáb,18,1,,0,1,Realizado,2026-05-01
2026-05-03,2026,S1,T2,5,Maio,Mai,2026-05,mai/26,202605,3,7,Domingo,Dom,18,1,,0,1,Realizado,2026-05-01
2026-05-04,2026,S1,T2,5,Maio,Mai,2026-05,mai/26,202605,4,1,Segunda-feira,Seg,19,0,,1,1,Realizado,2026-05-01
2026-05-05,2026,S1,T2,5,Maio,Mai,2026-05,mai/26,202605,5,2,Terça-feira,Ter,19,0,,1,1,Realizado,2026-05-01
2026-05-06,2026,S1,T2,5,Maio,Mai,2026-05,mai/26,202605,6,3,Quarta-feira,Qua,19,0,,1,1,Realizado,2026-05-01
2026-05-07,2026,S1,T2,5,Maio,Mai,2026-05,mai/26,202605,7,4,Quinta-feira,Qui,19,0,,1,1,Realizado,2026-05-01
2026-05-08,2026,S1,T2,5,Maio,Mai,2026-05,mai/26,202605,8,5,Sexta-feira,Sex,19,0,,1,1,Realizado,2026-05-01
2026-05-09,2026,S1,T2,5,Maio,Mai,2026-05,mai/26,202605,9,6,Sábado,Sáb,19,1,,0,1,Realizado,2026-05-01
2026-05-10,2026,S1,T2,5,Maio,Mai,2026-05,mai/26,202605,10,7,Domingo,Dom,19,1,,0,1,Realizado,2026-05-01
2026-05-11,2026,S1,T2,5,Maio,Mai,2026-05,mai/26,202605,11,1,Segunda-feira,Seg,20,0,,1,1,Realizado,2026-05-01
2026-05-12,2026,S1,T2,5,Maio,Mai,2026-05,mai/26,202605,12,2,Terça-feira,Ter,20,0,,1,1,Realizado,2026-05-01
2026-05-13,2026,S1,T2,5,Maio,Mai,2026-05,mai/26,202605,13,3,Quarta-feira,Qua,20,0,,1,1,Realizado,2026-05-01
2026-05-14,2026,S1,T2,5,Maio,Mai,2026-05,mai/26,202605,14,4,Quinta-feira,Qui,20,0,,1,1,Realizado,2026-05-01
2026-05-15,2026,S1,T2,5,Maio,Mai,2026-05,mai/26,202605,15,5,Sexta-feira,Sex,20,0,,1,1,Realizado,2026-05-01
2026-05-16,2026,S1,T2,5,Maio,Mai,2026-05,mai/26,202605,16,6,Sábado,Sáb,20,1,,0,1,Realizado,2026-05-01
2026-05-17,2026,S1,T2,5,Maio,Mai,2026-05,mai/26,202605,17,7,Domingo,Dom,20,1,,0,1,Realizado,2026-05-01
2026-05-18,2026,S1,T2,5,Maio,Mai,2026-05,mai/26,202605,18,1,Segunda-feira,Seg,21,0,,1,1,Realizado,2026-05-01
2026-05-19,2026,S1,T2,5,Maio,Mai,2026-05,mai/26,202605,19,2,Terça-feira,Ter,21,0,,1,1,Realizado,2026-05-01
2026-05-20,2026,S1,T2,5,Maio,Mai,2026-05,mai/26,202605,20,3,Quarta-feira,Qua,21,0,,1,1,Realizado,2026-05-01
2026-05-21,2026,S1,T2,5,Maio,Mai,2026-05,mai/26,202605,21,4,Quinta-feira,Qui,21,0,,1,1,Realizado,2026-05-01
2026-05-22,2026,S1,T2,5,Maio,Mai,2026-05,mai/26,202605,22,5,Sexta-feira,Sex,21,0,,1,1,Realizado,2026-05-01
2026-05-23,2026,S1,T2,5,Maio,Mai,2026-05,mai/26,202605,23,6,Sábado,Sáb,21,1,,0,1,Realizado,2026-05-01
2026-05-24,2026,S1,T2,5,Maio,Mai,2026-05,mai/26,202605,24,7,Domingo,Dom,21,1,,0,1,Realizado,2026-05-01
2026-05-25,2026,S1,T2,5,Maio,Mai,2026-05,mai/26,202605,25,1,Segunda-feira,Seg,22,0,,1,1,Realizado,2026-05-01
2026-05-26,2026,S1,T2,5,Maio,Mai,2026-05,mai/26,202605,26,2,Terça-feira,Ter,22,0,,1,1,Realizado,2026-05-01
2026-05-27,2026,S1,T2,5,Maio,Mai,2026-05,mai/26,202605,27,3,Quarta-feira,Qua,22,0,,1,1,Realizado,2026-05-01
2026-05-28,2026,S1,T2,5,Maio,Mai,2026-05,mai/26,202605,28,4,Quinta-feira,Qui,22,0,,1,1,Realizado,2026-05-01
2026-05-29,2026,S1,T2,5,Maio,Mai,2026-05,mai/26,202605,29,5,Sexta-feira,Sex,22,0,,1,1,Realizado,2026-05-01
2026-05-30,2026,S1,T2,5,Maio,Mai,2026-05,mai/26,202605,30,6,Sábado,Sáb,22,1,,0,1,Realizado,2026-05-01
2026-05-31,2026,S1,T2,5,Maio,Mai,2026-05,mai/26,202605,31,7,Domingo,Dom,22,1,,0,1,Realizado,2026-05-01
2026-06-01,2026,S1,T2,6,Junho,Jun,2026-06,jun/26,202606,1,1,Segunda-feira,Seg,23,0,,1,1,Realizado,2026-06-01
2026-06-02,2026,S1,T2,6,Junho,Jun,2026-06,jun/26,202606,2,2,Terça-feira,Ter,23,0,,1,1,Realizado,2026-06-01
2026-06-03,2026,S1,T2,6,Junho,Jun,2026-06,jun/26,202606,3,3,Quarta-feira,Qua,23,0,,1,1,Realizado,2026-06-01
2026-06-04,2026,S1,T2,6,Junho,Jun,2026-06,jun/26,202606,4,4,Quinta-feira,Qui,23,0,Corpus Christi,0,1,Realizado,2026-06-01
2026-06-05,2026,S1,T2,6,Junho,Jun,2026-06,jun/26,202606,5,5,Sexta-feira,Sex,23,0,,1,1,Realizado,2026-06-01
2026-06-06,2026,S1,T2,6,Junho,Jun,2026-06,jun/26,202606,6,6,Sábado,Sáb,23,1,,0,1,Realizado,2026-06-01
2026-06-07,2026,S1,T2,6,Junho,Jun,2026-06,jun/26,202606,7,7,Domingo,Dom,23,1,,0,1,Realizado,2026-06-01
2026-06-08,2026,S1,T2,6,Junho,Jun,2026-06,jun/26,202606,8,1,Segunda-feira,Seg,24,0,,1,1,Realizado,2026-06-01
2026-06-09,2026,S1,T2,6,Junho,Jun,2026-06,jun/26,202606,9,2,Terça-feira,Ter,24,0,,1,1,Realizado,2026-06-01
2026-06-10,2026,S1,T2,6,Junho,Jun,2026-06,jun/26,202606,10,3,Quarta-feira,Qua,24,0,,1,1,Realizado,2026-06-01
2026-06-11,2026,S1,T2,6,Junho,Jun,2026-06,jun/26,202606,11,4,Quinta-feira,Qui,24,0,,1,1,Realizado,2026-06-01
2026-06-12,2026,S1,T2,6,Junho,Jun,2026-06,jun/26,202606,12,5,Sexta-feira,Sex,24,0,,1,1,Realizado,2026-06-01
2026-06-13,2026,S1,T2,6,Junho,Jun,2026-06,jun/26,202606,13,6,Sábado,Sáb,24,1,,0,1,Realizado,2026-06-01
2026-06-14,2026,S1,T2,6,Junho,Jun,2026-06,jun/26,202606,14,7,Domingo,Dom,24,1,,0,1,Realizado,2026-06-01
2026-06-15,2026,S1,T2,6,Junho,Jun,2026-06,jun/26,202606,15,1,Segunda-feira,Seg,25,0,,1,1,Realizado,2026-06-01
2026-06-16,2026,S1,T2,6,Junho,Jun,2026-06,jun/26,202606,16,2,Terça-feira,Ter,25,0,,1,1,Realizado,2026-06-01
2026-06-17,2026,S1,T2,6,Junho,Jun,2026-06,jun/26,202606,17,3,Quarta-feira,Qua,25,0,,1,1,Realizado,2026-06-01
2026-06-18,2026,S1,T2,6,Junho,Jun,2026-06,jun/26,202606,18,4,Quinta-feira,Qui,25,0,,1,1,Realizado,2026-06-01
2026-06-19,2026,S1,T2,6,Junho,Jun,2026-06,jun/26,202606,19,5,Sexta-feira,Sex,25,0,,1,1,Realizado,2026-06-01
2026-06-20,2026,S1,T2,6,Junho,Jun,2026-06,jun/26,202606,20,6,Sábado,Sáb,25,1,,0,1,Realizado,2026-06-01
2026-06-21,2026,S1,T2,6,Junho,Jun,2026-06,jun/26,202606,21,7,Domingo,Dom,25,1,,0,1,Realizado,2026-06-01
2026-06-22,2026,S1,T2,6,Junho,Jun,2026-06,jun/26,202606,22,1,Segunda-feira,Seg,26,0,,1,1,Realizado,2026-06-01
2026-06-23,2026,S1,T2,6,Junho,Jun,2026-06,jun/26,202606,23,2,Terça-feira,Ter,26,0,,1,1,Realizado,2026-06-01
2026-06-24,2026,S1,T2,6,Junho,Jun,2026-06,jun/26,202606,24,3,Quarta-feira,Qua,26,0,,1,1,Realizado,2026-06-01
2026-06-25,2026,S1,T2,6,Junho,Jun,2026-06,jun/26,202606,25,4,Quinta-feira,Qui,26,0,,1,1,Realizado,2026-06-01
2026-06-26,2026,S1,T2,6,Junho,Jun,2026-06,jun/26,202606,26,5,Sexta-feira,Sex,26,0,,1,1,Realizado,2026-06-01
2026-06-27,2026,S1,T2,6,Junho,Jun,2026-06,jun/26,202606,27,6,Sábado,Sáb,26,1,,0,1,Realizado,2026-06-01
2026-06-28,2026,S1,T2,6,Junho,Jun,2026-06,jun/26,202606,28,7,Domingo,Dom,26,1,,0,1,Realizado,2026-06-01
2026-06-29,2026,S1,T2,6,Junho,Jun,2026-06,jun/26,202606,29,1,Segunda-feira,Seg,27,0,,1,1,Realizado,2026-06-01
2026-06-30,2026,S1,T2,6,Junho,Jun,2026-06,jun/26,202606,30,2,Terça-feira,Ter,27,0,,1,1,Realizado,2026-06-01
2026-07-01,2026,S2,T3,7,Julho,Jul,2026-07,jul/26,202607,1,3,Quarta-feira,Qua,27,0,,1,1,Realizado,2026-07-01
2026-07-02,2026,S2,T3,7,Julho,Jul,2026-07,jul/26,202607,2,4,Quinta-feira,Qui,27,0,,1,1,Realizado,2026-07-01
2026-07-03,2026,S2,T3,7,Julho,Jul,2026-07,jul/26,202607,3,5,Sexta-feira,Sex,27,0,,1,1,Realizado,2026-07-01
2026-07-04,2026,S2,T3,7,Julho,Jul,2026-07,jul/26,202607,4,6,Sábado,Sáb,27,1,,0,1,Realizado,2026-07-01
2026-07-05,2026,S2,T3,7,Julho,Jul,2026-07,jul/26,202607,5,7,Domingo,Dom,27,1,,0,1,Realizado,2026-07-01
2026-07-06,2026,S2,T3,7,Julho,Jul,2026-07,jul/26,202607,6,1,Segunda-feira,Seg,28,0,,1,1,Realizado,2026-07-01
2026-07-07,2026,S2,T3,7,Julho,Jul,2026-07,jul/26,202607,7,2,Terça-feira,Ter,28,0,,1,1,Realizado,2026-07-01
2026-07-08,2026,S2,T3,7,Julho,Jul,2026-07,jul/26,202607,8,3,Quarta-feira,Qua,28,0,,1,1,Realizado,2026-07-01
2026-07-09,2026,S2,T3,7,Julho,Jul,2026-07,jul/26,202607,9,4,Quinta-feira,Qui,28,0,,1,1,Realizado,2026-07-01
2026-07-10,2026,S2,T3,7,Julho,Jul,2026-07,jul/26,202607,10,5,Sexta-feira,Sex,28,0,,1,1,Realizado,2026-07-01
2026-07-11,2026,S2,T3,7,Julho,Jul,2026-07,jul/26,202607,11,6,Sábado,Sáb,28,1,,0,1,Realizado,2026-07-01
2026-07-12,2026,S2,T3,7,Julho,Jul,2026-07,jul/26,202607,12,7,Domingo,Dom,28,1,,0,1,Realizado,2026-07-01
2026-07-13,2026,S2,T3,7,Julho,Jul,2026-07,jul/26,202607,13,1,Segunda-feira,Seg,29,0,,1,1,Realizado,2026-07-01
2026-07-14,2026,S2,T3,7,Julho,Jul,2026-07,jul/26,202607,14,2,Terça-feira,Ter,29,0,,1,1,Realizado,2026-07-01
2026-07-15,2026,S2,T3,7,Julho,Jul,2026-07,jul/26,202607,15,3,Quarta-feira,Qua,29,0,,1,1,Realizado,2026-07-01
2026-07-16,2026,S2,T3,7,Julho,Jul,2026-07,jul/26,202607,16,4,Quinta-feira,Qui,29,0,,1,1,Realizado,2026-07-01
2026-07-17,2026,S2,T3,7,Julho,Jul,2026-07,jul/26,202607,17,5,Sexta-feira,Sex,29,0,,1,1,Realizado,2026-07-01
2026-07-18,2026,S2,T3,7,Julho,Jul,2026-07,jul/26,202607,18,6,Sábado,Sáb,29,1,,0,1,Realizado,2026-07-01
2026-07-19,2026,S2,T3,7,Julho,Jul,2026-07,jul/26,202607,19,7,Domingo,Dom,29,1,,0,1,Realizado,2026-07-01
2026-07-20,2026,S2,T3,7,Julho,Jul,2026-07,jul/26,202607,20,1,Segunda-feira,Seg,30,0,,1,1,Realizado,2026-07-01
2026-07-21,2026,S2,T3,7,Julho,Jul,2026-07,jul/26,202607,21,2,Terça-feira,Ter,30,0,,1,1,Realizado,2026-07-01
2026-07-22,2026,S2,T3,7,Julho,Jul,2026-07,jul/26,202607,22,3,Quarta-feira,Qua,30,0,,1,1,Realizado,2026-07-01
2026-07-23,2026,S2,T3,7,Julho,Jul,2026-07,jul/26,202607,23,4,Quinta-feira,Qui,30,0,,1,1,Realizado,2026-07-01
2026-07-24,2026,S2,T3,7,Julho,Jul,2026-07,jul/26,202607,24,5,Sexta-feira,Sex,30,0,,1,1,Realizado,2026-07-01
2026-07-25,2026,S2,T3,7,Julho,Jul,2026-07,jul/26,202607,25,6,Sábado,Sáb,30,1,,0,1,Realizado,2026-07-01
2026-07-26,2026,S2,T3,7,Julho,Jul,2026-07,jul/26,202607,26,7,Domingo,Dom,30,1,,0,1,Realizado,2026-07-01
2026-07-27,2026,S2,T3,7,Julho,Jul,2026-07,jul/26,202607,27,1,Segunda-feira,Seg,31,0,,1,1,Realizado,2026-07-01
2026-07-28,2026,S2,T3,7,Julho,Jul,2026-07,jul/26,202607,28,2,Terça-feira,Ter,31,0,,1,1,Realizado,2026-07-01
2026-07-29,2026,S2,T3,7,Julho,Jul,2026-07,jul/26,202607,29,3,Quarta-feira,Qua,31,0,,1,1,Realizado,2026-07-01
2026-07-30,2026,S2,T3,7,Julho,Jul,2026-07,jul/26,202607,30,4,Quinta-feira,Qui,31,0,,1,1,Realizado,2026-07-01
2026-07-31,2026,S2,T3,7,Julho,Jul,2026-07,jul/26,202607,31,5,Sexta-feira,Sex,31,0,,1,1,Realizado,2026-07-01
2026-08-01,2026,S2,T3,8,Agosto,Ago,2026-08,ago/26,202608,1,6,Sábado,Sáb,31,1,,0,1,Realizado,2026-08-01
2026-08-02,2026,S2,T3,8,Agosto,Ago,2026-08,ago/26,202608,2,7,Domingo,Dom,31,1,,0,1,Realizado,2026-08-01
2026-08-03,2026,S2,T3,8,Agosto,Ago,2026-08,ago/26,202608,3,1,Segunda-feira,Seg,32,0,,1,1,Realizado,2026-08-01
2026-08-04,2026,S2,T3,8,Agosto,Ago,2026-08,ago/26,202608,4,2,Terça-feira,Ter,32,0,,1,1,Realizado,2026-08-01
2026-08-05,2026,S2,T3,8,Agosto,Ago,2026-08,ago/26,202608,5,3,Quarta-feira,Qua,32,0,,1,1,Realizado,2026-08-01
2026-08-06,2026,S2,T3,8,Agosto,Ago,2026-08,ago/26,202608,6,4,Quinta-feira,Qui,32,0,,1,1,Realizado,2026-08-01
2026-08-07,2026,S2,T3,8,Agosto,Ago,2026-08,ago/26,202608,7,5,Sexta-feira,Sex,32,0,,1,1,Realizado,2026-08-01
2026-08-08,2026,S2,T3,8,Agosto,Ago,2026-08,ago/26,202608,8,6,Sábado,Sáb,32,1,,0,1,Realizado,2026-08-01
2026-08-09,2026,S2,T3,8,Agosto,Ago,2026-08,ago/26,202608,9,7,Domingo,Dom,32,1,,0,1,Realizado,2026-08-01
2026-08-10,2026,S2,T3,8,Agosto,Ago,2026-08,ago/26,202608,10,1,Segunda-feira,Seg,33,0,,1,1,Realizado,2026-08-01
2026-08-11,2026,S2,T3,8,Agosto,Ago,2026-08,ago/26,202608,11,2,Terça-feira,Ter,33,0,,1,1,Realizado,2026-08-01
2026-08-12,2026,S2,T3,8,Agosto,Ago,2026-08,ago/26,202608,12,3,Quarta-feira,Qua,33,0,,1,1,Realizado,2026-08-01
2026-08-13,2026,S2,T3,8,Agosto,Ago,2026-08,ago/26,202608,13,4,Quinta-feira,Qui,33,0,,1,1,Realizado,2026-08-01
2026-08-14,2026,S2,T3,8,Agosto,Ago,2026-08,ago/26,202608,14,5,Sexta-feira,Sex,33,0,,1,1,Realizado,2026-08-01
2026-08-15,2026,S2,T3,8,Agosto,Ago,2026-08,ago/26,202608,15,6,Sábado,Sáb,33,1,,0,1,Realizado,2026-08-01
2026-08-16,2026,S2,T3,8,Agosto,Ago,2026-08,ago/26,202608,16,7,Domingo,Dom,33,1,,0,1,Realizado,2026-08-01
2026-08-17,2026,S2,T3,8,Agosto,Ago,2026-08,ago/26,202608,17,1,Segunda-feira,Seg,34,0,,1,1,Realizado,2026-08-01
2026-08-18,2026,S2,T3,8,Agosto,Ago,2026-08,ago/26,202608,18,2,Terça-feira,Ter,34,0,,1,1,Realizado,2026-08-01
2026-08-19,2026,S2,T3,8,Agosto,Ago,2026-08,ago/26,202608,19,3,Quarta-feira,Qua,34,0,,1,1,Realizado,2026-08-01
2026-08-20,2026,S2,T3,8,Agosto,Ago,2026-08,ago/26,202608,20,4,Quinta-feira,Qui,34,0,,1,1,Realizado,2026-08-01
2026-08-21,2026,S2,T3,8,Agosto,Ago,2026-08,ago/26,202608,21,5,Sexta-feira,Sex,34,0,,1,1,Realizado,2026-08-01
2026-08-22,2026,S2,T3,8,Agosto,Ago,2026-08,ago/26,202608,22,6,Sábado,Sáb,34,1,,0,1,Realizado,2026-08-01
2026-08-23,2026,S2,T3,8,Agosto,Ago,2026-08,ago/26,202608,23,7,Domingo,Dom,34,1,,0,1,Realizado,2026-08-01
2026-08-24,2026,S2,T3,8,Agosto,Ago,2026-08,ago/26,202608,24,1,Segunda-feira,Seg,35,0,,1,1,Realizado,2026-08-01
2026-08-25,2026,S2,T3,8,Agosto,Ago,2026-08,ago/26,202608,25,2,Terça-feira,Ter,35,0,,1,1,Realizado,2026-08-01
2026-08-26,2026,S2,T3,8,Agosto,Ago,2026-08,ago/26,202608,26,3,Quarta-feira,Qua,35,0,,1,1,Realizado,2026-08-01
2026-08-27,2026,S2,T3,8,Agosto,Ago,2026-08,ago/26,202608,27,4,Quinta-feira,Qui,35,0,,1,1,Realizado,2026-08-01
2026-08-28,2026,S2,T3,8,Agosto,Ago,2026-08,ago/26,202608,28,5,Sexta-feira,Sex,35,0,,1,1,Realizado,2026-08-01
2026-08-29,2026,S2,T3,8,Agosto,Ago,2026-08,ago/26,202608,29,6,Sábado,Sáb,35,1,,0,1,Realizado,2026-08-01
2026-08-30,2026,S2,T3,8,Agosto,Ago,2026-08,ago/26,202608,30,7,Domingo,Dom,35,1,,0,1,Realizado,2026-08-01
2026-08-31,2026,S2,T3,8,Agosto,Ago,2026-08,ago/26,202608,31,1,Segunda-feira,Seg,36,0,,1,1,Realizado,2026-08-01
2026-09-01,2026,S2,T3,9,Setembro,Set,2026-09,set/26,202609,1,2,Terça-feira,Ter,36,0,,1,1,Realizado,2026-09-01
2026-09-02,2026,S2,T3,9,Setembro,Set,2026-09,set/26,202609,2,3,Quarta-feira,Qua,36,0,,1,1,Realizado,2026-09-01
2026-09-03,2026,S2,T3,9,Setembro,Set,2026-09,set/26,202609,3,4,Quinta-feira,Qui,36,0,,1,1,Realizado,2026-09-01
2026-09-04,2026,S2,T3,9,Setembro,Set,2026-09,set/26,202609,4,5,Sexta-feira,Sex,36,0,,1,1,Realizado,2026-09-01
2026-09-05,2026,S2,T3,9,Setembro,Set,2026-09,set/26,202609,5,6,Sábado,Sáb,36,1,,0,1,Realizado,2026-09-01
2026-09-06,2026,S2,T3,9,Setembro,Set,2026-09,set/26,202609,6,7,Domingo,Dom,36,1,,0,1,Realizado,2026-09-01
2026-09-07,2026,S2,T3,9,Setembro,Set,2026-09,set/26,202609,7,1,Segunda-feira,Seg,37,0,Independência do Brasil,0,1,Realizado,2026-09-01
2026-09-08,2026,S2,T3,9,Setembro,Set,2026-09,set/26,202609,8,2,Terça-feira,Ter,37,0,,1,1,Realizado,2026-09-01
2026-09-09,2026,S2,T3,9,Setembro,Set,2026-09,set/26,202609,9,3,Quarta-feira,Qua,37,0,,1,1,Realizado,2026-09-01
2026-09-10,2026,S2,T3,9,Setembro,Set,2026-09,set/26,202609,10,4,Quinta-feira,Qui,37,0,,1,1,Realizado,2026-09-01
2026-09-11,2026,S2,T3,9,Setembro,Set,2026-09,set/26,202609,11,5,Sexta-feira,Sex,37,0,,1,1,Realizado,2026-09-01
2026-09-12,2026,S2,T3,9,Setembro,Set,2026-09,set/26,202609,12,6,Sábado,Sáb,37,1,,0,1,Realizado,2026-09-01
2026-09-13,2026,S2,T3,9,Setembro,Set,2026-09,set/26,202609,13,7,Domingo,Dom,37,1,,0,1,Realizado,2026-09-01
2026-09-14,2026,S2,T3,9,Setembro,Set,2026-09,set/26,202609,14,1,Segunda-feira,Seg,38,0,,1,1,Realizado,2026-09-01
2026-09-15,2026,S2,T3,9,Setembro,Set,2026-09,set/26,202609,15,2,Terça-feira,Ter,38,0,,1,1,Realizado,2026-09-01
2026-09-16,2026,S2,T3,9,Setembro,Set,2026-09,set/26,202609,16,3,Quarta-feira,Qua,38,0,,1,1,Realizado,2026-09-01
2026-09-17,2026,S2,T3,9,Setembro,Set,2026-09,set/26,202609,17,4,Quinta-feira,Qui,38,0,,1,1,Realizado,2026-09-01
2026-09-18,2026,S2,T3,9,Setembro,Set,2026-09,set/26,202609,18,5,Sexta-feira,Sex,38,0,,1,1,Realizado,2026-09-01
2026-09-19,2026,S2,T3,9,Setembro,Set,2026-09,set/26,202609,19,6,Sábado,Sáb,38,1,,0,1,Realizado,2026-09-01
2026-09-20,2026,S2,T3,9,Setembro,Set,2026-09,set/26,202609,20,7,Domingo,Dom,38,1,,0,1,Realizado,2026-09-01
2026-09-21,2026,S2,T3,9,Setembro,Set,2026-09,set/26,202609,21,1,Segunda-feira,Seg,39,0,,1,1,Realizado,2026-09-01
2026-09-22,2026,S2,T3,9,Setembro,Set,2026-09,set/26,202609,22,2,Terça-feira,Ter,39,0,,1,1,Realizado,2026-09-01
2026-09-23,2026,S2,T3,9,Setembro,Set,2026-09,set/26,202609,23,3,Quarta-feira,Qua,39,0,,1,1,Realizado,2026-09-01
2026-09-24,2026,S2,T3,9,Setembro,Set,2026-09,set/26,202609,24,4,Quinta-feira,Qui,39,0,,1,1,Realizado,2026-09-01
2026-09-25,2026,S2,T3,9,Setembro,Set,2026-09,set/26,202609,25,5,Sexta-feira,Sex,39,0,,1,1,Realizado,2026-09-01
2026-09-26,2026,S2,T3,9,Setembro,Set,2026-09,set/26,202609,26,6,Sábado,Sáb,39,1,,0,1,Realizado,2026-09-01
2026-09-27,2026,S2,T3,9,Setembro,Set,2026-09,set/26,202609,27,7,Domingo,Dom,39,1,,0,1,Realizado,2026-09-01
2026-09-28,2026,S2,T3,9,Setembro,Set,2026-09,set/26,202609,28,1,Segunda-feira,Seg,40,0,,1,1,Realizado,2026-09-01
2026-09-29,2026,S2,T3,9,Setembro,Set,2026-09,set/26,202609,29,2,Terça-feira,Ter,40,0,,1,1,Realizado,2026-09-01
2026-09-30,2026,S2,T3,9,Setembro,Set,2026-09,set/26,202609,30,3,Quarta-feira,Qua,40,0,,1,1,Realizado,2026-09-01
2026-10-01,2026,S2,T4,10,Outubro,Out,2026-10,out/26,202610,1,4,Quinta-feira,Qui,40,0,,1,0,Projetado,2026-10-01
2026-10-02,2026,S2,T4,10,Outubro,Out,2026-10,out/26,202610,2,5,Sexta-feira,Sex,40,0,,1,0,Projetado,2026-10-01
2026-10-03,2026,S2,T4,10,Outubro,Out,2026-10,out/26,202610,3,6,Sábado,Sáb,40,1,,0,0,Projetado,2026-10-01
2026-10-04,2026,S2,T4,10,Outubro,Out,2026-10,out/26,202610,4,7,Domingo,Dom,40,1,,0,0,Projetado,2026-10-01
2026-10-05,2026,S2,T4,10,Outubro,Out,2026-10,out/26,202610,5,1,Segunda-feira,Seg,41,0,,1,0,Projetado,2026-10-01
2026-10-06,2026,S2,T4,10,Outubro,Out,2026-10,out/26,202610,6,2,Terça-feira,Ter,41,0,,1,0,Projetado,2026-10-01
2026-10-07,2026,S2,T4,10,Outubro,Out,2026-10,out/26,202610,7,3,Quarta-feira,Qua,41,0,,1,0,Projetado,2026-10-01
2026-10-08,2026,S2,T4,10,Outubro,Out,2026-10,out/26,202610,8,4,Quinta-feira,Qui,41,0,,1,0,Projetado,2026-10-01
2026-10-09,2026,S2,T4,10,Outubro,Out,2026-10,out/26,202610,9,5,Sexta-feira,Sex,41,0,,1,0,Projetado,2026-10-01
2026-10-10,2026,S2,T4,10,Outubro,Out,2026-10,out/26,202610,10,6,Sábado,Sáb,41,1,,0,0,Projetado,2026-10-01
2026-10-11,2026,S2,T4,10,Outubro,Out,2026-10,out/26,202610,11,7,Domingo,Dom,41,1,,0,0,Projetado,2026-10-01
2026-10-12,2026,S2,T4,10,Outubro,Out,2026-10,out/26,202610,12,1,Segunda-feira,Seg,42,0,Nossa Senhora Aparecida,0,0,Projetado,2026-10-01
2026-10-13,2026,S2,T4,10,Outubro,Out,2026-10,out/26,202610,13,2,Terça-feira,Ter,42,0,,1,0,Projetado,2026-10-01
2026-10-14,2026,S2,T4,10,Outubro,Out,2026-10,out/26,202610,14,3,Quarta-feira,Qua,42,0,,1,0,Projetado,2026-10-01
2026-10-15,2026,S2,T4,10,Outubro,Out,2026-10,out/26,202610,15,4,Quinta-feira,Qui,42,0,,1,0,Projetado,2026-10-01
2026-10-16,2026,S2,T4,10,Outubro,Out,2026-10,out/26,202610,16,5,Sexta-feira,Sex,42,0,,1,0,Projetado,2026-10-01
2026-10-17,2026,S2,T4,10,Outubro,Out,2026-10,out/26,202610,17,6,Sábado,Sáb,42,1,,0,0,Projetado,2026-10-01
2026-10-18,2026,S2,T4,10,Outubro,Out,2026-10,out/26,202610,18,7,Domingo,Dom,42,1,,0,0,Projetado,2026-10-01
2026-10-19,2026,S2,T4,10,Outubro,Out,2026-10,out/26,202610,19,1,Segunda-feira,Seg,43,0,,1,0,Projetado,2026-10-01
2026-10-20,2026,S2,T4,10,Outubro,Out,2026-10,out/26,202610,20,2,Terça-feira,Ter,43,0,,1,0,Projetado,2026-10-01
2026-10-21,2026,S2,T4,10,Outubro,Out,2026-10,out/26,202610,21,3,Quarta-feira,Qua,43,0,,1,0,Projetado,2026-10-01
2026-10-22,2026,S2,T4,10,Outubro,Out,2026-10,out/26,202610,22,4,Quinta-feira,Qui,43,0,,1,0,Projetado,2026-10-01
2026-10-23,2026,S2,T4,10,Outubro,Out,2026-10,out/26,202610,23,5,Sexta-feira,Sex,43,0,,1,0,Projetado,2026-10-01
2026-10-24,2026,S2,T4,10,Outubro,Out,2026-10,out/26,202610,24,6,Sábado,Sáb,43,1,,0,0,Projetado,2026-10-01
2026-10-25,2026,S2,T4,10,Outubro,Out,2026-10,out/26,202610,25,7,Domingo,Dom,43,1,,0,0,Projetado,2026-10-01
2026-10-26,2026,S2,T4,10,Outubro,Out,2026-10,out/26,202610,26,1,Segunda-feira,Seg,44,0,,1,0,Projetado,2026-10-01
2026-10-27,2026,S2,T4,10,Outubro,Out,2026-10,out/26,202610,27,2,Terça-feira,Ter,44,0,,1,0,Projetado,2026-10-01
2026-10-28,2026,S2,T4,10,Outubro,Out,2026-10,out/26,202610,28,3,Quarta-feira,Qua,44,0,,1,0,Projetado,2026-10-01
2026-10-29,2026,S2,T4,10,Outubro,Out,2026-10,out/26,202610,29,4,Quinta-feira,Qui,44,0,,1,0,Projetado,2026-10-01
2026-10-30,2026,S2,T4,10,Outubro,Out,2026-10,out/26,202610,30,5,Sexta-feira,Sex,44,0,,1,0,Projetado,2026-10-01
2026-10-31,2026,S2,T4,10,Outubro,Out,2026-10,out/26,202610,31,6,Sábado,Sáb,44,1,,0,0,Projetado,2026-10-01
2026-11-01,2026,S2,T4,11,Novembro,Nov,2026-11,nov/26,202611,1,7,Domingo,Dom,44,1,,0,0,Projetado,2026-11-01
2026-11-02,2026,S2,T4,11,Novembro,Nov,2026-11,nov/26,202611,2,1,Segunda-feira,Seg,45,0,Finados,0,0,Projetado,2026-11-01
2026-11-03,2026,S2,T4,11,Novembro,Nov,2026-11,nov/26,202611,3,2,Terça-feira,Ter,45,0,,1,0,Projetado,2026-11-01
2026-11-04,2026,S2,T4,11,Novembro,Nov,2026-11,nov/26,202611,4,3,Quarta-feira,Qua,45,0,,1,0,Projetado,2026-11-01
2026-11-05,2026,S2,T4,11,Novembro,Nov,2026-11,nov/26,202611,5,4,Quinta-feira,Qui,45,0,,1,0,Projetado,2026-11-01
2026-11-06,2026,S2,T4,11,Novembro,Nov,2026-11,nov/26,202611,6,5,Sexta-feira,Sex,45,0,,1,0,Projetado,2026-11-01
2026-11-07,2026,S2,T4,11,Novembro,Nov,2026-11,nov/26,202611,7,6,Sábado,Sáb,45,1,,0,0,Projetado,2026-11-01
2026-11-08,2026,S2,T4,11,Novembro,Nov,2026-11,nov/26,202611,8,7,Domingo,Dom,45,1,,0,0,Projetado,2026-11-01
2026-11-09,2026,S2,T4,11,Novembro,Nov,2026-11,nov/26,202611,9,1,Segunda-feira,Seg,46,0,,1,0,Projetado,2026-11-01
2026-11-10,2026,S2,T4,11,Novembro,Nov,2026-11,nov/26,202611,10,2,Terça-feira,Ter,46,0,,1,0,Projetado,2026-11-01
2026-11-11,2026,S2,T4,11,Novembro,Nov,2026-11,nov/26,202611,11,3,Quarta-feira,Qua,46,0,,1,0,Projetado,2026-11-01
2026-11-12,2026,S2,T4,11,Novembro,Nov,2026-11,nov/26,202611,12,4,Quinta-feira,Qui,46,0,,1,0,Projetado,2026-11-01
2026-11-13,2026,S2,T4,11,Novembro,Nov,2026-11,nov/26,202611,13,5,Sexta-feira,Sex,46,0,,1,0,Projetado,2026-11-01
2026-11-14,2026,S2,T4,11,Novembro,Nov,2026-11,nov/26,202611,14,6,Sábado,Sáb,46,1,,0,0,Projetado,2026-11-01
2026-11-15,2026,S2,T4,11,Novembro,Nov,2026-11,nov/26,202611,15,7,Domingo,Dom,46,1,Proclamação da República,0,0,Projetado,2026-11-01
2026-11-16,2026,S2,T4,11,Novembro,Nov,2026-11,nov/26,202611,16,1,Segunda-feira,Seg,47,0,,1,0,Projetado,2026-11-01
2026-11-17,2026,S2,T4,11,Novembro,Nov,2026-11,nov/26,202611,17,2,Terça-feira,Ter,47,0,,1,0,Projetado,2026-11-01
2026-11-18,2026,S2,T4,11,Novembro,Nov,2026-11,nov/26,202611,18,3,Quarta-feira,Qua,47,0,,1,0,Projetado,2026-11-01
2026-11-19,2026,S2,T4,11,Novembro,Nov,2026-11,nov/26,202611,19,4,Quinta-feira,Qui,47,0,,1,0,Projetado,2026-11-01
2026-11-20,2026,S2,T4,11,Novembro,Nov,2026-11,nov/26,202611,20,5,Sexta-feira,Sex,47,0,Consciência Negra,0,0,Projetado,2026-11-01
2026-11-21,2026,S2,T4,11,Novembro,Nov,2026-11,nov/26,202611,21,6,Sábado,Sáb,47,1,,0,0,Projetado,2026-11-01
2026-11-22,2026,S2,T4,11,Novembro,Nov,2026-11,nov/26,202611,22,7,Domingo,Dom,47,1,,0,0,Projetado,2026-11-01
2026-11-23,2026,S2,T4,11,Novembro,Nov,2026-11,nov/26,202611,23,1,Segunda-feira,Seg,48,0,,1,0,Projetado,2026-11-01
2026-11-24,2026,S2,T4,11,Novembro,Nov,2026-11,nov/26,202611,24,2,Terça-feira,Ter,48,0,,1,0,Projetado,2026-11-01
2026-11-25,2026,S2,T4,11,Novembro,Nov,2026-11,nov/26,202611,25,3,Quarta-feira,Qua,48,0,,1,0,Projetado,2026-11-01
2026-11-26,2026,S2,T4,11,Novembro,Nov,2026-11,nov/26,202611,26,4,Quinta-feira,Qui,48,0,,1,0,Projetado,2026-11-01
2026-11-27,2026,S2,T4,11,Novembro,Nov,2026-11,nov/26,202611,27,5,Sexta-feira,Sex,48,0,,1,0,Projetado,2026-11-01
2026-11-28,2026,S2,T4,11,Novembro,Nov,2026-11,nov/26,202611,28,6,Sábado,Sáb,48,1,,0,0,Projetado,2026-11-01
2026-11-29,2026,S2,T4,11,Novembro,Nov,2026-11,nov/26,202611,29,7,Domingo,Dom,48,1,,0,0,Projetado,2026-11-01
2026-11-30,2026,S2,T4,11,Novembro,Nov,2026-11,nov/26,202611,30,1,Segunda-feira,Seg,49,0,,1,0,Projetado,2026-11-01
2026-12-01,2026,S2,T4,12,Dezembro,Dez,2026-12,dez/26,202612,1,2,Terça-feira,Ter,49,0,,1,0,Projetado,2026-12-01
2026-12-02,2026,S2,T4,12,Dezembro,Dez,2026-12,dez/26,202612,2,3,Quarta-feira,Qua,49,0,,1,0,Projetado,2026-12-01
2026-12-03,2026,S2,T4,12,Dezembro,Dez,2026-12,dez/26,202612,3,4,Quinta-feira,Qui,49,0,,1,0,Projetado,2026-12-01
2026-12-04,2026,S2,T4,12,Dezembro,Dez,2026-12,dez/26,202612,4,5,Sexta-feira,Sex,49,0,,1,0,Projetado,2026-12-01
2026-12-05,2026,S2,T4,12,Dezembro,Dez,2026-12,dez/26,202612,5,6,Sábado,Sáb,49,1,,0,0,Projetado,2026-12-01
2026-12-06,2026,S2,T4,12,Dezembro,Dez,2026-12,dez/26,202612,6,7,Domingo,Dom,49,1,,0,0,Projetado,2026-12-01
2026-12-07,2026,S2,T4,12,Dezembro,Dez,2026-12,dez/26,202612,7,1,Segunda-feira,Seg,50,0,,1,0,Projetado,2026-12-01
2026-12-08,2026,S2,T4,12,Dezembro,Dez,2026-12,dez/26,202612,8,2,Terça-feira,Ter,50,0,,1,0,Projetado,2026-12-01
2026-12-09,2026,S2,T4,12,Dezembro,Dez,2026-12,dez/26,202612,9,3,Quarta-feira,Qua,50,0,,1,0,Projetado,2026-12-01
2026-12-10,2026,S2,T4,12,Dezembro,Dez,2026-12,dez/26,202612,10,4,Quinta-feira,Qui,50,0,,1,0,Projetado,2026-12-01
2026-12-11,2026,S2,T4,12,Dezembro,Dez,2026-12,dez/26,202612,11,5,Sexta-feira,Sex,50,0,,1,0,Projetado,2026-12-01
2026-12-12,2026,S2,T4,12,Dezembro,Dez,2026-12,dez/26,202612,12,6,Sábado,Sáb,50,1,,0,0,Projetado,2026-12-01
2026-12-13,2026,S2,T4,12,Dezembro,Dez,2026-12,dez/26,202612,13,7,Domingo,Dom,50,1,,0,0,Projetado,2026-12-01
2026-12-14,2026,S2,T4,12,Dezembro,Dez,2026-12,dez/26,202612,14,1,Segunda-feira,Seg,51,0,,1,0,Projetado,2026-12-01
2026-12-15,2026,S2,T4,12,Dezembro,Dez,2026-12,dez/26,202612,15,2,Terça-feira,Ter,51,0,,1,0,Projetado,2026-12-01
2026-12-16,2026,S2,T4,12,Dezembro,Dez,2026-12,dez/26,202612,16,3,Quarta-feira,Qua,51,0,,1,0,Projetado,2026-12-01
2026-12-17,2026,S2,T4,12,Dezembro,Dez,2026-12,dez/26,202612,17,4,Quinta-feira,Qui,51,0,,1,0,Projetado,2026-12-01
2026-12-18,2026,S2,T4,12,Dezembro,Dez,2026-12,dez/26,202612,18,5,Sexta-feira,Sex,51,0,,1,0,Projetado,2026-12-01
2026-12-19,2026,S2,T4,12,Dezembro,Dez,2026-12,dez/26,202612,19,6,Sábado,Sáb,51,1,,0,0,Projetado,2026-12-01
2026-12-20,2026,S2,T4,12,Dezembro,Dez,2026-12,dez/26,202612,20,7,Domingo,Dom,51,1,,0,0,Projetado,2026-12-01
2026-12-21,2026,S2,T4,12,Dezembro,Dez,2026-12,dez/26,202612,21,1,Segunda-feira,Seg,52,0,,1,0,Projetado,2026-12-01
2026-12-22,2026,S2,T4,12,Dezembro,Dez,2026-12,dez/26,202612,22,2,Terça-feira,Ter,52,0,,1,0,Projetado,2026-12-01
2026-12-23,2026,S2,T4,12,Dezembro,Dez,2026-12,dez/26,202612,23,3,Quarta-feira,Qua,52,0,,1,0,Projetado,2026-12-01
2026-12-24,2026,S2,T4,12,Dezembro,Dez,2026-12,dez/26,202612,24,4,Quinta-feira,Qui,52,0,,1,0,Projetado,2026-12-01
2026-12-25,2026,S2,T4,12,Dezembro,Dez,2026-12,dez/26,202612,25,5,Sexta-feira,Sex,52,0,Natal,0,0,Projetado,2026-12-01
2026-12-26,2026,S2,T4,12,Dezembro,Dez,2026-12,dez/26,202612,26,6,Sábado,Sáb,52,1,,0,0,Projetado,2026-12-01
2026-12-27,2026,S2,T4,12,Dezembro,Dez,2026-12,dez/26,202612,27,7,Domingo,Dom,52,1,,0,0,Projetado,2026-12-01
2026-12-28,2026,S2,T4,12,Dezembro,Dez,2026-12,dez/26,202612,28,1,Segunda-feira,Seg,53,0,,1,0,Projetado,2026-12-01
2026-12-29,2026,S2,T4,12,Dezembro,Dez,2026-12,dez/26,202612,29,2,Terça-feira,Ter,53,0,,1,0,Projetado,2026-12-01
2026-12-30,2026,S2,T4,12,Dezembro,Dez,2026-12,dez/26,202612,30,3,Quarta-feira,Qua,53,0,,1,0,Projetado,2026-12-01
2026-12-31,2026,S2,T4,12,Dezembro,Dez,2026-12,dez/26,202612,31,4,Quinta-feira,Qui,53,0,,1,0,Projetado,2026-12-01
