id_despesa,data,id_departamento,id_categoria_despesa,id_filial,fornecedor,valor
1,2024-01-01,1,3,1,Benefícios Corporativos (VR/VA/Plano),2293.23
2,2024-01-01,1,4,1,Folha de Comissões,17395.77
3,2024-01-01,2,3,1,Benefícios Corporativos (VR/VA/Plano),4658.3
4,2024-01-01,3,3,1,Benefícios Corporativos (VR/VA/Plano),4569.26
5,2024-01-01,4,3,1,Benefícios Corporativos (VR/VA/Plano),3454.19
6,2024-01-01,5,3,1,Benefícios Corporativos (VR/VA/Plano),4607.94
7,2024-01-01,5,12,1,Consultoria Alvo,9410.54
8,2024-01-01,6,3,1,Benefícios Corporativos (VR/VA/Plano),2287.51
9,2024-01-01,7,3,1,Benefícios Corporativos (VR/VA/Plano),3479.95
10,2024-01-01,8,3,1,Benefícios Corporativos (VR/VA/Plano),5749.15
11,2024-01-01,1,3,2,Benefícios Corporativos (VR/VA/Plano),2302.3
12,2024-01-01,6,3,2,Benefícios Corporativos (VR/VA/Plano),2268.45
13,2024-01-01,7,3,2,Benefícios Corporativos (VR/VA/Plano),1155.25
14,2024-01-01,1,3,3,Benefícios Corporativos (VR/VA/Plano),2335.95
15,2024-01-01,6,3,3,Benefícios Corporativos (VR/VA/Plano),2330.5
16,2024-01-01,7,3,3,Benefícios Corporativos (VR/VA/Plano),1156.99
17,2024-01-01,1,3,4,Benefícios Corporativos (VR/VA/Plano),2344.36
18,2024-01-01,5,17,4,Comissão de Marketplaces,2442.19
19,2024-01-01,6,3,4,Benefícios Corporativos (VR/VA/Plano),2297.02
20,2024-01-01,7,3,4,Benefícios Corporativos (VR/VA/Plano),1165.07
21,2024-01-01,1,3,5,Benefícios Corporativos (VR/VA/Plano),2324.05
22,2024-01-01,6,3,5,Benefícios Corporativos (VR/VA/Plano),2263.25
23,2024-01-01,7,3,5,Benefícios Corporativos (VR/VA/Plano),1170.57
24,2024-01-01,1,3,6,Benefícios Corporativos (VR/VA/Plano),2305.65
25,2024-01-01,6,3,6,Benefícios Corporativos (VR/VA/Plano),2280.34
26,2024-01-01,7,3,6,Benefícios Corporativos (VR/VA/Plano),1127.91
27,2024-01-02,6,7,2,Correios Corporativo,2083.39
28,2024-01-03,2,5,1,Influenciadores & Afiliados,2761.39
29,2024-01-04,3,12,1,Consultoria Alvo,12376.79
30,2024-01-04,7,16,1,Papelaria Central,2899.45
31,2024-01-04,2,5,5,Meta Ads,2434.61
32,2024-01-04,2,5,5,TikTok Ads,1106.64
33,2024-01-04,6,7,6,RodoFácil Transportes,2065.95
34,2024-01-04,6,7,6,Correios Corporativo,1377.3
35,2024-01-04,6,8,6,Manutec Serviços,2452.94
36,2024-01-05,1,1,1,Folha de Pagamento,8449.01
37,2024-01-05,2,1,1,Folha de Pagamento,28021.24
38,2024-01-05,3,1,1,Folha de Pagamento,42123.51
39,2024-01-05,4,1,1,Folha de Pagamento,18700.8
40,2024-01-05,5,1,1,Folha de Pagamento,31417.04
41,2024-01-05,6,1,1,Folha de Pagamento,6801.13
42,2024-01-05,7,1,1,Folha de Pagamento,11691.8
43,2024-01-05,8,1,1,Folha de Pagamento,57847.44
44,2024-01-05,1,1,2,Folha de Pagamento,8425.06
45,2024-01-05,2,5,2,Meta Ads,4250.14
46,2024-01-05,6,1,2,Folha de Pagamento,6766.07
47,2024-01-05,7,1,2,Folha de Pagamento,3923.04
48,2024-01-05,1,1,3,Folha de Pagamento,8370.27
49,2024-01-05,6,1,3,Folha de Pagamento,6798.14
50,2024-01-05,7,1,3,Folha de Pagamento,3914.22
51,2024-01-05,1,1,4,Folha de Pagamento,8392.59
52,2024-01-05,6,1,4,Folha de Pagamento,6850.83
53,2024-01-05,6,7,4,TransLog Express,3252.95
54,2024-01-05,6,7,4,RodoFácil Transportes,1951.77
55,2024-01-05,7,1,4,Folha de Pagamento,3911.84
56,2024-01-05,1,1,5,Folha de Pagamento,8406.72
57,2024-01-05,6,1,5,Folha de Pagamento,6799.9
58,2024-01-05,7,1,5,Folha de Pagamento,3910.41
59,2024-01-05,1,1,6,Folha de Pagamento,8386.8
60,2024-01-05,5,17,6,Comissão de Marketplaces,4651.53
61,2024-01-05,6,1,6,Folha de Pagamento,6850.19
62,2024-01-05,7,1,6,Folha de Pagamento,3908.03
63,2024-01-07,2,5,1,Google Ads,11597.86
64,2024-01-07,2,5,4,Meta Ads,3064.64
65,2024-01-07,2,5,4,Influenciadores & Afiliados,928.68
66,2024-01-07,6,7,5,TransLog Express,1846.46
67,2024-01-07,7,16,5,OfficeMax Atacado,1106.13
68,2024-01-08,2,5,1,Meta Ads,9112.6
69,2024-01-08,3,11,1,CloudSoft Infra,20900.0
70,2024-01-08,3,11,1,Licenças Corp Brasil,11400.0
71,2024-01-08,3,11,1,DevTools Pro,5700.0
72,2024-01-08,7,16,3,OfficeMax Atacado,1638.79
73,2024-01-08,1,13,4,Locadora Frota Viva,1954.54
74,2024-01-08,2,5,6,TikTok Ads,1149.79
75,2024-01-08,2,5,6,Influenciadores & Afiliados,766.53
76,2024-01-09,1,4,4,Folha de Comissões,5435.36
77,2024-01-09,1,13,6,Locadora Frota Viva,3312.86
78,2024-01-09,5,17,6,Adquirentes (cartão/PIX),2969.9
79,2024-01-10,7,9,1,Locadora Imóveis São Paulo,30000.0
80,2024-01-10,7,9,2,Locadora Imóveis Rio de Janeiro,15000.0
81,2024-01-10,7,9,3,Locadora Imóveis Belo Horizonte,10000.0
82,2024-01-10,7,9,4,Locadora Imóveis Curitiba,9500.0
83,2024-01-10,6,7,5,RodoFácil Transportes,1107.88
84,2024-01-10,7,9,5,Locadora Imóveis Porto Alegre,8500.0
85,2024-01-10,7,9,6,Locadora Imóveis Brasília,10500.0
86,2024-01-10,7,16,6,OfficeMax Atacado,1165.83
87,2024-01-11,6,7,1,TransLog Express,10220.36
88,2024-01-11,6,7,1,Correios Corporativo,4088.14
89,2024-01-11,6,7,2,TransLog Express,5208.47
90,2024-01-12,7,15,1,Seguradora Aliança,4800.0
91,2024-01-12,7,15,2,Seguradora Aliança,3000.0
92,2024-01-12,1,13,3,Agência de Viagens Rota,3784.06
93,2024-01-12,5,17,3,Comissão de Marketplaces,1420.63
94,2024-01-12,7,15,3,Seguradora Aliança,2520.0
95,2024-01-12,7,15,4,Seguradora Aliança,2400.0
96,2024-01-12,7,15,5,Seguradora Aliança,2160.0
97,2024-01-12,7,15,6,Seguradora Aliança,2280.0
98,2024-01-13,1,13,1,Agência de Viagens Rota,6027.98
99,2024-01-13,6,7,1,RodoFácil Transportes,6132.21
100,2024-01-13,5,17,2,Comissão de Marketplaces,1899.45
101,2024-01-14,2,5,6,Meta Ads,2529.54
102,2024-01-15,7,10,1,Concessionária Local SP,14994.45
103,2024-01-15,7,10,2,Concessionária Local RJ,9268.34
104,2024-01-15,7,10,3,Concessionária Local MG,7501.26
105,2024-01-15,7,10,4,Concessionária Local PR,7065.88
106,2024-01-15,5,17,5,Adquirentes (cartão/PIX),2191.78
107,2024-01-15,7,10,5,Concessionária Local RS,6638.7
108,2024-01-15,7,10,6,Concessionária Local DF,7026.78
109,2024-01-16,4,14,1,Instituto Aprender,4017.45
110,2024-01-16,2,5,3,Google Ads,5315.81
111,2024-01-16,6,7,4,Correios Corporativo,1301.18
112,2024-01-16,5,17,5,Comissão de Marketplaces,919.21
113,2024-01-17,6,8,2,Manutec Serviços,6029.47
114,2024-01-17,2,5,3,Meta Ads,4176.71
115,2024-01-17,5,17,3,Adquirentes (cartão/PIX),7761.69
116,2024-01-17,2,5,5,Google Ads,3098.6
117,2024-01-17,6,7,6,TransLog Express,3443.26
118,2024-01-18,1,4,2,Folha de Comissões,8421.87
119,2024-01-18,2,5,6,Google Ads,3219.41
120,2024-01-19,1,4,6,Folha de Comissões,5310.36
121,2024-01-20,1,2,1,INSS / FGTS / Encargos,3041.64
122,2024-01-20,2,2,1,INSS / FGTS / Encargos,10087.65
123,2024-01-20,3,2,1,INSS / FGTS / Encargos,15164.46
124,2024-01-20,4,2,1,INSS / FGTS / Encargos,6732.29
125,2024-01-20,5,2,1,INSS / FGTS / Encargos,11310.13
126,2024-01-20,6,2,1,INSS / FGTS / Encargos,2448.41
127,2024-01-20,7,2,1,INSS / FGTS / Encargos,4209.05
128,2024-01-20,8,2,1,INSS / FGTS / Encargos,20825.08
129,2024-01-20,1,2,2,INSS / FGTS / Encargos,3033.02
130,2024-01-20,6,2,2,INSS / FGTS / Encargos,2435.79
131,2024-01-20,7,2,2,INSS / FGTS / Encargos,1412.29
132,2024-01-20,1,2,3,INSS / FGTS / Encargos,3013.3
133,2024-01-20,6,2,3,INSS / FGTS / Encargos,2447.33
134,2024-01-20,7,2,3,INSS / FGTS / Encargos,1409.12
135,2024-01-20,1,2,4,INSS / FGTS / Encargos,3021.33
136,2024-01-20,6,2,4,INSS / FGTS / Encargos,2466.3
137,2024-01-20,7,2,4,INSS / FGTS / Encargos,1408.26
138,2024-01-20,1,2,5,INSS / FGTS / Encargos,3026.42
139,2024-01-20,6,2,5,INSS / FGTS / Encargos,2447.97
140,2024-01-20,7,2,5,INSS / FGTS / Encargos,1407.75
141,2024-01-20,1,2,6,INSS / FGTS / Encargos,3019.25
142,2024-01-20,6,2,6,INSS / FGTS / Encargos,2466.07
143,2024-01-20,7,2,6,INSS / FGTS / Encargos,1406.89
144,2024-01-21,6,7,3,RodoFácil Transportes,3571.54
145,2024-01-21,1,13,5,Agência de Viagens Rota,1491.56
146,2024-01-22,2,5,2,Google Ads,5409.27
147,2024-01-22,1,4,3,Folha de Comissões,10111.09
148,2024-01-24,2,5,3,Influenciadores & Afiliados,1265.67
149,2024-01-24,6,8,3,Manutec Serviços,5911.0
150,2024-01-24,2,5,4,TikTok Ads,1393.02
151,2024-01-25,2,12,1,Contabilidade & Cia,7729.16
152,2024-01-25,5,18,1,Banco Nacional,6400.03
153,2024-01-25,5,18,1,Banco do Brasil Corporativo,3840.02
154,2024-01-25,5,18,1,Cooperativa Crédito,2560.01
155,2024-01-25,7,16,4,OfficeMax Atacado,992.58
156,2024-01-27,7,16,2,OfficeMax Atacado,1666.92
157,2024-01-27,2,5,3,TikTok Ads,1898.5
158,2024-01-27,2,5,4,Google Ads,3900.45
159,2024-01-27,2,5,5,Influenciadores & Afiliados,737.76
160,2024-01-28,6,8,1,ClimaFix,9873.27
161,2024-01-28,2,5,2,Influenciadores & Afiliados,1287.92
162,2024-01-28,6,7,2,RodoFácil Transportes,3125.08
163,2024-01-28,6,7,5,Correios Corporativo,738.58
164,2024-01-28,6,8,5,ClimaFix,2107.17
165,2024-01-30,5,17,1,Adquirentes (cartão/PIX),12509.8
166,2024-01-30,5,17,1,Comissão de Marketplaces,3145.97
167,2024-01-30,1,13,2,Locadora Frota Viva,4862.05
168,2024-01-30,5,17,2,Adquirentes (cartão/PIX),5481.94
169,2024-01-30,6,7,3,TransLog Express,5952.57
170,2024-01-30,6,8,4,ClimaFix,3332.79
171,2024-01-31,2,5,1,TikTok Ads,4142.09
172,2024-01-31,2,5,2,TikTok Ads,1931.88
173,2024-01-31,6,7,3,Correios Corporativo,2381.03
174,2024-01-31,5,17,4,Adquirentes (cartão/PIX),3932.61
175,2024-01-31,1,4,5,Folha de Comissões,3132.14
176,2024-02-01,1,3,1,Benefícios Corporativos (VR/VA/Plano),2292.29
177,2024-02-01,2,3,1,Benefícios Corporativos (VR/VA/Plano),4589.51
178,2024-02-01,3,3,1,Benefícios Corporativos (VR/VA/Plano),4665.44
179,2024-02-01,4,3,1,Benefícios Corporativos (VR/VA/Plano),3440.37
180,2024-02-01,5,3,1,Benefícios Corporativos (VR/VA/Plano),4642.86
181,2024-02-01,6,3,1,Benefícios Corporativos (VR/VA/Plano),2288.72
182,2024-02-01,7,3,1,Benefícios Corporativos (VR/VA/Plano),3407.9
183,2024-02-01,8,3,1,Benefícios Corporativos (VR/VA/Plano),5714.73
184,2024-02-01,1,3,2,Benefícios Corporativos (VR/VA/Plano),2297.98
185,2024-02-01,6,3,2,Benefícios Corporativos (VR/VA/Plano),2286.57
186,2024-02-01,7,3,2,Benefícios Corporativos (VR/VA/Plano),1132.98
187,2024-02-01,1,3,3,Benefícios Corporativos (VR/VA/Plano),2328.9
188,2024-02-01,6,3,3,Benefícios Corporativos (VR/VA/Plano),2259.65
189,2024-02-01,7,3,3,Benefícios Corporativos (VR/VA/Plano),1129.47
190,2024-02-01,7,16,3,Papelaria Central,1334.26
191,2024-02-01,1,3,4,Benefícios Corporativos (VR/VA/Plano),2279.48
192,2024-02-01,6,3,4,Benefícios Corporativos (VR/VA/Plano),2282.76
193,2024-02-01,7,3,4,Benefícios Corporativos (VR/VA/Plano),1155.86
194,2024-02-01,1,3,5,Benefícios Corporativos (VR/VA/Plano),2340.74
195,2024-02-01,6,3,5,Benefícios Corporativos (VR/VA/Plano),2322.4
196,2024-02-01,6,7,5,RodoFácil Transportes,1407.63
197,2024-02-01,7,3,5,Benefícios Corporativos (VR/VA/Plano),1134.58
198,2024-02-01,1,3,6,Benefícios Corporativos (VR/VA/Plano),2256.41
199,2024-02-01,6,3,6,Benefícios Corporativos (VR/VA/Plano),2290.46
200,2024-02-01,7,3,6,Benefícios Corporativos (VR/VA/Plano),1137.33
201,2024-02-02,6,7,3,Correios Corporativo,1476.24
202,2024-02-03,5,17,1,Comissão de Marketplaces,4423.12
203,2024-02-03,6,8,2,ClimaFix,3966.42
204,2024-02-03,2,5,5,Meta Ads,2470.16
205,2024-02-04,5,17,4,Adquirentes (cartão/PIX),4305.91
206,2024-02-05,1,1,1,Folha de Pagamento,8482.6
207,2024-02-05,2,1,1,Folha de Pagamento,28126.52
208,2024-02-05,3,1,1,Folha de Pagamento,41852.3
209,2024-02-05,4,1,1,Folha de Pagamento,18601.43
210,2024-02-05,5,1,1,Folha de Pagamento,31355.02
211,2024-02-05,6,1,1,Folha de Pagamento,6860.78
212,2024-02-05,7,1,1,Folha de Pagamento,11768.57
213,2024-02-05,8,1,1,Folha de Pagamento,57357.24
214,2024-02-05,1,1,2,Folha de Pagamento,8391.99
215,2024-02-05,6,1,2,Folha de Pagamento,6866.59
216,2024-02-05,7,1,2,Folha de Pagamento,3909.74
217,2024-02-05,1,1,3,Folha de Pagamento,8453.45
218,2024-02-05,6,1,3,Folha de Pagamento,6766.54
219,2024-02-05,7,1,3,Folha de Pagamento,3904.42
220,2024-02-05,1,1,4,Folha de Pagamento,8434.69
221,2024-02-05,5,17,4,Comissão de Marketplaces,295.98
222,2024-02-05,6,1,4,Folha de Pagamento,6841.1
223,2024-02-05,7,1,4,Folha de Pagamento,3900.44
224,2024-02-05,1,1,5,Folha de Pagamento,8368.98
225,2024-02-05,6,1,5,Folha de Pagamento,6786.91
226,2024-02-05,7,1,5,Folha de Pagamento,3923.24
227,2024-02-05,1,1,6,Folha de Pagamento,8425.7
228,2024-02-05,6,1,6,Folha de Pagamento,6828.45
229,2024-02-05,7,1,6,Folha de Pagamento,3883.44
230,2024-02-06,4,14,1,Instituto Aprender,23548.64
231,2024-02-06,6,7,1,RodoFácil Transportes,5859.09
232,2024-02-06,6,7,2,Correios Corporativo,1711.2
233,2024-02-06,2,5,4,Google Ads,3871.73
234,2024-02-06,2,5,4,Influenciadores & Afiliados,921.84
235,2024-02-06,2,5,5,TikTok Ads,1122.8
236,2024-02-06,5,17,5,Comissão de Marketplaces,1859.45
237,2024-02-06,6,7,6,TransLog Express,1731.04
238,2024-02-08,3,11,1,CloudSoft Infra,20983.6
239,2024-02-08,3,11,1,Licenças Corp Brasil,11445.6
240,2024-02-08,3,11,1,DevTools Pro,5722.8
241,2024-02-08,3,12,1,Contabilidade & Cia,14313.73
242,2024-02-08,2,5,3,Influenciadores & Afiliados,1269.75
243,2024-02-08,6,7,4,TransLog Express,3858.0
244,2024-02-08,6,8,5,ClimaFix,5059.47
245,2024-02-08,2,5,6,Google Ads,3246.78
246,2024-02-08,6,7,6,RodoFácil Transportes,1038.62
247,2024-02-10,7,9,1,Locadora Imóveis São Paulo,30000.0
248,2024-02-10,1,13,2,Agência de Viagens Rota,4137.57
249,2024-02-10,2,5,2,Influenciadores & Afiliados,1332.24
250,2024-02-10,7,9,2,Locadora Imóveis Rio de Janeiro,15000.0
251,2024-02-10,7,9,3,Locadora Imóveis Belo Horizonte,10000.0
252,2024-02-10,7,9,4,Locadora Imóveis Curitiba,9500.0
253,2024-02-10,7,9,5,Locadora Imóveis Porto Alegre,8500.0
254,2024-02-10,7,9,6,Locadora Imóveis Brasília,10500.0
255,2024-02-11,5,17,2,Comissão de Marketplaces,1241.32
256,2024-02-11,7,16,6,Papelaria Central,1511.96
257,2024-02-12,6,7,1,TransLog Express,9765.15
258,2024-02-12,7,15,1,Seguradora Aliança,4800.0
259,2024-02-12,7,15,2,Seguradora Aliança,3000.0
260,2024-02-12,7,15,3,Seguradora Aliança,2520.0
261,2024-02-12,2,5,4,TikTok Ads,1382.76
262,2024-02-12,7,15,4,Seguradora Aliança,2400.0
263,2024-02-12,7,16,4,OfficeMax Atacado,1409.98
264,2024-02-12,7,15,5,Seguradora Aliança,2160.0
265,2024-02-12,2,5,6,TikTok Ads,1159.57
266,2024-02-12,6,8,6,ClimaFix,4229.49
267,2024-02-12,7,15,6,Seguradora Aliança,2280.0
268,2024-02-13,5,17,3,Comissão de Marketplaces,763.95
269,2024-02-13,2,5,5,Google Ads,3143.84
270,2024-02-14,2,5,1,Influenciadores & Afiliados,2884.71
271,2024-02-14,2,5,4,Meta Ads,3042.07
272,2024-02-14,5,17,5,Adquirentes (cartão/PIX),2295.26
273,2024-02-15,7,10,1,Concessionária Local SP,14746.12
274,2024-02-15,7,10,2,Concessionária Local RJ,9328.86
275,2024-02-15,1,4,3,Folha de Comissões,6852.18
276,2024-02-15,6,7,3,TransLog Express,3690.61
277,2024-02-15,7,10,3,Concessionária Local MG,8369.62
278,2024-02-15,7,10,4,Concessionária Local PR,7934.62
279,2024-02-15,7,10,5,Concessionária Local RS,6544.86
280,2024-02-15,1,4,6,Folha de Comissões,3128.87
281,2024-02-15,7,10,6,Concessionária Local DF,7644.39
282,2024-02-16,2,5,1,TikTok Ads,4327.06
283,2024-02-16,6,7,2,RodoFácil Transportes,2566.8
284,2024-02-16,1,13,4,Agência de Viagens Rota,2735.92
285,2024-02-17,2,5,1,Meta Ads,9519.54
286,2024-02-17,6,7,3,RodoFácil Transportes,2214.37
287,2024-02-17,6,7,5,TransLog Express,2346.05
288,2024-02-17,2,5,6,Influenciadores & Afiliados,773.04
289,2024-02-18,1,4,1,Folha de Comissões,15956.52
290,2024-02-18,2,12,1,Agência Pixel,15847.55
291,2024-02-18,1,4,2,Folha de Comissões,6473.51
292,2024-02-18,2,5,3,Google Ads,5332.96
293,2024-02-18,6,8,4,ClimaFix,4688.06
294,2024-02-18,1,13,6,Locadora Frota Viva,1778.12
295,2024-02-19,2,5,2,Meta Ads,4396.4
296,2024-02-19,5,17,2,Adquirentes (cartão/PIX),4889.24
297,2024-02-19,6,7,2,TransLog Express,4278.0
298,2024-02-19,1,13,5,Agência de Viagens Rota,2166.89
299,2024-02-20,1,2,1,INSS / FGTS / Encargos,3053.74
300,2024-02-20,2,2,1,INSS / FGTS / Encargos,10125.55
301,2024-02-20,3,2,1,INSS / FGTS / Encargos,15066.83
302,2024-02-20,4,2,1,INSS / FGTS / Encargos,6696.51
303,2024-02-20,5,2,1,INSS / FGTS / Encargos,11287.81
304,2024-02-20,6,2,1,INSS / FGTS / Encargos,2469.88
305,2024-02-20,7,2,1,INSS / FGTS / Encargos,4236.69
306,2024-02-20,8,2,1,INSS / FGTS / Encargos,20648.61
307,2024-02-20,1,2,2,INSS / FGTS / Encargos,3021.12
308,2024-02-20,6,2,2,INSS / FGTS / Encargos,2471.97
309,2024-02-20,7,2,2,INSS / FGTS / Encargos,1407.51
310,2024-02-20,1,2,3,INSS / FGTS / Encargos,3043.24
311,2024-02-20,6,2,3,INSS / FGTS / Encargos,2435.95
312,2024-02-20,6,8,3,Manutec Serviços,3875.8
313,2024-02-20,7,2,3,INSS / FGTS / Encargos,1405.59
314,2024-02-20,1,2,4,INSS / FGTS / Encargos,3036.49
315,2024-02-20,6,2,4,INSS / FGTS / Encargos,2462.79
316,2024-02-20,7,2,4,INSS / FGTS / Encargos,1404.16
317,2024-02-20,1,2,5,INSS / FGTS / Encargos,3012.83
318,2024-02-20,1,4,5,Folha de Comissões,3498.09
319,2024-02-20,6,2,5,INSS / FGTS / Encargos,2443.29
320,2024-02-20,7,2,5,INSS / FGTS / Encargos,1412.37
321,2024-02-20,1,2,6,INSS / FGTS / Encargos,3033.25
322,2024-02-20,6,2,6,INSS / FGTS / Encargos,2458.24
323,2024-02-20,7,2,6,INSS / FGTS / Encargos,1398.04
324,2024-02-21,6,7,4,RodoFácil Transportes,2314.8
325,2024-02-21,7,16,5,OfficeMax Atacado,1291.88
326,2024-02-22,2,5,1,Google Ads,12115.78
327,2024-02-22,2,5,2,Google Ads,5595.42
328,2024-02-22,2,5,6,Meta Ads,2551.04
329,2024-02-22,6,7,6,Correios Corporativo,692.42
330,2024-02-23,6,7,1,Correios Corporativo,3906.06
331,2024-02-23,1,4,4,Folha de Comissões,5959.42
332,2024-02-24,1,13,1,Agência de Viagens Rota,8961.36
333,2024-02-24,7,16,1,OfficeMax Atacado,2067.59
334,2024-02-24,2,5,3,Meta Ads,4190.18
335,2024-02-24,2,5,3,TikTok Ads,1904.63
336,2024-02-24,6,7,4,Correios Corporativo,1543.2
337,2024-02-25,5,18,1,Banco Nacional,6532.56
338,2024-02-25,5,18,1,Banco do Brasil Corporativo,3919.54
339,2024-02-25,5,18,1,Cooperativa Crédito,2613.02
340,2024-02-25,2,5,2,TikTok Ads,1998.36
341,2024-02-26,5,17,1,Adquirentes (cartão/PIX),11056.82
342,2024-02-26,7,16,2,Papelaria Central,1669.47
343,2024-02-26,5,17,3,Adquirentes (cartão/PIX),4708.6
344,2024-02-26,5,17,6,Adquirentes (cartão/PIX),2271.77
345,2024-02-27,1,13,3,Locadora Frota Viva,3403.97
346,2024-02-28,2,5,5,Influenciadores & Afiliados,748.53
347,2024-02-29,6,8,1,Manutec Serviços,8867.87
348,2024-02-29,6,7,5,Correios Corporativo,938.42
349,2024-02-29,5,17,6,Comissão de Marketplaces,146.8
350,2024-03-01,1,3,1,Benefícios Corporativos (VR/VA/Plano),2257.13
351,2024-03-01,2,3,1,Benefícios Corporativos (VR/VA/Plano),4551.88
352,2024-03-01,2,5,1,Influenciadores & Afiliados,3698.81
353,2024-03-01,3,3,1,Benefícios Corporativos (VR/VA/Plano),4570.12
354,2024-03-01,4,3,1,Benefícios Corporativos (VR/VA/Plano),3513.1
355,2024-03-01,5,3,1,Benefícios Corporativos (VR/VA/Plano),4633.18
356,2024-03-01,6,3,1,Benefícios Corporativos (VR/VA/Plano),2301.01
357,2024-03-01,7,3,1,Benefícios Corporativos (VR/VA/Plano),3430.08
358,2024-03-01,8,3,1,Benefícios Corporativos (VR/VA/Plano),5753.31
359,2024-03-01,1,3,2,Benefícios Corporativos (VR/VA/Plano),2301.88
360,2024-03-01,6,3,2,Benefícios Corporativos (VR/VA/Plano),2345.93
361,2024-03-01,7,3,2,Benefícios Corporativos (VR/VA/Plano),1130.04
362,2024-03-01,1,3,3,Benefícios Corporativos (VR/VA/Plano),2325.42
363,2024-03-01,1,4,3,Folha de Comissões,5974.58
364,2024-03-01,6,3,3,Benefícios Corporativos (VR/VA/Plano),2270.28
365,2024-03-01,7,3,3,Benefícios Corporativos (VR/VA/Plano),1156.46
366,2024-03-01,1,3,4,Benefícios Corporativos (VR/VA/Plano),2282.76
367,2024-03-01,6,3,4,Benefícios Corporativos (VR/VA/Plano),2324.72
368,2024-03-01,7,3,4,Benefícios Corporativos (VR/VA/Plano),1136.48
369,2024-03-01,1,3,5,Benefícios Corporativos (VR/VA/Plano),2297.87
370,2024-03-01,2,5,5,TikTok Ads,1251.81
371,2024-03-01,6,3,5,Benefícios Corporativos (VR/VA/Plano),2334.47
372,2024-03-01,7,3,5,Benefícios Corporativos (VR/VA/Plano),1168.8
373,2024-03-01,1,3,6,Benefícios Corporativos (VR/VA/Plano),2317.07
374,2024-03-01,6,3,6,Benefícios Corporativos (VR/VA/Plano),2273.91
375,2024-03-01,7,3,6,Benefícios Corporativos (VR/VA/Plano),1144.08
376,2024-03-02,6,7,1,RodoFácil Transportes,6920.63
377,2024-03-02,6,8,1,Manutec Serviços,9755.45
378,2024-03-02,2,5,3,Influenciadores & Afiliados,1579.34
379,2024-03-02,7,16,4,OfficeMax Atacado,1347.22
380,2024-03-02,2,5,5,Google Ads,3505.06
381,2024-03-02,2,5,5,Influenciadores & Afiliados,834.54
382,2024-03-03,2,5,4,TikTok Ads,1694.0
383,2024-03-03,6,7,4,Correios Corporativo,1515.38
384,2024-03-03,2,6,6,Congresso Varejo Tech,2752.31
385,2024-03-04,2,5,2,Influenciadores & Afiliados,1617.89
386,2024-03-04,5,17,3,Comissão de Marketplaces,1735.3
387,2024-03-05,1,1,1,Folha de Pagamento,8773.9
388,2024-03-05,2,1,1,Folha de Pagamento,29423.43
389,2024-03-05,3,1,1,Folha de Pagamento,43903.39
390,2024-03-05,4,1,1,Folha de Pagamento,19576.64
391,2024-03-05,5,1,1,Folha de Pagamento,32795.87
392,2024-03-05,6,1,1,Folha de Pagamento,7161.57
393,2024-03-05,7,1,1,Folha de Pagamento,12187.01
394,2024-03-05,8,1,1,Folha de Pagamento,60253.6
395,2024-03-05,1,1,2,Folha de Pagamento,8753.49
396,2024-03-05,6,1,2,Folha de Pagamento,7139.52
397,2024-03-05,7,1,2,Folha de Pagamento,4065.77
398,2024-03-05,1,1,3,Folha de Pagamento,8777.37
399,2024-03-05,6,1,3,Folha de Pagamento,7106.94
400,2024-03-05,7,1,3,Folha de Pagamento,4110.96
401,2024-03-05,1,1,4,Folha de Pagamento,8829.44
402,2024-03-05,6,1,4,Folha de Pagamento,7114.25
403,2024-03-05,7,1,4,Folha de Pagamento,4092.7
404,2024-03-05,1,1,5,Folha de Pagamento,8770.37
405,2024-03-05,5,17,5,Adquirentes (cartão/PIX),3517.19
406,2024-03-05,6,1,5,Folha de Pagamento,7137.28
407,2024-03-05,7,1,5,Folha de Pagamento,4089.77
408,2024-03-05,1,1,6,Folha de Pagamento,8798.67
409,2024-03-05,6,1,6,Folha de Pagamento,7168.7
410,2024-03-05,6,8,6,Manutec Serviços,5076.67
411,2024-03-05,7,1,6,Folha de Pagamento,4113.39
412,2024-03-06,1,13,1,Agência de Viagens Rota,6674.54
413,2024-03-06,5,17,2,Adquirentes (cartão/PIX),5771.85
414,2024-03-06,1,4,4,Folha de Comissões,5509.44
415,2024-03-06,6,7,5,RodoFácil Transportes,1601.8
416,2024-03-06,7,16,5,OfficeMax Atacado,1243.42
417,2024-03-06,2,5,6,Google Ads,4164.88
418,2024-03-07,7,16,1,Papelaria Central,1977.81
419,2024-03-07,2,5,2,Google Ads,6795.16
420,2024-03-07,1,4,5,Folha de Comissões,5427.96
421,2024-03-07,2,5,6,Meta Ads,3272.4
422,2024-03-08,3,11,1,CloudSoft Infra,21067.2
423,2024-03-08,3,11,1,Licenças Corp Brasil,11491.2
424,2024-03-08,3,11,1,DevTools Pro,5745.6
425,2024-03-08,6,7,1,TransLog Express,11534.39
426,2024-03-08,1,13,3,Agência de Viagens Rota,3477.67
427,2024-03-09,2,5,1,TikTok Ads,5548.22
428,2024-03-09,2,5,4,Meta Ads,3726.79
429,2024-03-09,5,17,4,Adquirentes (cartão/PIX),3472.97
430,2024-03-09,2,5,6,Influenciadores & Afiliados,991.64
431,2024-03-09,5,17,6,Adquirentes (cartão/PIX),4877.24
432,2024-03-10,7,9,1,Locadora Imóveis São Paulo,30000.0
433,2024-03-10,7,9,2,Locadora Imóveis Rio de Janeiro,15000.0
434,2024-03-10,6,7,3,Correios Corporativo,1498.07
435,2024-03-10,7,9,3,Locadora Imóveis Belo Horizonte,10000.0
436,2024-03-10,7,9,4,Locadora Imóveis Curitiba,9500.0
437,2024-03-10,7,9,5,Locadora Imóveis Porto Alegre,8500.0
438,2024-03-10,7,9,6,Locadora Imóveis Brasília,10500.0
439,2024-03-11,5,17,1,Adquirentes (cartão/PIX),11936.71
440,2024-03-11,1,13,2,Locadora Frota Viva,2722.91
441,2024-03-11,2,5,2,Meta Ads,5339.05
442,2024-03-11,6,7,5,TransLog Express,2669.67
443,2024-03-12,5,12,1,Consultoria Alvo,18555.26
444,2024-03-12,7,15,1,Seguradora Aliança,4800.0
445,2024-03-12,2,6,2,Feira Office Brasil,4118.0
446,2024-03-12,7,15,2,Seguradora Aliança,3000.0
447,2024-03-12,2,5,3,Google Ads,6633.21
448,2024-03-12,7,15,3,Seguradora Aliança,2520.0
449,2024-03-12,6,7,4,RodoFácil Transportes,2273.07
450,2024-03-12,7,15,4,Seguradora Aliança,2400.0
451,2024-03-12,7,15,5,Seguradora Aliança,2160.0
452,2024-03-12,7,15,6,Seguradora Aliança,2280.0
453,2024-03-13,6,7,1,Correios Corporativo,4613.75
454,2024-03-13,2,6,5,Patrocínio Esporte Local,2596.19
455,2024-03-13,6,7,5,Correios Corporativo,1067.87
456,2024-03-14,6,7,2,Correios Corporativo,1924.29
457,2024-03-14,5,17,4,Comissão de Marketplaces,2216.44
458,2024-03-15,7,10,1,Concessionária Local SP,15163.74
459,2024-03-15,7,10,2,Concessionária Local RJ,9743.75
460,2024-03-15,7,10,3,Concessionária Local MG,7563.7
461,2024-03-15,7,10,4,Concessionária Local PR,7342.59
462,2024-03-15,7,10,5,Concessionária Local RS,6715.3
463,2024-03-15,7,10,6,Concessionária Local DF,7063.83
464,2024-03-16,4,14,1,Instituto Aprender,5816.83
465,2024-03-16,2,5,2,TikTok Ads,2426.84
466,2024-03-16,6,8,2,ClimaFix,3052.09
467,2024-03-16,6,7,3,TransLog Express,3745.18
468,2024-03-16,2,5,4,Influenciadores & Afiliados,1129.33
469,2024-03-16,6,7,6,Correios Corporativo,1657.69
470,2024-03-17,2,5,1,Google Ads,15535.02
471,2024-03-17,6,7,2,TransLog Express,4810.71
472,2024-03-17,5,17,3,Adquirentes (cartão/PIX),3789.96
473,2024-03-17,6,7,6,TransLog Express,4144.22
474,2024-03-17,7,16,6,Papelaria Central,1066.33
475,2024-03-19,7,16,3,OfficeMax Atacado,1227.98
476,2024-03-19,6,8,4,Manutec Serviços,4859.84
477,2024-03-19,5,17,6,Comissão de Marketplaces,2097.81
478,2024-03-19,6,7,6,RodoFácil Transportes,2486.53
479,2024-03-20,1,2,1,INSS / FGTS / Encargos,3158.61
480,2024-03-20,2,2,1,INSS / FGTS / Encargos,10592.43
481,2024-03-20,3,2,1,INSS / FGTS / Encargos,15805.22
482,2024-03-20,4,2,1,INSS / FGTS / Encargos,7047.59
483,2024-03-20,5,2,1,INSS / FGTS / Encargos,11806.51
484,2024-03-20,6,2,1,INSS / FGTS / Encargos,2578.17
485,2024-03-20,7,2,1,INSS / FGTS / Encargos,4387.32
486,2024-03-20,8,2,1,INSS / FGTS / Encargos,21691.29
487,2024-03-20,1,2,2,INSS / FGTS / Encargos,3151.26
488,2024-03-20,6,2,2,INSS / FGTS / Encargos,2570.23
489,2024-03-20,7,2,2,INSS / FGTS / Encargos,1463.68
490,2024-03-20,1,2,3,INSS / FGTS / Encargos,3159.85
491,2024-03-20,6,2,3,INSS / FGTS / Encargos,2558.5
492,2024-03-20,7,2,3,INSS / FGTS / Encargos,1479.95
493,2024-03-20,1,2,4,INSS / FGTS / Encargos,3178.6
494,2024-03-20,1,13,4,Locadora Frota Viva,3305.32
495,2024-03-20,6,2,4,INSS / FGTS / Encargos,2561.13
496,2024-03-20,7,2,4,INSS / FGTS / Encargos,1473.37
497,2024-03-20,1,2,5,INSS / FGTS / Encargos,3157.33
498,2024-03-20,6,2,5,INSS / FGTS / Encargos,2569.42
499,2024-03-20,7,2,5,INSS / FGTS / Encargos,1472.32
500,2024-03-20,1,2,6,INSS / FGTS / Encargos,3167.52
501,2024-03-20,6,2,6,INSS / FGTS / Encargos,2580.73
502,2024-03-20,7,2,6,INSS / FGTS / Encargos,1480.82
503,2024-03-21,3,12,1,Agência Pixel,15341.48
504,2024-03-21,7,16,2,Papelaria Central,1176.12
505,2024-03-21,6,7,4,TransLog Express,3788.45
506,2024-03-22,6,7,2,RodoFácil Transportes,2886.43
507,2024-03-22,2,6,4,Patrocínio Esporte Local,2907.85
508,2024-03-23,2,6,1,Patrocínio Esporte Local,9396.83
509,2024-03-24,2,12,1,Contabilidade & Cia,5328.88
510,2024-03-24,6,7,3,RodoFácil Transportes,2247.11
511,2024-03-24,5,17,5,Comissão de Marketplaces,1438.87
512,2024-03-25,1,4,1,Folha de Comissões,17333.14
513,2024-03-25,2,5,1,Meta Ads,12206.08
514,2024-03-25,5,17,1,Comissão de Marketplaces,6984.06
515,2024-03-25,5,18,1,Banco Nacional,6448.97
516,2024-03-25,5,18,1,Banco do Brasil Corporativo,3869.38
517,2024-03-25,5,18,1,Cooperativa Crédito,2579.59
518,2024-03-25,2,5,3,Meta Ads,5211.81
519,2024-03-25,2,6,3,Patrocínio Esporte Local,4495.89
520,2024-03-25,1,13,5,Locadora Frota Viva,3111.17
521,2024-03-26,5,17,2,Comissão de Marketplaces,2565.89
522,2024-03-26,1,4,6,Folha de Comissões,6804.54
523,2024-03-27,2,5,5,Meta Ads,2753.97
524,2024-03-28,2,5,3,TikTok Ads,2369.0
525,2024-03-28,1,13,6,Agência de Viagens Rota,2204.4
526,2024-03-28,2,5,6,TikTok Ads,1487.46
527,2024-03-29,6,8,3,ClimaFix,3796.21
528,2024-03-30,1,4,2,Folha de Comissões,8022.9
529,2024-03-30,2,5,4,Google Ads,4743.19
530,2024-03-31,6,8,5,Predial Total,3274.8
531,2024-04-01,1,3,1,Benefícios Corporativos (VR/VA/Plano),2341.22
532,2024-04-01,1,4,1,Folha de Comissões,16720.35
533,2024-04-01,2,3,1,Benefícios Corporativos (VR/VA/Plano),4550.43
534,2024-04-01,3,3,1,Benefícios Corporativos (VR/VA/Plano),4686.44
535,2024-04-01,4,3,1,Benefícios Corporativos (VR/VA/Plano),3480.38
536,2024-04-01,4,14,1,Academia Corporativa,5335.15
537,2024-04-01,5,3,1,Benefícios Corporativos (VR/VA/Plano),4521.74
538,2024-04-01,6,3,1,Benefícios Corporativos (VR/VA/Plano),2289.07
539,2024-04-01,7,3,1,Benefícios Corporativos (VR/VA/Plano),3451.2
540,2024-04-01,8,3,1,Benefícios Corporativos (VR/VA/Plano),5641.46
541,2024-04-01,1,3,2,Benefícios Corporativos (VR/VA/Plano),2331.89
542,2024-04-01,6,3,2,Benefícios Corporativos (VR/VA/Plano),2281.4
543,2024-04-01,7,3,2,Benefícios Corporativos (VR/VA/Plano),1144.72
544,2024-04-01,1,3,3,Benefícios Corporativos (VR/VA/Plano),2254.15
545,2024-04-01,6,3,3,Benefícios Corporativos (VR/VA/Plano),2262.15
546,2024-04-01,6,7,3,RodoFácil Transportes,2878.99
547,2024-04-01,7,3,3,Benefícios Corporativos (VR/VA/Plano),1145.12
548,2024-04-01,1,3,4,Benefícios Corporativos (VR/VA/Plano),2270.85
549,2024-04-01,6,3,4,Benefícios Corporativos (VR/VA/Plano),2300.59
550,2024-04-01,7,3,4,Benefícios Corporativos (VR/VA/Plano),1150.05
551,2024-04-01,1,3,5,Benefícios Corporativos (VR/VA/Plano),2256.31
552,2024-04-01,6,3,5,Benefícios Corporativos (VR/VA/Plano),2323.79
553,2024-04-01,7,3,5,Benefícios Corporativos (VR/VA/Plano),1146.09
554,2024-04-01,1,3,6,Benefícios Corporativos (VR/VA/Plano),2315.39
555,2024-04-01,6,3,6,Benefícios Corporativos (VR/VA/Plano),2337.99
556,2024-04-01,6,7,6,Correios Corporativo,932.71
557,2024-04-01,7,3,6,Benefícios Corporativos (VR/VA/Plano),1147.75
558,2024-04-02,1,4,2,Folha de Comissões,10203.19
559,2024-04-03,2,5,1,Meta Ads,11967.24
560,2024-04-03,1,4,4,Folha de Comissões,5653.09
561,2024-04-04,2,5,2,Influenciadores & Afiliados,1753.95
562,2024-04-04,2,5,5,Google Ads,3939.2
563,2024-04-04,6,7,5,Correios Corporativo,1144.49
564,2024-04-05,1,1,1,Folha de Pagamento,8795.33
565,2024-04-05,2,1,1,Folha de Pagamento,29189.59
566,2024-04-05,3,1,1,Folha de Pagamento,43709.77
567,2024-04-05,4,1,1,Folha de Pagamento,19439.64
568,2024-04-05,5,1,1,Folha de Pagamento,32897.84
569,2024-04-05,6,1,1,Folha de Pagamento,7109.54
570,2024-04-05,6,7,1,Correios Corporativo,4246.61
571,2024-04-05,7,1,1,Folha de Pagamento,12306.71
572,2024-04-05,8,1,1,Folha de Pagamento,60659.9
573,2024-04-05,1,1,2,Folha de Pagamento,8801.2
574,2024-04-05,6,1,2,Folha de Pagamento,7163.5
575,2024-04-05,7,1,2,Folha de Pagamento,4058.52
576,2024-04-05,1,1,3,Folha de Pagamento,8859.79
577,2024-04-05,6,1,3,Folha de Pagamento,7169.66
578,2024-04-05,7,1,3,Folha de Pagamento,4073.06
579,2024-04-05,1,1,4,Folha de Pagamento,8763.79
580,2024-04-05,6,1,4,Folha de Pagamento,7146.08
581,2024-04-05,7,1,4,Folha de Pagamento,4080.11
582,2024-04-05,1,1,5,Folha de Pagamento,8857.7
583,2024-04-05,6,1,5,Folha de Pagamento,7133.01
584,2024-04-05,7,1,5,Folha de Pagamento,4080.73
585,2024-04-05,1,1,6,Folha de Pagamento,8752.12
586,2024-04-05,6,1,6,Folha de Pagamento,7159.78
587,2024-04-05,6,7,6,RodoFácil Transportes,1399.06
588,2024-04-05,7,1,6,Folha de Pagamento,4112.61
589,2024-04-06,7,16,2,OfficeMax Atacado,1710.63
590,2024-04-07,2,5,3,Influenciadores & Afiliados,1531.58
591,2024-04-07,5,17,6,Adquirentes (cartão/PIX),3582.01
592,2024-04-08,3,11,1,CloudSoft Infra,21150.8
593,2024-04-08,3,11,1,Licenças Corp Brasil,11536.8
594,2024-04-08,3,11,1,DevTools Pro,5768.4
595,2024-04-08,6,8,4,ClimaFix,2247.38
596,2024-04-09,2,5,2,Meta Ads,5788.04
597,2024-04-09,6,8,2,Manutec Serviços,6428.4
598,2024-04-09,1,4,3,Folha de Comissões,8925.0
599,2024-04-09,6,8,3,Predial Total,4687.99
600,2024-04-09,2,5,5,TikTok Ads,1406.86
601,2024-04-10,7,9,1,Locadora Imóveis São Paulo,30000.0
602,2024-04-10,1,13,2,Agência de Viagens Rota,3059.91
603,2024-04-10,7,9,2,Locadora Imóveis Rio de Janeiro,15000.0
604,2024-04-10,7,9,3,Locadora Imóveis Belo Horizonte,10000.0
605,2024-04-10,6,7,4,TransLog Express,3072.93
606,2024-04-10,7,9,4,Locadora Imóveis Curitiba,9500.0
607,2024-04-10,7,9,5,Locadora Imóveis Porto Alegre,8500.0
608,2024-04-10,7,9,6,Locadora Imóveis Brasília,10500.0
609,2024-04-11,2,5,1,TikTok Ads,5439.65
610,2024-04-12,7,15,1,Seguradora Aliança,4800.0
611,2024-04-12,7,16,1,Papelaria Central,2257.5
612,2024-04-12,7,15,2,Seguradora Aliança,3000.0
613,2024-04-12,7,15,3,Seguradora Aliança,2520.0
614,2024-04-12,7,15,4,Seguradora Aliança,2400.0
615,2024-04-12,2,5,5,Influenciadores & Afiliados,937.9
616,2024-04-12,7,15,5,Seguradora Aliança,2160.0
617,2024-04-12,7,15,6,Seguradora Aliança,2280.0
618,2024-04-12,7,16,6,Papelaria Central,1503.9
619,2024-04-13,7,16,4,Papelaria Central,1413.41
620,2024-04-14,6,7,1,RodoFácil Transportes,6369.92
621,2024-04-14,2,5,2,TikTok Ads,2630.93
622,2024-04-14,6,7,2,TransLog Express,6932.69
623,2024-04-14,5,17,3,Comissão de Marketplaces,1330.77
624,2024-04-14,7,16,3,Papelaria Central,1188.94
625,2024-04-14,5,17,4,Adquirentes (cartão/PIX),3665.79
626,2024-04-14,2,5,6,Google Ads,4044.7
627,2024-04-15,2,5,1,Influenciadores & Afiliados,3626.44
628,2024-04-15,7,10,1,Concessionária Local SP,11625.77
629,2024-04-15,7,10,2,Concessionária Local RJ,7890.84
630,2024-04-15,7,10,3,Concessionária Local MG,6484.46
631,2024-04-15,1,13,4,Locadora Frota Viva,4414.93
632,2024-04-15,7,10,4,Concessionária Local PR,6595.33
633,2024-04-15,6,7,5,RodoFácil Transportes,1716.74
634,2024-04-15,7,10,5,Concessionária Local RS,5659.89
635,2024-04-15,7,16,5,Papelaria Central,1390.45
636,2024-04-15,7,10,6,Concessionária Local DF,6202.12
637,2024-04-16,2,12,1,Contabilidade & Cia,8005.0
638,2024-04-16,1,13,3,Locadora Frota Viva,3842.12
639,2024-04-17,5,17,1,Comissão de Marketplaces,6181.52
640,2024-04-17,5,17,6,Comissão de Marketplaces,632.02
641,2024-04-18,5,17,1,Adquirentes (cartão/PIX),11345.53
642,2024-04-19,2,5,4,Meta Ads,3871.34
643,2024-04-19,6,7,5,TransLog Express,2861.23
644,2024-04-19,1,4,6,Folha de Comissões,4973.78
645,2024-04-19,2,5,6,TikTok Ads,1444.53
646,2024-04-19,6,8,6,Manutec Serviços,3138.31
647,2024-04-20,1,2,1,INSS / FGTS / Encargos,3166.32
648,2024-04-20,1,13,1,Locadora Frota Viva,11245.8
649,2024-04-20,2,2,1,INSS / FGTS / Encargos,10508.25
650,2024-04-20,3,2,1,INSS / FGTS / Encargos,15735.52
651,2024-04-20,4,2,1,INSS / FGTS / Encargos,6998.27
652,2024-04-20,5,2,1,INSS / FGTS / Encargos,11843.22
653,2024-04-20,5,12,1,Consultoria Alvo,17973.19
654,2024-04-20,6,2,1,INSS / FGTS / Encargos,2559.44
655,2024-04-20,7,2,1,INSS / FGTS / Encargos,4430.42
656,2024-04-20,8,2,1,INSS / FGTS / Encargos,21837.56
657,2024-04-20,1,2,2,INSS / FGTS / Encargos,3168.43
658,2024-04-20,5,17,2,Adquirentes (cartão/PIX),7069.29
659,2024-04-20,6,2,2,INSS / FGTS / Encargos,2578.86
660,2024-04-20,7,2,2,INSS / FGTS / Encargos,1461.07
661,2024-04-20,1,2,3,INSS / FGTS / Encargos,3189.53
662,2024-04-20,6,2,3,INSS / FGTS / Encargos,2581.08
663,2024-04-20,7,2,3,INSS / FGTS / Encargos,1466.3
664,2024-04-20,1,2,4,INSS / FGTS / Encargos,3154.96
665,2024-04-20,2,5,4,Google Ads,4927.16
666,2024-04-20,6,2,4,INSS / FGTS / Encargos,2572.59
667,2024-04-20,7,2,4,INSS / FGTS / Encargos,1468.84
668,2024-04-20,1,2,5,INSS / FGTS / Encargos,3188.77
669,2024-04-20,6,2,5,INSS / FGTS / Encargos,2567.88
670,2024-04-20,6,8,5,Manutec Serviços,4015.15
671,2024-04-20,7,2,5,INSS / FGTS / Encargos,1469.06
672,2024-04-20,1,2,6,INSS / FGTS / Encargos,3150.76
673,2024-04-20,6,2,6,INSS / FGTS / Encargos,2577.52
674,2024-04-20,7,2,6,INSS / FGTS / Encargos,1480.54
675,2024-04-21,6,7,1,TransLog Express,10616.54
676,2024-04-21,6,7,2,Correios Corporativo,2773.07
677,2024-04-21,2,5,4,Influenciadores & Afiliados,1173.13
678,2024-04-21,6,7,4,RodoFácil Transportes,1843.76
679,2024-04-21,6,7,6,TransLog Express,2331.77
680,2024-04-22,2,5,1,Google Ads,15231.03
681,2024-04-22,2,5,5,Meta Ads,3095.08
682,2024-04-22,5,17,5,Comissão de Marketplaces,3138.65
683,2024-04-23,6,7,2,RodoFácil Transportes,4159.61
684,2024-04-23,6,7,3,TransLog Express,4798.31
685,2024-04-24,2,5,3,Meta Ads,5054.2
686,2024-04-24,5,17,3,Adquirentes (cartão/PIX),5860.37
687,2024-04-25,5,18,1,Banco Nacional,6361.77
688,2024-04-25,5,18,1,Banco do Brasil Corporativo,3817.06
689,2024-04-25,5,18,1,Cooperativa Crédito,2544.71
690,2024-04-25,2,5,2,Google Ads,7366.6
691,2024-04-26,1,13,5,Locadora Frota Viva,2350.57
692,2024-04-27,2,5,3,Google Ads,6432.62
693,2024-04-27,2,5,6,Influenciadores & Afiliados,963.02
694,2024-04-28,6,8,1,Manutec Serviços,9673.54
695,2024-04-28,2,5,3,TikTok Ads,2297.36
696,2024-04-28,6,7,4,Correios Corporativo,1229.17
697,2024-04-28,5,17,5,Adquirentes (cartão/PIX),2648.77
698,2024-04-29,5,17,2,Comissão de Marketplaces,1431.84
699,2024-04-29,1,13,6,Locadora Frota Viva,3010.82
700,2024-04-29,2,5,6,Meta Ads,3177.98
701,2024-04-30,3,12,1,Contabilidade & Cia,22151.99
702,2024-04-30,6,7,3,Correios Corporativo,1919.32
703,2024-04-30,2,5,4,TikTok Ads,1759.7
704,2024-04-30,5,17,4,Comissão de Marketplaces,2001.51
705,2024-04-30,1,4,5,Folha de Comissões,4531.14
706,2024-05-01,1,3,1,Benefícios Corporativos (VR/VA/Plano),2294.58
707,2024-05-01,2,3,1,Benefícios Corporativos (VR/VA/Plano),4679.7
708,2024-05-01,2,5,1,Meta Ads,13051.94
709,2024-05-01,3,3,1,Benefícios Corporativos (VR/VA/Plano),4573.02
710,2024-05-01,4,3,1,Benefícios Corporativos (VR/VA/Plano),3446.91
711,2024-05-01,5,3,1,Benefícios Corporativos (VR/VA/Plano),4636.18
712,2024-05-01,6,3,1,Benefícios Corporativos (VR/VA/Plano),2289.05
713,2024-05-01,7,3,1,Benefícios Corporativos (VR/VA/Plano),3436.24
714,2024-05-01,8,3,1,Benefícios Corporativos (VR/VA/Plano),5850.22
715,2024-05-01,1,3,2,Benefícios Corporativos (VR/VA/Plano),2276.06
716,2024-05-01,6,3,2,Benefícios Corporativos (VR/VA/Plano),2333.64
717,2024-05-01,7,3,2,Benefícios Corporativos (VR/VA/Plano),1139.84
718,2024-05-01,1,3,3,Benefícios Corporativos (VR/VA/Plano),2311.32
719,2024-05-01,6,3,3,Benefícios Corporativos (VR/VA/Plano),2309.92
720,2024-05-01,7,3,3,Benefícios Corporativos (VR/VA/Plano),1147.65
721,2024-05-01,1,3,4,Benefícios Corporativos (VR/VA/Plano),2302.63
722,2024-05-01,6,3,4,Benefícios Corporativos (VR/VA/Plano),2332.79
723,2024-05-01,7,3,4,Benefícios Corporativos (VR/VA/Plano),1137.73
724,2024-05-01,1,3,5,Benefícios Corporativos (VR/VA/Plano),2320.88
725,2024-05-01,6,3,5,Benefícios Corporativos (VR/VA/Plano),2312.25
726,2024-05-01,6,8,5,Predial Total,4529.5
727,2024-05-01,7,3,5,Benefícios Corporativos (VR/VA/Plano),1147.74
728,2024-05-01,1,3,6,Benefícios Corporativos (VR/VA/Plano),2335.39
729,2024-05-01,6,3,6,Benefícios Corporativos (VR/VA/Plano),2261.85
730,2024-05-01,7,3,6,Benefícios Corporativos (VR/VA/Plano),1155.45
731,2024-05-01,1,3,8,Benefícios Corporativos (VR/VA/Plano),2325.82
732,2024-05-01,6,3,8,Benefícios Corporativos (VR/VA/Plano),2267.47
733,2024-05-01,7,3,8,Benefícios Corporativos (VR/VA/Plano),1151.31
734,2024-05-01,7,16,8,Papelaria Central,1312.17
735,2024-05-02,5,17,1,Adquirentes (cartão/PIX),13944.71
736,2024-05-02,5,12,1,Agência Pixel,11993.92
737,2024-05-02,5,17,3,Adquirentes (cartão/PIX),5647.66
738,2024-05-02,5,17,3,Comissão de Marketplaces,2935.09
739,2024-05-02,2,5,4,TikTok Ads,1929.72
740,2024-05-02,6,7,4,Correios Corporativo,1904.76
741,2024-05-03,6,7,1,RodoFácil Transportes,7445.85
742,2024-05-03,6,8,4,ClimaFix,4995.29
743,2024-05-05,1,1,1,Folha de Pagamento,8865.77
744,2024-05-05,2,1,1,Folha de Pagamento,29489.33
745,2024-05-05,3,1,1,Folha de Pagamento,43984.27
746,2024-05-05,4,1,1,Folha de Pagamento,19622.41
747,2024-05-05,5,1,1,Folha de Pagamento,32576.06
748,2024-05-05,6,1,1,Folha de Pagamento,7143.52
749,2024-05-05,7,1,1,Folha de Pagamento,12336.88
750,2024-05-05,8,1,1,Folha de Pagamento,60261.59
751,2024-05-05,1,1,2,Folha de Pagamento,8758.62
752,2024-05-05,6,1,2,Folha de Pagamento,7125.34
753,2024-05-05,7,1,2,Folha de Pagamento,4070.88
754,2024-05-05,1,1,3,Folha de Pagamento,8809.55
755,2024-05-05,6,1,3,Folha de Pagamento,7171.81
756,2024-05-05,7,1,3,Folha de Pagamento,4073.45
757,2024-05-05,1,1,4,Folha de Pagamento,8837.49
758,2024-05-05,2,5,4,Influenciadores & Afiliados,1286.48
759,2024-05-05,6,1,4,Folha de Pagamento,7168.8
760,2024-05-05,7,1,4,Folha de Pagamento,4056.71
761,2024-05-05,1,1,5,Folha de Pagamento,8773.67
762,2024-05-05,1,13,5,Locadora Frota Viva,3232.59
763,2024-05-05,6,1,5,Folha de Pagamento,7117.19
764,2024-05-05,7,1,5,Folha de Pagamento,4058.18
765,2024-05-05,1,1,6,Folha de Pagamento,8852.61
766,2024-05-05,6,1,6,Folha de Pagamento,7169.86
767,2024-05-05,7,1,6,Folha de Pagamento,4057.0
768,2024-05-05,1,1,8,Folha de Pagamento,8855.86
769,2024-05-05,6,1,8,Folha de Pagamento,7129.66
770,2024-05-05,7,1,8,Folha de Pagamento,4061.82
771,2024-05-06,1,13,4,Locadora Frota Viva,3601.29
772,2024-05-06,5,17,5,Adquirentes (cartão/PIX),2733.08
773,2024-05-06,6,7,5,RodoFácil Transportes,1409.68
774,2024-05-06,6,8,6,Manutec Serviços,4875.87
775,2024-05-08,3,11,1,CloudSoft Infra,21234.4
776,2024-05-08,3,11,1,Licenças Corp Brasil,11582.4
777,2024-05-08,3,11,1,DevTools Pro,5791.2
778,2024-05-08,2,5,3,TikTok Ads,2489.02
779,2024-05-08,6,7,6,TransLog Express,3049.47
780,2024-05-09,6,7,3,TransLog Express,5724.68
781,2024-05-09,2,5,6,Influenciadores & Afiliados,1024.6
782,2024-05-10,5,17,1,Comissão de Marketplaces,4875.07
783,2024-05-10,7,9,1,Locadora Imóveis São Paulo,30000.0
784,2024-05-10,2,5,2,TikTok Ads,2645.46
785,2024-05-10,7,9,2,Locadora Imóveis Rio de Janeiro,15000.0
786,2024-05-10,6,8,3,ClimaFix,3127.92
787,2024-05-10,7,9,3,Locadora Imóveis Belo Horizonte,10000.0
788,2024-05-10,7,9,4,Locadora Imóveis Curitiba,9500.0
789,2024-05-10,6,7,5,TransLog Express,2349.47
790,2024-05-10,7,9,5,Locadora Imóveis Porto Alegre,8500.0
791,2024-05-10,6,7,6,RodoFácil Transportes,1829.68
792,2024-05-10,7,9,6,Locadora Imóveis Brasília,10500.0
793,2024-05-10,7,9,8,Locadora Imóveis Recife,8500.0
794,2024-05-11,2,5,1,Google Ads,16611.55
795,2024-05-11,2,5,1,TikTok Ads,5932.7
796,2024-05-11,2,5,5,TikTok Ads,1472.59
797,2024-05-12,7,15,1,Seguradora Aliança,4800.0
798,2024-05-12,7,16,1,Papelaria Central,1860.18
799,2024-05-12,7,15,2,Seguradora Aliança,3000.0
800,2024-05-12,7,15,3,Seguradora Aliança,2520.0
801,2024-05-12,7,15,4,Seguradora Aliança,2400.0
802,2024-05-12,7,15,5,Seguradora Aliança,2160.0
803,2024-05-12,7,15,6,Seguradora Aliança,2280.0
804,2024-05-12,7,15,8,Seguradora Aliança,2160.0
805,2024-05-14,6,7,2,RodoFácil Transportes,2719.16
806,2024-05-14,6,7,3,RodoFácil Transportes,3434.81
807,2024-05-14,2,5,6,Google Ads,4303.31
808,2024-05-15,7,10,1,Concessionária Local SP,11621.4
809,2024-05-15,6,8,2,ClimaFix,5986.92
810,2024-05-15,7,10,2,Concessionária Local RJ,7524.96
811,2024-05-15,2,5,3,Meta Ads,5475.85
812,2024-05-15,2,5,3,Influenciadores & Afiliados,1659.35
813,2024-05-15,7,10,3,Concessionária Local MG,6323.72
814,2024-05-15,7,10,4,Concessionária Local PR,6277.91
815,2024-05-15,7,10,5,Concessionária Local RS,5759.52
816,2024-05-15,7,16,5,OfficeMax Atacado,1380.98
817,2024-05-15,7,10,6,Concessionária Local DF,6365.69
818,2024-05-15,7,10,8,Concessionária Local PE,5815.68
819,2024-05-16,6,7,1,TransLog Express,12409.76
820,2024-05-16,5,17,4,Comissão de Marketplaces,2090.7
821,2024-05-17,1,4,2,Folha de Comissões,7669.33
822,2024-05-17,2,5,4,Google Ads,5403.23
823,2024-05-17,6,7,4,RodoFácil Transportes,2857.14
824,2024-05-17,2,5,5,Influenciadores & Afiliados,981.73
825,2024-05-18,6,7,3,Correios Corporativo,2289.87
826,2024-05-18,6,7,4,TransLog Express,4761.9
827,2024-05-18,6,7,6,Correios Corporativo,1219.79
828,2024-05-18,6,8,8,Predial Total,2189.82
829,2024-05-19,2,5,5,Google Ads,4123.26
830,2024-05-19,2,5,5,Meta Ads,3239.71
831,2024-05-19,2,5,6,TikTok Ads,1536.9
832,2024-05-19,7,16,6,Papelaria Central,1512.32
833,2024-05-20,1,2,1,INSS / FGTS / Encargos,3191.68
834,2024-05-20,1,4,1,Folha de Comissões,19558.46
835,2024-05-20,1,13,1,Agência de Viagens Rota,7284.29
836,2024-05-20,2,2,1,INSS / FGTS / Encargos,10616.16
837,2024-05-20,3,2,1,INSS / FGTS / Encargos,15834.34
838,2024-05-20,4,2,1,INSS / FGTS / Encargos,7064.07
839,2024-05-20,5,2,1,INSS / FGTS / Encargos,11727.38
840,2024-05-20,6,2,1,INSS / FGTS / Encargos,2571.67
841,2024-05-20,7,2,1,INSS / FGTS / Encargos,4441.28
842,2024-05-20,8,2,1,INSS / FGTS / Encargos,21694.17
843,2024-05-20,1,2,2,INSS / FGTS / Encargos,3153.1
844,2024-05-20,5,17,2,Comissão de Marketplaces,4586.75
845,2024-05-20,6,2,2,INSS / FGTS / Encargos,2565.12
846,2024-05-20,7,2,2,INSS / FGTS / Encargos,1465.52
847,2024-05-20,1,2,3,INSS / FGTS / Encargos,3171.44
848,2024-05-20,6,2,3,INSS / FGTS / Encargos,2581.85
849,2024-05-20,7,2,3,INSS / FGTS / Encargos,1466.44
850,2024-05-20,1,2,4,INSS / FGTS / Encargos,3181.5
851,2024-05-20,6,2,4,INSS / FGTS / Encargos,2580.77
852,2024-05-20,7,2,4,INSS / FGTS / Encargos,1460.42
853,2024-05-20,1,2,5,INSS / FGTS / Encargos,3158.52
854,2024-05-20,6,2,5,INSS / FGTS / Encargos,2562.19
855,2024-05-20,7,2,5,INSS / FGTS / Encargos,1460.95
856,2024-05-20,1,2,6,INSS / FGTS / Encargos,3186.94
857,2024-05-20,6,2,6,INSS / FGTS / Encargos,2581.15
858,2024-05-20,7,2,6,INSS / FGTS / Encargos,1460.52
859,2024-05-20,1,2,8,INSS / FGTS / Encargos,3188.11
860,2024-05-20,6,2,8,INSS / FGTS / Encargos,2566.68
861,2024-05-20,7,2,8,INSS / FGTS / Encargos,1462.26
862,2024-05-22,6,7,1,Correios Corporativo,4963.9
863,2024-05-22,2,5,2,Influenciadores & Afiliados,1763.64
864,2024-05-22,1,4,5,Folha de Comissões,3737.95
865,2024-05-23,1,13,2,Agência de Viagens Rota,4964.67
866,2024-05-23,2,5,2,Google Ads,7407.3
867,2024-05-23,5,17,2,Adquirentes (cartão/PIX),5269.82
868,2024-05-23,5,17,5,Comissão de Marketplaces,470.98
869,2024-05-23,6,7,5,Correios Corporativo,939.79
870,2024-05-24,2,5,2,Meta Ads,5820.02
871,2024-05-24,5,17,6,Adquirentes (cartão/PIX),2907.81
872,2024-05-25,4,14,1,Academia Corporativa,4232.0
873,2024-05-25,5,18,1,Banco Nacional,6596.79
874,2024-05-25,5,18,1,Banco do Brasil Corporativo,3958.07
875,2024-05-25,5,18,1,Cooperativa Crédito,2638.72
876,2024-05-25,6,7,2,TransLog Express,4531.94
877,2024-05-25,7,16,2,Papelaria Central,1107.35
878,2024-05-25,2,5,6,Meta Ads,3381.17
879,2024-05-26,2,5,1,Influenciadores & Afiliados,3955.13
880,2024-05-26,6,7,2,Correios Corporativo,1812.78
881,2024-05-26,1,4,3,Folha de Comissões,8155.49
882,2024-05-26,1,13,3,Locadora Frota Viva,3011.52
883,2024-05-26,7,16,3,Papelaria Central,1262.59
884,2024-05-26,2,5,4,Meta Ads,4245.39
885,2024-05-26,5,17,4,Adquirentes (cartão/PIX),5858.1
886,2024-05-27,1,4,6,Folha de Comissões,4312.3
887,2024-05-28,7,16,4,Papelaria Central,1010.99
888,2024-05-28,1,13,6,Agência de Viagens Rota,1812.67
889,2024-05-28,5,17,6,Comissão de Marketplaces,3732.04
890,2024-05-29,2,12,1,Consultoria Alvo,15764.71
891,2024-05-29,3,12,1,Consultoria Alvo,22780.05
892,2024-05-29,6,8,1,ClimaFix,9108.52
893,2024-05-29,1,4,4,Folha de Comissões,7514.23
894,2024-05-31,2,5,3,Google Ads,6969.26
895,2024-06-01,1,3,1,Benefícios Corporativos (VR/VA/Plano),2304.65
896,2024-06-01,2,3,1,Benefícios Corporativos (VR/VA/Plano),4508.9
897,2024-06-01,2,5,1,Google Ads,14983.32
898,2024-06-01,3,3,1,Benefícios Corporativos (VR/VA/Plano),4561.96
899,2024-06-01,4,3,1,Benefícios Corporativos (VR/VA/Plano),3483.78
900,2024-06-01,5,3,1,Benefícios Corporativos (VR/VA/Plano),4580.8
901,2024-06-01,5,17,1,Comissão de Marketplaces,14202.67
902,2024-06-01,6,3,1,Benefícios Corporativos (VR/VA/Plano),2306.63
903,2024-06-01,7,3,1,Benefícios Corporativos (VR/VA/Plano),3431.23
904,2024-06-01,8,3,1,Benefícios Corporativos (VR/VA/Plano),5688.69
905,2024-06-01,1,3,2,Benefícios Corporativos (VR/VA/Plano),2321.34
906,2024-06-01,6,3,2,Benefícios Corporativos (VR/VA/Plano),2336.81
907,2024-06-01,7,3,2,Benefícios Corporativos (VR/VA/Plano),1136.55
908,2024-06-01,1,3,3,Benefícios Corporativos (VR/VA/Plano),2289.26
909,2024-06-01,6,3,3,Benefícios Corporativos (VR/VA/Plano),2267.81
910,2024-06-01,6,7,3,TransLog Express,3486.55
911,2024-06-01,7,3,3,Benefícios Corporativos (VR/VA/Plano),1153.3
912,2024-06-01,1,3,4,Benefícios Corporativos (VR/VA/Plano),2325.39
913,2024-06-01,6,3,4,Benefícios Corporativos (VR/VA/Plano),2325.28
914,2024-06-01,6,8,4,Manutec Serviços,3220.04
915,2024-06-01,7,3,4,Benefícios Corporativos (VR/VA/Plano),1169.24
916,2024-06-01,1,3,5,Benefícios Corporativos (VR/VA/Plano),2322.58
917,2024-06-01,1,4,5,Folha de Comissões,4239.26
918,2024-06-01,6,3,5,Benefícios Corporativos (VR/VA/Plano),2268.4
919,2024-06-01,7,3,5,Benefícios Corporativos (VR/VA/Plano),1130.72
920,2024-06-01,7,16,5,OfficeMax Atacado,1142.73
921,2024-06-01,1,3,6,Benefícios Corporativos (VR/VA/Plano),2339.67
922,2024-06-01,2,5,6,TikTok Ads,1447.48
923,2024-06-01,6,3,6,Benefícios Corporativos (VR/VA/Plano),2285.48
924,2024-06-01,7,3,6,Benefícios Corporativos (VR/VA/Plano),1161.96
925,2024-06-01,1,3,8,Benefícios Corporativos (VR/VA/Plano),2286.64
926,2024-06-01,6,3,8,Benefícios Corporativos (VR/VA/Plano),2341.31
927,2024-06-01,7,3,8,Benefícios Corporativos (VR/VA/Plano),1127.74
928,2024-06-02,5,17,8,Adquirentes (cartão/PIX),1628.78
929,2024-06-03,2,5,1,Meta Ads,11772.61
930,2024-06-03,6,8,2,ClimaFix,5082.27
931,2024-06-03,2,5,4,Influenciadores & Afiliados,1235.47
932,2024-06-03,1,13,8,Locadora Frota Viva,1104.6
933,2024-06-03,6,8,8,Manutec Serviços,2279.66
934,2024-06-04,6,7,2,Correios Corporativo,2112.51
935,2024-06-04,2,5,3,TikTok Ads,2256.21
936,2024-06-04,5,17,4,Adquirentes (cartão/PIX),5713.12
937,2024-06-04,2,5,8,Influenciadores & Afiliados,289.69
938,2024-06-04,7,16,8,Papelaria Central,1519.63
939,2024-06-05,1,1,1,Folha de Pagamento,8735.85
940,2024-06-05,2,1,1,Folha de Pagamento,29495.95
941,2024-06-05,3,1,1,Folha de Pagamento,43711.41
942,2024-06-05,4,1,1,Folha de Pagamento,19430.26
943,2024-06-05,5,1,1,Folha de Pagamento,32532.44
944,2024-06-05,6,1,1,Folha de Pagamento,7087.72
945,2024-06-05,6,7,1,Correios Corporativo,5058.83
946,2024-06-05,7,1,1,Folha de Pagamento,12311.64
947,2024-06-05,8,1,1,Folha de Pagamento,60263.82
948,2024-06-05,1,1,2,Folha de Pagamento,8838.16
949,2024-06-05,6,1,2,Folha de Pagamento,7074.7
950,2024-06-05,7,1,2,Folha de Pagamento,4091.68
951,2024-06-05,1,1,3,Folha de Pagamento,8828.71
952,2024-06-05,6,1,3,Folha de Pagamento,7176.56
953,2024-06-05,7,1,3,Folha de Pagamento,4102.74
954,2024-06-05,1,1,4,Folha de Pagamento,8767.14
955,2024-06-05,6,1,4,Folha de Pagamento,7152.37
956,2024-06-05,7,1,4,Folha de Pagamento,4108.16
957,2024-06-05,1,1,5,Folha de Pagamento,8846.61
958,2024-06-05,6,1,5,Folha de Pagamento,7087.51
959,2024-06-05,7,1,5,Folha de Pagamento,4103.67
960,2024-06-05,1,1,6,Folha de Pagamento,8775.86
961,2024-06-05,6,1,6,Folha de Pagamento,7147.28
962,2024-06-05,7,1,6,Folha de Pagamento,4104.87
963,2024-06-05,1,1,8,Folha de Pagamento,8735.83
964,2024-06-05,2,6,8,Feira Office Brasil,766.38
965,2024-06-05,6,1,8,Folha de Pagamento,7080.04
966,2024-06-05,7,1,8,Folha de Pagamento,4058.57
967,2024-06-06,4,14,1,Instituto Aprender,5560.24
968,2024-06-06,1,13,5,Agência de Viagens Rota,2210.43
969,2024-06-06,2,5,5,Influenciadores & Afiliados,953.84
970,2024-06-07,2,5,2,Meta Ads,5702.4
971,2024-06-07,7,16,4,OfficeMax Atacado,1680.16
972,2024-06-07,6,7,5,TransLog Express,2933.98
973,2024-06-08,3,11,1,CloudSoft Infra,21318.0
974,2024-06-08,3,11,1,Licenças Corp Brasil,11628.0
975,2024-06-08,3,11,1,DevTools Pro,5814.0
976,2024-06-08,6,7,8,TransLog Express,1040.77
977,2024-06-09,2,5,1,Influenciadores & Afiliados,3567.46
978,2024-06-09,5,17,3,Adquirentes (cartão/PIX),4135.49
979,2024-06-09,1,13,4,Locadora Frota Viva,2518.04
980,2024-06-10,7,9,1,Locadora Imóveis São Paulo,30000.0
981,2024-06-10,5,17,2,Comissão de Marketplaces,2712.29
982,2024-06-10,7,9,2,Locadora Imóveis Rio de Janeiro,15000.0
983,2024-06-10,7,9,3,Locadora Imóveis Belo Horizonte,10000.0
984,2024-06-10,7,16,3,OfficeMax Atacado,1528.45
985,2024-06-10,7,9,4,Locadora Imóveis Curitiba,9500.0
986,2024-06-10,7,9,5,Locadora Imóveis Porto Alegre,8500.0
987,2024-06-10,7,9,6,Locadora Imóveis Brasília,10500.0
988,2024-06-10,7,9,8,Locadora Imóveis Recife,8500.0
989,2024-06-11,2,5,3,Influenciadores & Afiliados,1504.14
990,2024-06-11,2,6,3,Patrocínio Esporte Local,4453.51
991,2024-06-11,5,17,4,Comissão de Marketplaces,1578.54
992,2024-06-11,2,5,6,Meta Ads,3184.45
993,2024-06-11,6,8,6,Predial Total,3411.01
994,2024-06-11,6,7,8,Correios Corporativo,416.31
995,2024-06-12,1,4,1,Folha de Comissões,19045.76
996,2024-06-12,7,15,1,Seguradora Aliança,4800.0
997,2024-06-12,1,4,2,Folha de Comissões,8818.34
998,2024-06-12,1,13,2,Locadora Frota Viva,4534.95
999,2024-06-12,7,15,2,Seguradora Aliança,3000.0
1000,2024-06-12,7,15,3,Seguradora Aliança,2520.0
1001,2024-06-12,7,15,4,Seguradora Aliança,2400.0
1002,2024-06-12,7,15,5,Seguradora Aliança,2160.0
1003,2024-06-12,7,15,6,Seguradora Aliança,2280.0
1004,2024-06-12,7,15,8,Seguradora Aliança,2160.0
1005,2024-06-13,5,17,3,Comissão de Marketplaces,1964.88
1006,2024-06-13,1,4,4,Folha de Comissões,7551.23
1007,2024-06-13,2,6,4,Feira Office Brasil,3175.77
1008,2024-06-13,6,7,5,RodoFácil Transportes,1760.39
1009,2024-06-14,2,5,2,Google Ads,7257.6
1010,2024-06-14,6,7,2,RodoFácil Transportes,3168.77
1011,2024-06-14,6,7,4,RodoFácil Transportes,2867.3
1012,2024-06-14,6,8,5,ClimaFix,4335.91
1013,2024-06-14,2,5,6,Google Ads,4052.93
1014,2024-06-15,2,5,1,TikTok Ads,5351.19
1015,2024-06-15,7,10,1,Concessionária Local SP,12289.02
1016,2024-06-15,6,7,2,TransLog Express,5281.28
1017,2024-06-15,7,10,2,Concessionária Local RJ,7827.56
1018,2024-06-15,2,5,3,Meta Ads,4963.65
1019,2024-06-15,7,10,3,Concessionária Local MG,6697.11
1020,2024-06-15,7,10,4,Concessionária Local PR,6126.66
1021,2024-06-15,7,10,5,Concessionária Local RS,5932.62
1022,2024-06-15,7,10,6,Concessionária Local DF,6157.67
1023,2024-06-15,2,5,8,TikTok Ads,434.54
1024,2024-06-15,7,10,8,Concessionária Local PE,5597.53
1025,2024-06-16,2,5,4,Meta Ads,4077.06
1026,2024-06-17,6,8,1,Predial Total,9312.81
1027,2024-06-17,7,16,1,OfficeMax Atacado,2441.12
1028,2024-06-17,2,5,5,Meta Ads,3147.68
1029,2024-06-17,2,6,5,Congresso Varejo Tech,2482.33
1030,2024-06-17,2,5,8,Google Ads,1216.71
1031,2024-06-18,6,7,3,Correios Corporativo,1394.62
1032,2024-06-18,6,7,8,RodoFácil Transportes,624.46
1033,2024-06-19,2,6,1,Patrocínio Esporte Local,10858.53
1034,2024-06-19,6,7,1,RodoFácil Transportes,7588.24
1035,2024-06-19,2,5,2,TikTok Ads,2592.0
1036,2024-06-19,2,5,4,Google Ads,5188.99
1037,2024-06-20,1,2,1,INSS / FGTS / Encargos,3144.91
1038,2024-06-20,2,2,1,INSS / FGTS / Encargos,10618.54
1039,2024-06-20,3,2,1,INSS / FGTS / Encargos,15736.11
1040,2024-06-20,4,2,1,INSS / FGTS / Encargos,6994.89
1041,2024-06-20,5,2,1,INSS / FGTS / Encargos,11711.68
1042,2024-06-20,6,2,1,INSS / FGTS / Encargos,2551.58
1043,2024-06-20,7,2,1,INSS / FGTS / Encargos,4432.19
1044,2024-06-20,8,2,1,INSS / FGTS / Encargos,21694.98
1045,2024-06-20,1,2,2,INSS / FGTS / Encargos,3181.74
1046,2024-06-20,6,2,2,INSS / FGTS / Encargos,2546.89
1047,2024-06-20,7,2,2,INSS / FGTS / Encargos,1473.0
1048,2024-06-20,1,2,3,INSS / FGTS / Encargos,3178.33
1049,2024-06-20,6,2,3,INSS / FGTS / Encargos,2583.56
1050,2024-06-20,7,2,3,INSS / FGTS / Encargos,1476.99
1051,2024-06-20,1,2,4,INSS / FGTS / Encargos,3156.17
1052,2024-06-20,6,2,4,INSS / FGTS / Encargos,2574.85
1053,2024-06-20,7,2,4,INSS / FGTS / Encargos,1478.94
1054,2024-06-20,1,2,5,INSS / FGTS / Encargos,3184.78
1055,2024-06-20,6,2,5,INSS / FGTS / Encargos,2551.5
1056,2024-06-20,6,7,5,Correios Corporativo,1173.59
1057,2024-06-20,7,2,5,INSS / FGTS / Encargos,1477.32
1058,2024-06-20,1,2,6,INSS / FGTS / Encargos,3159.31
1059,2024-06-20,6,2,6,INSS / FGTS / Encargos,2573.02
1060,2024-06-20,7,2,6,INSS / FGTS / Encargos,1477.75
1061,2024-06-20,7,16,6,Papelaria Central,1510.26
1062,2024-06-20,1,2,8,INSS / FGTS / Encargos,3144.9
1063,2024-06-20,1,4,8,Folha de Comissões,2161.6
1064,2024-06-20,2,5,8,Meta Ads,955.99
1065,2024-06-20,6,2,8,INSS / FGTS / Encargos,2548.82
1066,2024-06-20,7,2,8,INSS / FGTS / Encargos,1461.08
1067,2024-06-21,3,12,1,Contabilidade & Cia,6219.36
1068,2024-06-22,1,13,1,Locadora Frota Viva,12014.03
1069,2024-06-22,2,5,2,Influenciadores & Afiliados,1728.0
1070,2024-06-22,5,17,6,Adquirentes (cartão/PIX),3876.79
1071,2024-06-22,5,17,6,Comissão de Marketplaces,3158.05
1072,2024-06-23,5,12,1,Agência Pixel,16247.95
1073,2024-06-23,6,7,3,RodoFácil Transportes,2091.93
1074,2024-06-24,1,4,6,Folha de Comissões,5344.76
1075,2024-06-24,6,7,6,RodoFácil Transportes,2452.15
1076,2024-06-24,6,7,6,Correios Corporativo,1634.77
1077,2024-06-25,5,17,1,Adquirentes (cartão/PIX),13173.34
1078,2024-06-25,5,18,1,Banco Nacional,6432.86
1079,2024-06-25,5,18,1,Banco do Brasil Corporativo,3859.71
1080,2024-06-25,5,18,1,Cooperativa Crédito,2573.14
1081,2024-06-25,2,5,3,Google Ads,6317.38
1082,2024-06-25,6,8,3,Manutec Serviços,5418.0
1083,2024-06-25,2,5,5,TikTok Ads,1430.77
1084,2024-06-25,1,13,6,Agência de Viagens Rota,2781.07
1085,2024-06-26,6,7,1,TransLog Express,12647.07
1086,2024-06-26,1,13,3,Agência de Viagens Rota,5556.95
1087,2024-06-26,6,7,4,TransLog Express,4778.84
1088,2024-06-26,6,7,4,Correios Corporativo,1911.54
1089,2024-06-26,2,6,6,Feira Office Brasil,3008.11
1090,2024-06-27,5,17,2,Adquirentes (cartão/PIX),6519.71
1091,2024-06-28,2,12,1,Contabilidade & Cia,11468.88
1092,2024-06-29,2,6,2,Patrocínio Esporte Local,5242.36
1093,2024-06-29,7,16,2,OfficeMax Atacado,1350.61
1094,2024-06-29,1,4,3,Folha de Comissões,6279.45
1095,2024-06-29,2,5,4,TikTok Ads,1853.21
1096,2024-06-29,2,5,5,Google Ads,4006.14
1097,2024-06-29,2,5,6,Influenciadores & Afiliados,964.98
1098,2024-06-30,5,17,5,Adquirentes (cartão/PIX),3038.84
1099,2024-06-30,5,17,5,Comissão de Marketplaces,207.36
1100,2024-06-30,6,7,6,TransLog Express,4086.92
1101,2024-07-01,1,3,1,Benefícios Corporativos (VR/VA/Plano),2311.4
1102,2024-07-01,2,3,1,Benefícios Corporativos (VR/VA/Plano),4609.76
1103,2024-07-01,3,3,1,Benefícios Corporativos (VR/VA/Plano),4654.73
1104,2024-07-01,4,3,1,Benefícios Corporativos (VR/VA/Plano),3382.93
1105,2024-07-01,5,3,1,Benefícios Corporativos (VR/VA/Plano),4689.28
1106,2024-07-01,6,3,1,Benefícios Corporativos (VR/VA/Plano),2313.01
1107,2024-07-01,6,7,1,TransLog Express,14217.0
1108,2024-07-01,7,3,1,Benefícios Corporativos (VR/VA/Plano),3494.34
1109,2024-07-01,8,3,1,Benefícios Corporativos (VR/VA/Plano),5835.07
1110,2024-07-01,1,3,2,Benefícios Corporativos (VR/VA/Plano),2344.89
1111,2024-07-01,6,3,2,Benefícios Corporativos (VR/VA/Plano),2339.24
1112,2024-07-01,7,3,2,Benefícios Corporativos (VR/VA/Plano),1138.45
1113,2024-07-01,1,3,3,Benefícios Corporativos (VR/VA/Plano),2288.23
1114,2024-07-01,6,3,3,Benefícios Corporativos (VR/VA/Plano),2277.56
1115,2024-07-01,7,3,3,Benefícios Corporativos (VR/VA/Plano),1132.24
1116,2024-07-01,1,3,4,Benefícios Corporativos (VR/VA/Plano),2318.79
1117,2024-07-01,6,3,4,Benefícios Corporativos (VR/VA/Plano),2325.26
1118,2024-07-01,7,3,4,Benefícios Corporativos (VR/VA/Plano),1133.45
1119,2024-07-01,1,3,5,Benefícios Corporativos (VR/VA/Plano),2320.84
1120,2024-07-01,1,13,5,Locadora Frota Viva,2974.9
1121,2024-07-01,6,3,5,Benefícios Corporativos (VR/VA/Plano),2257.95
1122,2024-07-01,7,3,5,Benefícios Corporativos (VR/VA/Plano),1145.23
1123,2024-07-01,1,3,6,Benefícios Corporativos (VR/VA/Plano),2273.33
1124,2024-07-01,2,5,6,Google Ads,4330.79
1125,2024-07-01,6,3,6,Benefícios Corporativos (VR/VA/Plano),2323.44
1126,2024-07-01,7,3,6,Benefícios Corporativos (VR/VA/Plano),1157.05
1127,2024-07-01,1,3,8,Benefícios Corporativos (VR/VA/Plano),2321.67
1128,2024-07-01,2,5,8,TikTok Ads,591.43
1129,2024-07-01,6,3,8,Benefícios Corporativos (VR/VA/Plano),2273.6
1130,2024-07-01,7,3,8,Benefícios Corporativos (VR/VA/Plano),1129.27
1131,2024-07-02,7,16,2,Papelaria Central,1671.89
1132,2024-07-02,1,4,3,Folha de Comissões,9107.38
1133,2024-07-02,6,7,5,Correios Corporativo,1670.4
1134,2024-07-03,5,17,2,Comissão de Marketplaces,5015.42
1135,2024-07-03,6,7,6,RodoFácil Transportes,1697.3
1136,2024-07-04,2,5,1,TikTok Ads,5989.45
1137,2024-07-04,2,5,1,Influenciadores & Afiliados,3992.97
1138,2024-07-04,2,5,2,Influenciadores & Afiliados,1989.98
1139,2024-07-04,5,17,4,Adquirentes (cartão/PIX),4908.49
1140,2024-07-05,1,1,1,Folha de Pagamento,8782.2
1141,2024-07-05,2,1,1,Folha de Pagamento,29541.23
1142,2024-07-05,3,1,1,Folha de Pagamento,43758.89
1143,2024-07-05,3,12,1,Contabilidade & Cia,17673.23
1144,2024-07-05,4,1,1,Folha de Pagamento,19621.28
1145,2024-07-05,5,1,1,Folha de Pagamento,32481.86
1146,2024-07-05,6,1,1,Folha de Pagamento,7084.34
1147,2024-07-05,6,8,1,Predial Total,9619.83
1148,2024-07-05,7,1,1,Folha de Pagamento,12250.71
1149,2024-07-05,8,1,1,Folha de Pagamento,60354.27
1150,2024-07-05,1,1,2,Folha de Pagamento,8799.33
1151,2024-07-05,6,1,2,Folha de Pagamento,7169.31
1152,2024-07-05,7,1,2,Folha de Pagamento,4102.28
1153,2024-07-05,1,1,3,Folha de Pagamento,8803.08
1154,2024-07-05,2,5,3,Google Ads,7773.07
1155,2024-07-05,6,1,3,Folha de Pagamento,7143.54
1156,2024-07-05,7,1,3,Folha de Pagamento,4098.51
1157,2024-07-05,1,1,4,Folha de Pagamento,8818.5
1158,2024-07-05,6,1,4,Folha de Pagamento,7114.75
1159,2024-07-05,6,7,4,Correios Corporativo,1633.18
1160,2024-07-05,7,1,4,Folha de Pagamento,4084.03
1161,2024-07-05,1,1,5,Folha de Pagamento,8743.73
1162,2024-07-05,6,1,5,Folha de Pagamento,7113.53
1163,2024-07-05,7,1,5,Folha de Pagamento,4087.96
1164,2024-07-05,1,1,6,Folha de Pagamento,8855.76
1165,2024-07-05,1,13,6,Agência de Viagens Rota,3328.68
1166,2024-07-05,6,1,6,Folha de Pagamento,7088.96
1167,2024-07-05,7,1,6,Folha de Pagamento,4060.87
1168,2024-07-05,1,1,8,Folha de Pagamento,8833.37
1169,2024-07-05,5,17,8,Adquirentes (cartão/PIX),1184.26
1170,2024-07-05,6,1,8,Folha de Pagamento,7113.43
1171,2024-07-05,6,7,8,RodoFácil Transportes,514.69
1172,2024-07-05,7,1,8,Folha de Pagamento,4084.6
1173,2024-07-06,5,17,5,Adquirentes (cartão/PIX),3769.82
1174,2024-07-07,1,4,1,Folha de Comissões,23737.03
1175,2024-07-07,1,4,2,Folha de Comissões,10705.57
1176,2024-07-07,6,7,8,TransLog Express,857.81
1177,2024-07-07,6,7,8,Correios Corporativo,343.12
1178,2024-07-08,3,11,1,CloudSoft Infra,21401.6
1179,2024-07-08,3,11,1,Licenças Corp Brasil,11673.6
1180,2024-07-08,3,11,1,DevTools Pro,5836.8
1181,2024-07-08,7,16,1,Papelaria Central,2563.25
1182,2024-07-08,5,17,2,Adquirentes (cartão/PIX),7724.78
1183,2024-07-08,6,8,2,ClimaFix,6659.7
1184,2024-07-08,7,16,3,OfficeMax Atacado,1624.41
1185,2024-07-08,1,4,5,Folha de Comissões,5656.14
1186,2024-07-08,5,17,5,Comissão de Marketplaces,5042.55
1187,2024-07-10,7,9,1,Locadora Imóveis São Paulo,30000.0
1188,2024-07-10,7,9,2,Locadora Imóveis Rio de Janeiro,15000.0
1189,2024-07-10,7,9,3,Locadora Imóveis Belo Horizonte,10000.0
1190,2024-07-10,1,4,4,Folha de Comissões,7310.59
1191,2024-07-10,7,9,4,Locadora Imóveis Curitiba,9500.0
1192,2024-07-10,7,9,5,Locadora Imóveis Porto Alegre,8500.0
1193,2024-07-10,7,9,6,Locadora Imóveis Brasília,10500.0
1194,2024-07-10,1,4,8,Folha de Comissões,1709.21
1195,2024-07-10,7,9,8,Locadora Imóveis Recife,8500.0
1196,2024-07-11,2,5,5,Meta Ads,3280.24
1197,2024-07-11,6,8,5,Manutec Serviços,3933.4
1198,2024-07-12,2,5,1,Meta Ads,13176.79
1199,2024-07-12,7,15,1,Seguradora Aliança,4800.0
1200,2024-07-12,7,15,2,Seguradora Aliança,3000.0
1201,2024-07-12,7,15,3,Seguradora Aliança,2520.0
1202,2024-07-12,6,7,4,TransLog Express,4082.95
1203,2024-07-12,7,15,4,Seguradora Aliança,2400.0
1204,2024-07-12,7,16,4,Papelaria Central,956.8
1205,2024-07-12,6,7,5,RodoFácil Transportes,2505.6
1206,2024-07-12,7,15,5,Seguradora Aliança,2160.0
1207,2024-07-12,7,15,6,Seguradora Aliança,2280.0
1208,2024-07-12,2,5,8,Influenciadores & Afiliados,394.29
1209,2024-07-12,7,15,8,Seguradora Aliança,2160.0
1210,2024-07-13,5,17,1,Comissão de Marketplaces,8279.55
1211,2024-07-13,6,8,6,Predial Total,4979.86
1212,2024-07-14,2,5,1,Google Ads,16770.47
1213,2024-07-14,5,17,3,Adquirentes (cartão/PIX),6947.6
1214,2024-07-14,1,13,4,Locadora Frota Viva,2137.48
1215,2024-07-14,2,5,4,Google Ads,5670.57
1216,2024-07-15,5,12,1,Agência Pixel,14560.88
1217,2024-07-15,6,7,1,Correios Corporativo,5686.8
1218,2024-07-15,7,10,1,Concessionária Local SP,11559.76
1219,2024-07-15,7,10,2,Concessionária Local RJ,8141.07
1220,2024-07-15,5,17,3,Comissão de Marketplaces,2349.75
1221,2024-07-15,7,10,3,Concessionária Local MG,6991.68
1222,2024-07-15,2,5,4,Influenciadores & Afiliados,1350.14
1223,2024-07-15,7,10,4,Concessionária Local PR,6522.23
1224,2024-07-15,7,10,5,Concessionária Local RS,5655.3
1225,2024-07-15,7,10,6,Concessionária Local DF,5741.38
1226,2024-07-15,7,10,8,Concessionária Local PE,5750.94
1227,2024-07-16,6,7,6,TransLog Express,2828.83
1228,2024-07-17,2,12,1,Consultoria Alvo,13424.57
1229,2024-07-17,4,14,1,Instituto Aprender,4125.06
1230,2024-07-17,6,7,2,TransLog Express,6715.81
1231,2024-07-17,6,7,3,Correios Corporativo,2613.06
1232,2024-07-17,7,16,5,Papelaria Central,856.22
1233,2024-07-17,1,13,8,Locadora Frota Viva,1258.62
1234,2024-07-18,6,7,3,RodoFácil Transportes,3919.6
1235,2024-07-18,6,8,3,Predial Total,4846.32
1236,2024-07-18,6,7,4,RodoFácil Transportes,2449.77
1237,2024-07-18,2,5,5,Influenciadores & Afiliados,994.01
1238,2024-07-18,5,17,6,Comissão de Marketplaces,1928.75
1239,2024-07-19,6,7,3,TransLog Express,6532.66
1240,2024-07-19,5,17,4,Comissão de Marketplaces,2001.55
1241,2024-07-19,1,4,6,Folha de Comissões,4833.44
1242,2024-07-20,1,2,1,INSS / FGTS / Encargos,3161.59
1243,2024-07-20,2,2,1,INSS / FGTS / Encargos,10634.84
1244,2024-07-20,3,2,1,INSS / FGTS / Encargos,15753.2
1245,2024-07-20,4,2,1,INSS / FGTS / Encargos,7063.66
1246,2024-07-20,5,2,1,INSS / FGTS / Encargos,11693.47
1247,2024-07-20,6,2,1,INSS / FGTS / Encargos,2550.36
1248,2024-07-20,7,2,1,INSS / FGTS / Encargos,4410.26
1249,2024-07-20,8,2,1,INSS / FGTS / Encargos,21727.54
1250,2024-07-20,1,2,2,INSS / FGTS / Encargos,3167.76
1251,2024-07-20,6,2,2,INSS / FGTS / Encargos,2580.95
1252,2024-07-20,7,2,2,INSS / FGTS / Encargos,1476.82
1253,2024-07-20,1,2,3,INSS / FGTS / Encargos,3169.11
1254,2024-07-20,6,2,3,INSS / FGTS / Encargos,2571.67
1255,2024-07-20,7,2,3,INSS / FGTS / Encargos,1475.46
1256,2024-07-20,1,2,4,INSS / FGTS / Encargos,3174.66
1257,2024-07-20,2,5,4,TikTok Ads,2025.2
1258,2024-07-20,6,2,4,INSS / FGTS / Encargos,2561.31
1259,2024-07-20,7,2,4,INSS / FGTS / Encargos,1470.25
1260,2024-07-20,1,2,5,INSS / FGTS / Encargos,3147.74
1261,2024-07-20,6,2,5,INSS / FGTS / Encargos,2560.87
1262,2024-07-20,7,2,5,INSS / FGTS / Encargos,1471.66
1263,2024-07-20,1,2,6,INSS / FGTS / Encargos,3188.07
1264,2024-07-20,2,5,6,TikTok Ads,1546.71
1265,2024-07-20,6,2,6,INSS / FGTS / Encargos,2552.03
1266,2024-07-20,7,2,6,INSS / FGTS / Encargos,1461.91
1267,2024-07-20,1,2,8,INSS / FGTS / Encargos,3180.01
1268,2024-07-20,2,5,8,Meta Ads,1301.16
1269,2024-07-20,6,2,8,INSS / FGTS / Encargos,2560.84
1270,2024-07-20,7,2,8,INSS / FGTS / Encargos,1470.46
1271,2024-07-21,6,7,2,Correios Corporativo,2686.32
1272,2024-07-21,6,8,8,ClimaFix,5278.19
1273,2024-07-22,6,7,1,RodoFácil Transportes,8530.2
1274,2024-07-22,2,5,2,Google Ads,8357.94
1275,2024-07-22,2,5,4,Meta Ads,4455.45
1276,2024-07-22,7,16,6,Papelaria Central,1412.35
1277,2024-07-23,1,13,1,Locadora Frota Viva,10129.31
1278,2024-07-23,1,13,2,Locadora Frota Viva,6325.31
1279,2024-07-23,2,5,3,TikTok Ads,2776.1
1280,2024-07-23,2,5,5,Google Ads,4174.85
1281,2024-07-23,6,7,5,TransLog Express,4176.0
1282,2024-07-23,5,17,6,Adquirentes (cartão/PIX),3311.69
1283,2024-07-24,6,8,4,ClimaFix,3927.15
1284,2024-07-24,2,5,8,Google Ads,1656.02
1285,2024-07-25,5,18,1,Banco Nacional,6533.14
1286,2024-07-25,5,18,1,Banco do Brasil Corporativo,3919.88
1287,2024-07-25,5,18,1,Cooperativa Crédito,2613.26
1288,2024-07-26,5,17,1,Adquirentes (cartão/PIX),15486.74
1289,2024-07-26,2,5,2,TikTok Ads,2984.98
1290,2024-07-26,2,5,6,Influenciadores & Afiliados,1031.14
1291,2024-07-27,5,17,8,Comissão de Marketplaces,110.18
1292,2024-07-28,2,5,5,TikTok Ads,1491.02
1293,2024-07-28,2,5,6,Meta Ads,3402.77
1294,2024-07-28,7,16,8,Papelaria Central,1247.89
1295,2024-07-29,2,5,3,Influenciadores & Afiliados,1850.73
1296,2024-07-30,1,13,3,Agência de Viagens Rota,6056.11
1297,2024-07-30,6,7,6,Correios Corporativo,1131.53
1298,2024-07-31,2,5,2,Meta Ads,6566.95
1299,2024-07-31,6,7,2,RodoFácil Transportes,4029.48
1300,2024-07-31,2,5,3,Meta Ads,6107.41
1301,2024-08-01,1,3,1,Benefícios Corporativos (VR/VA/Plano),3438.34
1302,2024-08-01,1,13,1,Locadora Frota Viva,6945.04
1303,2024-08-01,2,3,1,Benefícios Corporativos (VR/VA/Plano),4560.63
1304,2024-08-01,3,3,1,Benefícios Corporativos (VR/VA/Plano),4520.68
1305,2024-08-01,4,3,1,Benefícios Corporativos (VR/VA/Plano),3492.57
1306,2024-08-01,5,3,1,Benefícios Corporativos (VR/VA/Plano),4555.96
1307,2024-08-01,6,3,1,Benefícios Corporativos (VR/VA/Plano),2272.22
1308,2024-08-01,7,3,1,Benefícios Corporativos (VR/VA/Plano),3430.3
1309,2024-08-01,8,3,1,Benefícios Corporativos (VR/VA/Plano),5709.99
1310,2024-08-01,1,3,2,Benefícios Corporativos (VR/VA/Plano),2334.08
1311,2024-08-01,6,3,2,Benefícios Corporativos (VR/VA/Plano),2325.49
1312,2024-08-01,6,7,2,RodoFácil Transportes,3924.95
1313,2024-08-01,7,3,2,Benefícios Corporativos (VR/VA/Plano),1153.59
1314,2024-08-01,1,3,3,Benefícios Corporativos (VR/VA/Plano),2274.71
1315,2024-08-01,6,3,3,Benefícios Corporativos (VR/VA/Plano),2307.89
1316,2024-08-01,7,3,3,Benefícios Corporativos (VR/VA/Plano),1167.39
1317,2024-08-01,1,3,4,Benefícios Corporativos (VR/VA/Plano),2272.4
1318,2024-08-01,6,3,4,Benefícios Corporativos (VR/VA/Plano),2306.63
1319,2024-08-01,7,3,4,Benefícios Corporativos (VR/VA/Plano),1157.56
1320,2024-08-01,1,3,5,Benefícios Corporativos (VR/VA/Plano),2298.69
1321,2024-08-01,6,3,5,Benefícios Corporativos (VR/VA/Plano),2304.28
1322,2024-08-01,7,3,5,Benefícios Corporativos (VR/VA/Plano),1146.11
1323,2024-08-01,1,3,6,Benefícios Corporativos (VR/VA/Plano),2319.03
1324,2024-08-01,1,13,6,Agência de Viagens Rota,2266.37
1325,2024-08-01,5,17,6,Adquirentes (cartão/PIX),4585.42
1326,2024-08-01,6,3,6,Benefícios Corporativos (VR/VA/Plano),2272.28
1327,2024-08-01,7,3,6,Benefícios Corporativos (VR/VA/Plano),1160.04
1328,2024-08-01,7,16,6,Papelaria Central,1261.09
1329,2024-08-01,1,3,8,Benefícios Corporativos (VR/VA/Plano),2296.32
1330,2024-08-01,6,3,8,Benefícios Corporativos (VR/VA/Plano),2301.94
1331,2024-08-01,7,3,8,Benefícios Corporativos (VR/VA/Plano),1141.64
1332,2024-08-02,7,16,2,Papelaria Central,1852.64
1333,2024-08-02,2,5,4,Google Ads,5955.5
1334,2024-08-02,6,8,4,ClimaFix,2466.86
1335,2024-08-02,2,5,6,Influenciadores & Afiliados,1105.15
1336,2024-08-03,2,5,4,Influenciadores & Afiliados,1417.98
1337,2024-08-03,2,5,5,TikTok Ads,1538.49
1338,2024-08-03,5,17,5,Adquirentes (cartão/PIX),3385.63
1339,2024-08-03,2,5,8,Influenciadores & Afiliados,485.22
1340,2024-08-03,6,7,8,RodoFácil Transportes,927.77
1341,2024-08-04,2,5,2,TikTok Ads,2951.96
1342,2024-08-04,5,17,2,Comissão de Marketplaces,6415.63
1343,2024-08-04,5,17,3,Comissão de Marketplaces,3848.61
1344,2024-08-04,5,17,5,Comissão de Marketplaces,4323.98
1345,2024-08-05,1,1,1,Folha de Pagamento,13136.58
1346,2024-08-05,2,1,1,Folha de Pagamento,29388.06
1347,2024-08-05,3,1,1,Folha de Pagamento,44141.88
1348,2024-08-05,4,1,1,Folha de Pagamento,19460.97
1349,2024-08-05,5,1,1,Folha de Pagamento,32784.81
1350,2024-08-05,6,1,1,Folha de Pagamento,7168.28
1351,2024-08-05,7,1,1,Folha de Pagamento,12202.73
1352,2024-08-05,8,1,1,Folha de Pagamento,60468.69
1353,2024-08-05,1,1,2,Folha de Pagamento,8734.97
1354,2024-08-05,2,5,2,Influenciadores & Afiliados,1967.97
1355,2024-08-05,6,1,2,Folha de Pagamento,7105.03
1356,2024-08-05,7,1,2,Folha de Pagamento,4055.16
1357,2024-08-05,1,1,3,Folha de Pagamento,8840.57
1358,2024-08-05,2,5,3,Influenciadores & Afiliados,1720.82
1359,2024-08-05,6,1,3,Folha de Pagamento,7122.73
1360,2024-08-05,7,1,3,Folha de Pagamento,4057.96
1361,2024-08-05,1,1,4,Folha de Pagamento,8862.4
1362,2024-08-05,6,1,4,Folha de Pagamento,7146.43
1363,2024-08-05,7,1,4,Folha de Pagamento,4079.57
1364,2024-08-05,1,1,5,Folha de Pagamento,8801.55
1365,2024-08-05,6,1,5,Folha de Pagamento,7141.52
1366,2024-08-05,7,1,5,Folha de Pagamento,4074.53
1367,2024-08-05,1,1,6,Folha de Pagamento,8840.67
1368,2024-08-05,6,1,6,Folha de Pagamento,7111.64
1369,2024-08-05,6,7,6,Correios Corporativo,1708.98
1370,2024-08-05,7,1,6,Folha de Pagamento,4056.48
1371,2024-08-05,1,1,8,Folha de Pagamento,8746.12
1372,2024-08-05,6,1,8,Folha de Pagamento,7130.84
1373,2024-08-05,7,1,8,Folha de Pagamento,4109.33
1374,2024-08-06,5,17,4,Comissão de Marketplaces,4456.84
1375,2024-08-07,1,13,2,Agência de Viagens Rota,6275.53
1376,2024-08-07,2,5,2,Meta Ads,6494.31
1377,2024-08-07,6,8,5,Manutec Serviços,2419.75
1378,2024-08-07,1,4,6,Folha de Comissões,5738.58
1379,2024-08-07,6,7,8,Correios Corporativo,618.52
1380,2024-08-08,3,11,1,CloudSoft Infra,21485.2
1381,2024-08-08,3,11,1,Licenças Corp Brasil,11719.2
1382,2024-08-08,3,11,1,DevTools Pro,5859.6
1383,2024-08-08,2,5,2,Google Ads,8265.48
1384,2024-08-08,5,17,3,Adquirentes (cartão/PIX),7663.45
1385,2024-08-08,2,5,5,Meta Ads,3384.68
1386,2024-08-08,5,17,6,Comissão de Marketplaces,1540.85
1387,2024-08-08,1,13,8,Agência de Viagens Rota,1095.68
1388,2024-08-09,7,16,3,Papelaria Central,1662.03
1389,2024-08-09,2,5,5,Google Ads,4307.78
1390,2024-08-09,6,7,5,RodoFácil Transportes,2331.86
1391,2024-08-09,7,16,8,Papelaria Central,1221.18
1392,2024-08-10,5,17,1,Comissão de Marketplaces,14415.93
1393,2024-08-10,6,7,1,RodoFácil Transportes,10007.56
1394,2024-08-10,7,9,1,Locadora Imóveis São Paulo,30000.0
1395,2024-08-10,7,9,2,Locadora Imóveis Rio de Janeiro,15000.0
1396,2024-08-10,1,13,3,Locadora Frota Viva,6464.15
1397,2024-08-10,7,9,3,Locadora Imóveis Belo Horizonte,10000.0
1398,2024-08-10,6,7,4,Correios Corporativo,1884.53
1399,2024-08-10,7,9,4,Locadora Imóveis Curitiba,9500.0
1400,2024-08-10,7,9,5,Locadora Imóveis Porto Alegre,8500.0
1401,2024-08-10,2,5,6,Meta Ads,3646.99
1402,2024-08-10,7,9,6,Locadora Imóveis Brasília,10500.0
1403,2024-08-10,5,17,8,Comissão de Marketplaces,538.97
1404,2024-08-10,7,9,8,Locadora Imóveis Recife,8500.0
1405,2024-08-11,6,7,3,RodoFácil Transportes,4692.02
1406,2024-08-11,6,7,5,Correios Corporativo,1554.57
1407,2024-08-12,7,15,1,Seguradora Aliança,4800.0
1408,2024-08-12,7,15,2,Seguradora Aliança,3000.0
1409,2024-08-12,7,15,3,Seguradora Aliança,2520.0
1410,2024-08-12,7,15,4,Seguradora Aliança,2400.0
1411,2024-08-12,7,15,5,Seguradora Aliança,2160.0
1412,2024-08-12,7,15,6,Seguradora Aliança,2280.0
1413,2024-08-12,7,15,8,Seguradora Aliança,2160.0
1414,2024-08-13,5,17,1,Adquirentes (cartão/PIX),16512.02
1415,2024-08-13,6,7,2,TransLog Express,6541.59
1416,2024-08-13,6,7,3,TransLog Express,7820.04
1417,2024-08-15,7,10,1,Concessionária Local SP,11831.87
1418,2024-08-15,7,10,2,Concessionária Local RJ,7584.37
1419,2024-08-15,7,10,3,Concessionária Local MG,6759.55
1420,2024-08-15,7,10,4,Concessionária Local PR,6713.01
1421,2024-08-15,7,10,5,Concessionária Local RS,5891.8
1422,2024-08-15,7,10,6,Concessionária Local DF,5956.13
1423,2024-08-15,6,7,8,TransLog Express,1546.29
1424,2024-08-15,7,10,8,Concessionária Local PE,6171.26
1425,2024-08-16,6,8,1,Manutec Serviços,5384.96
1426,2024-08-16,7,16,1,Papelaria Central,2221.09
1427,2024-08-16,6,7,5,TransLog Express,3886.44
1428,2024-08-17,6,8,2,Predial Total,4927.07
1429,2024-08-17,2,5,3,Meta Ads,5678.71
1430,2024-08-17,6,7,3,Correios Corporativo,3128.01
1431,2024-08-18,2,5,1,TikTok Ads,6187.42
1432,2024-08-18,4,14,1,Instituto Aprender,18540.62
1433,2024-08-19,2,5,4,Meta Ads,4679.32
1434,2024-08-19,2,5,6,TikTok Ads,1657.72
1435,2024-08-19,1,4,8,Folha de Comissões,2401.49
1436,2024-08-20,1,2,1,INSS / FGTS / Encargos,4729.17
1437,2024-08-20,2,2,1,INSS / FGTS / Encargos,10579.7
1438,2024-08-20,3,2,1,INSS / FGTS / Encargos,15891.08
1439,2024-08-20,4,2,1,INSS / FGTS / Encargos,7005.95
1440,2024-08-20,5,2,1,INSS / FGTS / Encargos,11802.53
1441,2024-08-20,6,2,1,INSS / FGTS / Encargos,2580.58
1442,2024-08-20,7,2,1,INSS / FGTS / Encargos,4392.98
1443,2024-08-20,8,2,1,INSS / FGTS / Encargos,21768.73
1444,2024-08-20,1,2,2,INSS / FGTS / Encargos,3144.59
1445,2024-08-20,5,17,2,Adquirentes (cartão/PIX),6670.66
1446,2024-08-20,6,2,2,INSS / FGTS / Encargos,2557.81
1447,2024-08-20,7,2,2,INSS / FGTS / Encargos,1459.86
1448,2024-08-20,1,2,3,INSS / FGTS / Encargos,3182.61
1449,2024-08-20,2,5,3,Google Ads,7227.45
1450,2024-08-20,6,2,3,INSS / FGTS / Encargos,2564.18
1451,2024-08-20,7,2,3,INSS / FGTS / Encargos,1460.87
1452,2024-08-20,1,2,4,INSS / FGTS / Encargos,3190.46
1453,2024-08-20,6,2,4,INSS / FGTS / Encargos,2572.72
1454,2024-08-20,7,2,4,INSS / FGTS / Encargos,1468.65
1455,2024-08-20,1,2,5,INSS / FGTS / Encargos,3168.56
1456,2024-08-20,2,5,5,Influenciadores & Afiliados,1025.66
1457,2024-08-20,6,2,5,INSS / FGTS / Encargos,2570.95
1458,2024-08-20,7,2,5,INSS / FGTS / Encargos,1466.83
1459,2024-08-20,1,2,6,INSS / FGTS / Encargos,3182.64
1460,2024-08-20,6,2,6,INSS / FGTS / Encargos,2560.19
1461,2024-08-20,7,2,6,INSS / FGTS / Encargos,1460.33
1462,2024-08-20,1,2,8,INSS / FGTS / Encargos,3148.6
1463,2024-08-20,6,2,8,INSS / FGTS / Encargos,2567.1
1464,2024-08-20,7,2,8,INSS / FGTS / Encargos,1479.36
1465,2024-08-21,2,5,1,Google Ads,17324.77
1466,2024-08-21,1,4,3,Folha de Comissões,11534.76
1467,2024-08-21,2,5,3,TikTok Ads,2581.23
1468,2024-08-21,6,8,3,Manutec Serviços,5360.61
1469,2024-08-21,6,7,4,TransLog Express,4711.32
1470,2024-08-21,7,16,5,Papelaria Central,964.06
1471,2024-08-22,2,5,1,Meta Ads,13612.32
1472,2024-08-22,3,12,1,Contabilidade & Cia,16820.98
1473,2024-08-22,6,7,1,TransLog Express,16679.26
1474,2024-08-24,5,17,4,Adquirentes (cartão/PIX),4759.22
1475,2024-08-24,1,13,5,Agência de Viagens Rota,2832.71
1476,2024-08-24,2,5,6,Google Ads,4641.62
1477,2024-08-24,6,7,6,RodoFácil Transportes,2563.47
1478,2024-08-24,2,5,8,TikTok Ads,727.84
1479,2024-08-24,5,17,8,Adquirentes (cartão/PIX),1907.38
1480,2024-08-25,5,18,1,Banco Nacional,6376.13
1481,2024-08-25,5,18,1,Banco do Brasil Corporativo,3825.68
1482,2024-08-25,5,18,1,Cooperativa Crédito,2550.45
1483,2024-08-25,6,7,4,RodoFácil Transportes,2826.79
1484,2024-08-25,1,4,5,Folha de Comissões,5086.53
1485,2024-08-25,2,5,8,Meta Ads,1601.24
1486,2024-08-26,5,12,1,Consultoria Alvo,8748.29
1487,2024-08-26,2,5,8,Google Ads,2037.94
1488,2024-08-27,2,5,4,TikTok Ads,2126.96
1489,2024-08-27,6,8,8,Predial Total,2361.43
1490,2024-08-28,6,7,2,Correios Corporativo,2616.64
1491,2024-08-28,1,13,4,Agência de Viagens Rota,2431.16
1492,2024-08-29,1,4,4,Folha de Comissões,5880.02
1493,2024-08-29,6,7,6,TransLog Express,4272.45
1494,2024-08-30,2,5,1,Influenciadores & Afiliados,4124.95
1495,2024-08-30,1,4,2,Folha de Comissões,10308.8
1496,2024-08-30,6,8,6,Predial Total,3086.95
1497,2024-08-31,1,4,1,Folha de Comissões,25867.52
1498,2024-08-31,6,7,1,Correios Corporativo,6671.71
1499,2024-08-31,7,16,4,OfficeMax Atacado,991.34
1500,2024-09-01,1,3,1,Benefícios Corporativos (VR/VA/Plano),2343.01
1501,2024-09-01,2,3,1,Benefícios Corporativos (VR/VA/Plano),4541.14
1502,2024-09-01,3,3,1,Benefícios Corporativos (VR/VA/Plano),4601.32
1503,2024-09-01,4,3,1,Benefícios Corporativos (VR/VA/Plano),3411.69
1504,2024-09-01,5,3,1,Benefícios Corporativos (VR/VA/Plano),3506.59
1505,2024-09-01,5,17,1,Adquirentes (cartão/PIX),17407.46
1506,2024-09-01,6,3,1,Benefícios Corporativos (VR/VA/Plano),2266.28
1507,2024-09-01,7,3,1,Benefícios Corporativos (VR/VA/Plano),3401.43
1508,2024-09-01,8,3,1,Benefícios Corporativos (VR/VA/Plano),5709.02
1509,2024-09-01,1,3,2,Benefícios Corporativos (VR/VA/Plano),2265.34
1510,2024-09-01,6,3,2,Benefícios Corporativos (VR/VA/Plano),2319.01
1511,2024-09-01,7,3,2,Benefícios Corporativos (VR/VA/Plano),1132.66
1512,2024-09-01,1,3,3,Benefícios Corporativos (VR/VA/Plano),2330.46
1513,2024-09-01,2,5,3,Influenciadores & Afiliados,1729.01
1514,2024-09-01,6,3,3,Benefícios Corporativos (VR/VA/Plano),2282.89
1515,2024-09-01,7,3,3,Benefícios Corporativos (VR/VA/Plano),1153.98
1516,2024-09-01,1,3,4,Benefícios Corporativos (VR/VA/Plano),2321.22
1517,2024-09-01,6,3,4,Benefícios Corporativos (VR/VA/Plano),2328.19
1518,2024-09-01,7,3,4,Benefícios Corporativos (VR/VA/Plano),1162.92
1519,2024-09-01,1,3,5,Benefícios Corporativos (VR/VA/Plano),2297.19
1520,2024-09-01,6,3,5,Benefícios Corporativos (VR/VA/Plano),2289.04
1521,2024-09-01,7,3,5,Benefícios Corporativos (VR/VA/Plano),1127.87
1522,2024-09-01,1,3,6,Benefícios Corporativos (VR/VA/Plano),2340.29
1523,2024-09-01,6,3,6,Benefícios Corporativos (VR/VA/Plano),2328.86
1524,2024-09-01,7,3,6,Benefícios Corporativos (VR/VA/Plano),1133.9
1525,2024-09-01,7,16,6,Papelaria Central,1335.28
1526,2024-09-01,1,3,8,Benefícios Corporativos (VR/VA/Plano),2304.5
1527,2024-09-01,6,3,8,Benefícios Corporativos (VR/VA/Plano),2282.08
1528,2024-09-01,7,3,8,Benefícios Corporativos (VR/VA/Plano),1138.54
1529,2024-09-03,7,16,1,Papelaria Central,2526.5
1530,2024-09-03,1,13,3,Locadora Frota Viva,3208.77
1531,2024-09-03,2,5,5,TikTok Ads,1568.86
1532,2024-09-03,5,17,5,Adquirentes (cartão/PIX),3119.35
1533,2024-09-03,2,5,6,Google Ads,4683.32
1534,2024-09-03,2,5,6,TikTok Ads,1672.61
1535,2024-09-03,5,17,8,Adquirentes (cartão/PIX),1397.16
1536,2024-09-04,2,5,1,Google Ads,17353.21
1537,2024-09-04,2,6,1,Patrocínio Esporte Local,11162.02
1538,2024-09-04,3,12,1,Consultoria Alvo,6772.08
1539,2024-09-04,2,6,4,Feira Office Brasil,3829.42
1540,2024-09-04,5,17,4,Adquirentes (cartão/PIX),5438.13
1541,2024-09-04,6,7,8,RodoFácil Transportes,793.64
1542,2024-09-05,1,1,1,Folha de Pagamento,8802.97
1543,2024-09-05,2,1,1,Folha de Pagamento,29468.31
1544,2024-09-05,3,1,1,Folha de Pagamento,43850.89
1545,2024-09-05,4,1,1,Folha de Pagamento,19400.47
1546,2024-09-05,5,1,1,Folha de Pagamento,24601.88
1547,2024-09-05,6,1,1,Folha de Pagamento,7104.43
1548,2024-09-05,6,7,1,TransLog Express,15505.84
1549,2024-09-05,7,1,1,Folha de Pagamento,12251.49
1550,2024-09-05,8,1,1,Folha de Pagamento,60441.42
1551,2024-09-05,1,1,2,Folha de Pagamento,8790.77
1552,2024-09-05,6,1,2,Folha de Pagamento,7172.75
1553,2024-09-05,7,1,2,Folha de Pagamento,4111.19
1554,2024-09-05,1,1,3,Folha de Pagamento,8749.6
1555,2024-09-05,6,1,3,Folha de Pagamento,7126.68
1556,2024-09-05,7,1,3,Folha de Pagamento,4082.42
1557,2024-09-05,1,1,4,Folha de Pagamento,8864.74
1558,2024-09-05,6,1,4,Folha de Pagamento,7154.07
1559,2024-09-05,6,7,4,TransLog Express,5163.49
1560,2024-09-05,7,1,4,Folha de Pagamento,4055.84
1561,2024-09-05,7,16,4,Papelaria Central,1526.58
1562,2024-09-05,1,1,5,Folha de Pagamento,8788.21
1563,2024-09-05,6,1,5,Folha de Pagamento,7174.16
1564,2024-09-05,6,7,5,Correios Corporativo,1213.27
1565,2024-09-05,7,1,5,Folha de Pagamento,4059.12
1566,2024-09-05,1,1,6,Folha de Pagamento,8854.3
1567,2024-09-05,2,5,6,Meta Ads,3679.75
1568,2024-09-05,6,1,6,Folha de Pagamento,7168.97
1569,2024-09-05,7,1,6,Folha de Pagamento,4068.11
1570,2024-09-05,1,1,8,Folha de Pagamento,8850.48
1571,2024-09-05,5,17,8,Comissão de Marketplaces,1122.46
1572,2024-09-05,6,1,8,Folha de Pagamento,7137.85
1573,2024-09-05,7,1,8,Folha de Pagamento,4107.67
1574,2024-09-06,2,5,3,TikTok Ads,2593.52
1575,2024-09-06,6,7,8,TransLog Express,1322.74
1576,2024-09-07,1,4,3,Folha de Comissões,8460.62
1577,2024-09-07,5,17,4,Comissão de Marketplaces,4047.42
1578,2024-09-07,6,7,6,TransLog Express,2692.04
1579,2024-09-07,6,8,8,Manutec Serviços,3584.25
1580,2024-09-08,1,4,1,Folha de Comissões,22589.76
1581,2024-09-08,3,11,1,CloudSoft Infra,21568.8
1582,2024-09-08,3,11,1,Licenças Corp Brasil,11764.8
1583,2024-09-08,3,11,1,DevTools Pro,5882.4
1584,2024-09-08,6,7,1,RodoFácil Transportes,9303.51
1585,2024-09-08,2,5,5,Meta Ads,3451.49
1586,2024-09-08,6,7,5,RodoFácil Transportes,1819.9
1587,2024-09-09,2,6,3,Patrocínio Esporte Local,4141.02
1588,2024-09-09,1,4,5,Folha de Comissões,5120.54
1589,2024-09-09,2,5,8,Influenciadores & Afiliados,530.87
1590,2024-09-09,6,7,8,Correios Corporativo,529.1
1591,2024-09-10,7,9,1,Locadora Imóveis São Paulo,30000.0
1592,2024-09-10,1,13,2,Agência de Viagens Rota,2969.84
1593,2024-09-10,7,9,2,Locadora Imóveis Rio de Janeiro,15000.0
1594,2024-09-10,7,16,2,OfficeMax Atacado,1457.04
1595,2024-09-10,7,9,3,Locadora Imóveis Belo Horizonte,10000.0
1596,2024-09-10,6,7,4,Correios Corporativo,2065.4
1597,2024-09-10,7,9,4,Locadora Imóveis Curitiba,9500.0
1598,2024-09-10,7,9,5,Locadora Imóveis Porto Alegre,8500.0
1599,2024-09-10,7,9,6,Locadora Imóveis Brasília,10500.0
1600,2024-09-10,2,6,8,Feira Office Brasil,1651.91
1601,2024-09-10,7,9,8,Locadora Imóveis Recife,8500.0
1602,2024-09-11,2,5,4,Meta Ads,4578.62
1603,2024-09-11,2,5,8,Meta Ads,1751.87
1604,2024-09-12,7,15,1,Seguradora Aliança,4800.0
1605,2024-09-12,7,15,2,Seguradora Aliança,3000.0
1606,2024-09-12,7,15,3,Seguradora Aliança,2520.0
1607,2024-09-12,7,15,4,Seguradora Aliança,2400.0
1608,2024-09-12,2,5,5,Influenciadores & Afiliados,1045.91
1609,2024-09-12,7,15,5,Seguradora Aliança,2160.0
1610,2024-09-12,7,15,6,Seguradora Aliança,2280.0
1611,2024-09-12,7,15,8,Seguradora Aliança,2160.0
1612,2024-09-13,1,4,2,Folha de Comissões,10007.04
1613,2024-09-13,6,7,3,TransLog Express,4580.29
1614,2024-09-13,6,7,6,Correios Corporativo,1076.81
1615,2024-09-14,2,5,4,Influenciadores & Afiliados,1387.46
1616,2024-09-14,6,8,5,Predial Total,4135.53
1617,2024-09-15,2,5,1,Meta Ads,13634.66
1618,2024-09-15,2,5,1,Influenciadores & Afiliados,4131.72
1619,2024-09-15,4,14,1,Academia Corporativa,4470.48
1620,2024-09-15,7,10,1,Concessionária Local SP,12403.53
1621,2024-09-15,5,17,2,Adquirentes (cartão/PIX),7215.06
1622,2024-09-15,7,10,2,Concessionária Local RJ,8216.88
1623,2024-09-15,7,10,3,Concessionária Local MG,7091.62
1624,2024-09-15,7,10,4,Concessionária Local PR,6763.65
1625,2024-09-15,7,10,5,Concessionária Local RS,5694.51
1626,2024-09-15,6,7,6,RodoFácil Transportes,1615.22
1627,2024-09-15,7,10,6,Concessionária Local DF,5785.93
1628,2024-09-15,7,10,8,Concessionária Local PE,5758.98
1629,2024-09-16,2,5,2,Influenciadores & Afiliados,1923.4
1630,2024-09-16,6,7,3,Correios Corporativo,1832.12
1631,2024-09-16,2,5,8,Google Ads,2229.65
1632,2024-09-17,6,7,2,Correios Corporativo,2460.2
1633,2024-09-17,6,8,3,Predial Total,4185.71
1634,2024-09-17,1,13,4,Locadora Frota Viva,2678.23
1635,2024-09-17,6,8,6,ClimaFix,3540.23
1636,2024-09-17,1,4,8,Folha de Comissões,2198.61
1637,2024-09-18,6,7,2,RodoFácil Transportes,3690.3
1638,2024-09-18,2,5,4,TikTok Ads,2081.19
1639,2024-09-19,5,17,2,Comissão de Marketplaces,5951.63
1640,2024-09-19,6,7,2,TransLog Express,6150.5
1641,2024-09-19,5,17,3,Adquirentes (cartão/PIX),5317.48
1642,2024-09-19,2,5,5,Google Ads,4392.81
1643,2024-09-19,5,17,6,Adquirentes (cartão/PIX),2406.45
1644,2024-09-20,1,2,1,INSS / FGTS / Encargos,3169.07
1645,2024-09-20,2,2,1,INSS / FGTS / Encargos,10608.59
1646,2024-09-20,3,2,1,INSS / FGTS / Encargos,15786.32
1647,2024-09-20,4,2,1,INSS / FGTS / Encargos,6984.17
1648,2024-09-20,5,2,1,INSS / FGTS / Encargos,8856.68
1649,2024-09-20,6,2,1,INSS / FGTS / Encargos,2557.59
1650,2024-09-20,7,2,1,INSS / FGTS / Encargos,4410.54
1651,2024-09-20,8,2,1,INSS / FGTS / Encargos,21758.91
1652,2024-09-20,1,2,2,INSS / FGTS / Encargos,3164.68
1653,2024-09-20,2,6,2,Patrocínio Esporte Local,5646.25
1654,2024-09-20,6,2,2,INSS / FGTS / Encargos,2582.19
1655,2024-09-20,7,2,2,INSS / FGTS / Encargos,1480.03
1656,2024-09-20,1,2,3,INSS / FGTS / Encargos,3149.86
1657,2024-09-20,6,2,3,INSS / FGTS / Encargos,2565.6
1658,2024-09-20,7,2,3,INSS / FGTS / Encargos,1469.67
1659,2024-09-20,1,2,4,INSS / FGTS / Encargos,3191.3
1660,2024-09-20,6,2,4,INSS / FGTS / Encargos,2575.46
1661,2024-09-20,6,8,4,Predial Total,3511.75
1662,2024-09-20,7,2,4,INSS / FGTS / Encargos,1460.1
1663,2024-09-20,1,2,5,INSS / FGTS / Encargos,3163.76
1664,2024-09-20,6,2,5,INSS / FGTS / Encargos,2582.7
1665,2024-09-20,7,2,5,INSS / FGTS / Encargos,1461.28
1666,2024-09-20,1,2,6,INSS / FGTS / Encargos,3187.55
1667,2024-09-20,6,2,6,INSS / FGTS / Encargos,2580.83
1668,2024-09-20,7,2,6,INSS / FGTS / Encargos,1464.52
1669,2024-09-20,1,2,8,INSS / FGTS / Encargos,3186.17
1670,2024-09-20,6,2,8,INSS / FGTS / Encargos,2569.62
1671,2024-09-20,7,2,8,INSS / FGTS / Encargos,1478.76
1672,2024-09-21,2,5,2,Meta Ads,6347.21
1673,2024-09-21,5,17,5,Comissão de Marketplaces,4404.73
1674,2024-09-22,2,5,6,Influenciadores & Afiliados,1115.08
1675,2024-09-23,2,5,1,TikTok Ads,6197.57
1676,2024-09-23,5,17,1,Comissão de Marketplaces,7635.62
1677,2024-09-23,6,7,4,RodoFácil Transportes,3098.09
1678,2024-09-23,2,6,5,Feira Office Brasil,2894.73
1679,2024-09-23,6,7,5,TransLog Express,3033.17
1680,2024-09-24,6,7,1,Correios Corporativo,6202.34
1681,2024-09-24,6,8,1,Manutec Serviços,9598.39
1682,2024-09-25,2,12,1,Contabilidade & Cia,5483.8
1683,2024-09-25,5,18,1,Banco Nacional,6427.82
1684,2024-09-25,5,18,1,Banco do Brasil Corporativo,3856.69
1685,2024-09-25,5,18,1,Cooperativa Crédito,2571.13
1686,2024-09-25,2,5,3,Google Ads,7261.85
1687,2024-09-25,7,16,3,Papelaria Central,1097.84
1688,2024-09-25,1,13,5,Agência de Viagens Rota,2668.97
1689,2024-09-26,2,5,2,TikTok Ads,2885.1
1690,2024-09-27,5,12,1,Agência Pixel,14326.55
1691,2024-09-27,1,13,6,Locadora Frota Viva,2026.63
1692,2024-09-27,2,5,8,TikTok Ads,796.31
1693,2024-09-28,2,5,2,Google Ads,8078.27
1694,2024-09-28,1,4,6,Folha de Comissões,4161.82
1695,2024-09-28,2,6,6,Patrocínio Esporte Local,2659.98
1696,2024-09-29,6,7,3,RodoFácil Transportes,2748.17
1697,2024-09-29,7,16,5,Papelaria Central,912.56
1698,2024-09-29,5,17,6,Comissão de Marketplaces,3753.16
1699,2024-09-29,7,16,8,OfficeMax Atacado,1426.83
1700,2024-09-30,1,13,1,Locadora Frota Viva,8084.76
1701,2024-09-30,6,8,2,Predial Total,6498.13
1702,2024-09-30,2,5,3,Meta Ads,5705.74
1703,2024-09-30,5,17,3,Comissão de Marketplaces,7183.07
1704,2024-09-30,1,4,4,Folha de Comissões,7881.36
1705,2024-09-30,2,5,4,Google Ads,5827.34
1706,2024-09-30,1,13,8,Locadora Frota Viva,1004.07
1707,2024-10-01,1,3,1,Benefícios Corporativos (VR/VA/Plano),3418.81
1708,2024-10-01,2,3,1,Benefícios Corporativos (VR/VA/Plano),4677.43
1709,2024-10-01,3,3,1,Benefícios Corporativos (VR/VA/Plano),4519.12
1710,2024-10-01,4,3,1,Benefícios Corporativos (VR/VA/Plano),3454.99
1711,2024-10-01,5,3,1,Benefícios Corporativos (VR/VA/Plano),3416.7
1712,2024-10-01,6,3,1,Benefícios Corporativos (VR/VA/Plano),2278.95
1713,2024-10-01,7,3,1,Benefícios Corporativos (VR/VA/Plano),3401.43
1714,2024-10-01,8,3,1,Benefícios Corporativos (VR/VA/Plano),5657.95
1715,2024-10-01,1,3,2,Benefícios Corporativos (VR/VA/Plano),2334.18
1716,2024-10-01,6,3,2,Benefícios Corporativos (VR/VA/Plano),2287.17
1717,2024-10-01,7,3,2,Benefícios Corporativos (VR/VA/Plano),1168.42
1718,2024-10-01,1,3,3,Benefícios Corporativos (VR/VA/Plano),2293.14
1719,2024-10-01,2,5,3,Google Ads,10454.48
1720,2024-10-01,6,3,3,Benefícios Corporativos (VR/VA/Plano),2335.11
1721,2024-10-01,6,7,3,Correios Corporativo,3073.96
1722,2024-10-01,7,3,3,Benefícios Corporativos (VR/VA/Plano),1130.87
1723,2024-10-01,1,3,4,Benefícios Corporativos (VR/VA/Plano),2312.34
1724,2024-10-01,6,3,4,Benefícios Corporativos (VR/VA/Plano),2254.53
1725,2024-10-01,7,3,4,Benefícios Corporativos (VR/VA/Plano),1156.0
1726,2024-10-01,1,3,5,Benefícios Corporativos (VR/VA/Plano),2271.03
1727,2024-10-01,6,3,5,Benefícios Corporativos (VR/VA/Plano),2257.53
1728,2024-10-01,7,3,5,Benefícios Corporativos (VR/VA/Plano),1160.98
1729,2024-10-01,1,3,6,Benefícios Corporativos (VR/VA/Plano),2276.68
1730,2024-10-01,6,3,6,Benefícios Corporativos (VR/VA/Plano),2343.36
1731,2024-10-01,7,3,6,Benefícios Corporativos (VR/VA/Plano),1134.93
1732,2024-10-01,1,3,8,Benefícios Corporativos (VR/VA/Plano),2295.22
1733,2024-10-01,6,3,8,Benefícios Corporativos (VR/VA/Plano),2318.48
1734,2024-10-01,6,7,8,RodoFácil Transportes,1610.71
1735,2024-10-01,7,3,8,Benefícios Corporativos (VR/VA/Plano),1133.13
1736,2024-10-02,1,13,3,Locadora Frota Viva,5346.68
1737,2024-10-02,2,5,4,TikTok Ads,2835.29
1738,2024-10-02,1,13,8,Locadora Frota Viva,1631.99
1739,2024-10-02,7,16,8,OfficeMax Atacado,944.88
1740,2024-10-03,7,16,1,OfficeMax Atacado,2642.03
1741,2024-10-04,5,17,5,Adquirentes (cartão/PIX),3921.33
1742,2024-10-05,1,1,1,Folha de Pagamento,13123.64
1743,2024-10-05,2,1,1,Folha de Pagamento,29539.35
1744,2024-10-05,3,1,1,Folha de Pagamento,43910.1
1745,2024-10-05,4,1,1,Folha de Pagamento,19567.86
1746,2024-10-05,5,1,1,Folha de Pagamento,24506.57
1747,2024-10-05,6,1,1,Folha de Pagamento,7079.44
1748,2024-10-05,7,1,1,Folha de Pagamento,12311.17
1749,2024-10-05,8,1,1,Folha de Pagamento,60360.32
1750,2024-10-05,1,1,2,Folha de Pagamento,8763.11
1751,2024-10-05,1,13,2,Agência de Viagens Rota,3612.39
1752,2024-10-05,6,1,2,Folha de Pagamento,7164.57
1753,2024-10-05,7,1,2,Folha de Pagamento,4078.13
1754,2024-10-05,1,1,3,Folha de Pagamento,8859.52
1755,2024-10-05,6,1,3,Folha de Pagamento,7174.6
1756,2024-10-05,7,1,3,Folha de Pagamento,4088.34
1757,2024-10-05,1,1,4,Folha de Pagamento,8835.78
1758,2024-10-05,2,5,4,Google Ads,7938.8
1759,2024-10-05,6,1,4,Folha de Pagamento,7109.93
1760,2024-10-05,7,1,4,Folha de Pagamento,4071.77
1761,2024-10-05,1,1,5,Folha de Pagamento,8806.36
1762,2024-10-05,2,5,5,TikTok Ads,2220.38
1763,2024-10-05,6,1,5,Folha de Pagamento,7141.13
1764,2024-10-05,7,1,5,Folha de Pagamento,4062.87
1765,2024-10-05,1,1,6,Folha de Pagamento,8851.77
1766,2024-10-05,2,5,6,Meta Ads,4900.71
1767,2024-10-05,2,5,6,TikTok Ads,2227.59
1768,2024-10-05,6,1,6,Folha de Pagamento,7121.32
1769,2024-10-05,7,1,6,Folha de Pagamento,4066.45
1770,2024-10-05,1,1,8,Folha de Pagamento,8840.7
1771,2024-10-05,6,1,8,Folha de Pagamento,7144.92
1772,2024-10-05,6,7,8,TransLog Express,2684.51
1773,2024-10-05,7,1,8,Folha de Pagamento,4076.61
1774,2024-10-06,6,7,5,Correios Corporativo,1401.38
1775,2024-10-07,1,4,1,Folha de Comissões,23142.19
1776,2024-10-07,6,8,6,Predial Total,4791.77
1777,2024-10-08,3,11,1,CloudSoft Infra,21652.4
1778,2024-10-08,3,11,1,Licenças Corp Brasil,11810.4
1779,2024-10-08,3,11,1,DevTools Pro,5905.2
1780,2024-10-08,1,4,2,Folha de Comissões,9621.07
1781,2024-10-09,6,7,2,Correios Corporativo,2648.11
1782,2024-10-09,6,7,3,TransLog Express,7684.91
1783,2024-10-09,1,4,5,Folha de Comissões,5589.25
1784,2024-10-09,6,7,5,RodoFácil Transportes,2102.07
1785,2024-10-09,6,7,8,Correios Corporativo,1073.8
1786,2024-10-10,2,12,1,Agência Pixel,10648.23
1787,2024-10-10,7,9,1,Locadora Imóveis São Paulo,30000.0
1788,2024-10-10,6,7,2,TransLog Express,6620.27
1789,2024-10-10,7,9,2,Locadora Imóveis Rio de Janeiro,15000.0
1790,2024-10-10,7,9,3,Locadora Imóveis Belo Horizonte,10000.0
1791,2024-10-10,7,9,4,Locadora Imóveis Curitiba,9500.0
1792,2024-10-10,1,13,5,Agência de Viagens Rota,2111.16
1793,2024-10-10,7,9,5,Locadora Imóveis Porto Alegre,8500.0
1794,2024-10-10,7,9,6,Locadora Imóveis Brasília,10500.0
1795,2024-10-10,7,16,6,OfficeMax Atacado,1363.75
1796,2024-10-10,7,9,8,Locadora Imóveis Recife,8500.0
1797,2024-10-11,5,17,1,Comissão de Marketplaces,11011.44
1798,2024-10-11,1,13,6,Agência de Viagens Rota,3804.69
1799,2024-10-12,7,15,1,Seguradora Aliança,4800.0
1800,2024-10-12,7,15,2,Seguradora Aliança,3000.0
1801,2024-10-12,5,17,3,Comissão de Marketplaces,2343.39
1802,2024-10-12,7,15,3,Seguradora Aliança,2520.0
1803,2024-10-12,7,15,4,Seguradora Aliança,2400.0
1804,2024-10-12,2,5,5,Influenciadores & Afiliados,1480.25
1805,2024-10-12,7,15,5,Seguradora Aliança,2160.0
1806,2024-10-12,7,15,6,Seguradora Aliança,2280.0
1807,2024-10-12,7,15,8,Seguradora Aliança,2160.0
1808,2024-10-13,2,5,1,TikTok Ads,9025.91
1809,2024-10-14,7,16,4,Papelaria Central,1556.88
1810,2024-10-14,5,17,5,Comissão de Marketplaces,2671.58
1811,2024-10-15,5,17,1,Adquirentes (cartão/PIX),15172.98
1812,2024-10-15,7,10,1,Concessionária Local SP,12068.41
1813,2024-10-15,7,10,2,Concessionária Local RJ,7994.57
1814,2024-10-15,7,10,3,Concessionária Local MG,6551.93
1815,2024-10-15,6,8,4,Manutec Serviços,5004.5
1816,2024-10-15,7,10,4,Concessionária Local PR,6255.06
1817,2024-10-15,6,8,5,ClimaFix,4966.26
1818,2024-10-15,7,10,5,Concessionária Local RS,6164.5
1819,2024-10-15,7,10,6,Concessionária Local DF,6306.99
1820,2024-10-15,2,5,8,Influenciadores & Afiliados,873.01
1821,2024-10-15,7,10,8,Concessionária Local PE,5958.45
1822,2024-10-16,3,12,1,Contabilidade & Cia,7191.92
1823,2024-10-16,2,5,2,TikTok Ads,3973.41
1824,2024-10-16,6,7,4,TransLog Express,5170.75
1825,2024-10-17,1,4,3,Folha de Comissões,12433.59
1826,2024-10-17,6,8,3,Manutec Serviços,3245.59
1827,2024-10-17,2,5,4,Meta Ads,6237.63
1828,2024-10-17,6,7,4,RodoFácil Transportes,3102.45
1829,2024-10-17,2,5,6,Google Ads,6237.26
1830,2024-10-17,2,5,8,Google Ads,3666.66
1831,2024-10-18,4,14,1,Instituto Aprender,4975.07
1832,2024-10-18,6,7,1,TransLog Express,14829.04
1833,2024-10-18,2,5,2,Google Ads,11125.55
1834,2024-10-18,6,8,8,Manutec Serviços,4084.7
1835,2024-10-19,1,4,4,Folha de Comissões,9036.93
1836,2024-10-19,1,4,6,Folha de Comissões,6964.75
1837,2024-10-20,1,2,1,INSS / FGTS / Encargos,4724.51
1838,2024-10-20,2,2,1,INSS / FGTS / Encargos,10634.16
1839,2024-10-20,3,2,1,INSS / FGTS / Encargos,15807.64
1840,2024-10-20,4,2,1,INSS / FGTS / Encargos,7044.43
1841,2024-10-20,5,2,1,INSS / FGTS / Encargos,8822.37
1842,2024-10-20,6,2,1,INSS / FGTS / Encargos,2548.6
1843,2024-10-20,7,2,1,INSS / FGTS / Encargos,4432.02
1844,2024-10-20,8,2,1,INSS / FGTS / Encargos,21729.72
1845,2024-10-20,1,2,2,INSS / FGTS / Encargos,3154.72
1846,2024-10-20,6,2,2,INSS / FGTS / Encargos,2579.24
1847,2024-10-20,7,2,2,INSS / FGTS / Encargos,1468.13
1848,2024-10-20,1,2,3,INSS / FGTS / Encargos,3189.43
1849,2024-10-20,2,5,3,Meta Ads,8214.23
1850,2024-10-20,2,5,3,TikTok Ads,3733.74
1851,2024-10-20,2,5,3,Influenciadores & Afiliados,2489.16
1852,2024-10-20,6,2,3,INSS / FGTS / Encargos,2582.86
1853,2024-10-20,7,2,3,INSS / FGTS / Encargos,1471.8
1854,2024-10-20,1,2,4,INSS / FGTS / Encargos,3180.88
1855,2024-10-20,6,2,4,INSS / FGTS / Encargos,2559.57
1856,2024-10-20,7,2,4,INSS / FGTS / Encargos,1465.84
1857,2024-10-20,1,2,5,INSS / FGTS / Encargos,3170.29
1858,2024-10-20,6,2,5,INSS / FGTS / Encargos,2570.81
1859,2024-10-20,7,2,5,INSS / FGTS / Encargos,1462.63
1860,2024-10-20,1,2,6,INSS / FGTS / Encargos,3186.64
1861,2024-10-20,6,2,6,INSS / FGTS / Encargos,2563.68
1862,2024-10-20,7,2,6,INSS / FGTS / Encargos,1463.92
1863,2024-10-20,1,2,8,INSS / FGTS / Encargos,3182.65
1864,2024-10-20,6,2,8,INSS / FGTS / Encargos,2572.17
1865,2024-10-20,7,2,8,INSS / FGTS / Encargos,1467.58
1866,2024-10-21,6,8,1,Predial Total,9684.37
1867,2024-10-21,2,5,2,Influenciadores & Afiliados,2648.94
1868,2024-10-21,5,17,2,Comissão de Marketplaces,3508.52
1869,2024-10-21,5,17,3,Adquirentes (cartão/PIX),8763.25
1870,2024-10-21,7,16,3,OfficeMax Atacado,1488.44
1871,2024-10-22,2,5,1,Google Ads,25272.56
1872,2024-10-22,2,5,2,Meta Ads,8741.51
1873,2024-10-22,2,5,4,Influenciadores & Afiliados,1890.19
1874,2024-10-22,5,17,4,Adquirentes (cartão/PIX),5550.97
1875,2024-10-22,2,5,5,Google Ads,6217.05
1876,2024-10-22,2,5,8,Meta Ads,2880.95
1877,2024-10-23,6,7,1,Correios Corporativo,5931.61
1878,2024-10-23,5,17,8,Adquirentes (cartão/PIX),2350.09
1879,2024-10-24,5,12,1,Contabilidade & Cia,11390.01
1880,2024-10-24,6,7,1,RodoFácil Transportes,8897.42
1881,2024-10-24,6,8,2,Predial Total,2893.45
1882,2024-10-24,6,7,4,Correios Corporativo,2068.3
1883,2024-10-24,6,7,5,TransLog Express,3503.46
1884,2024-10-24,5,17,6,Comissão de Marketplaces,3237.69
1885,2024-10-25,5,18,1,Banco Nacional,6511.55
1886,2024-10-25,5,18,1,Banco do Brasil Corporativo,3906.93
1887,2024-10-25,5,18,1,Cooperativa Crédito,2604.62
1888,2024-10-25,6,7,3,RodoFácil Transportes,4610.95
1889,2024-10-25,1,4,8,Folha de Comissões,3991.52
1890,2024-10-26,5,17,4,Comissão de Marketplaces,6014.58
1891,2024-10-26,6,7,6,RodoFácil Transportes,2788.44
1892,2024-10-26,5,17,8,Comissão de Marketplaces,1209.71
1893,2024-10-27,2,5,1,Meta Ads,19857.01
1894,2024-10-27,2,5,1,Influenciadores & Afiliados,6017.28
1895,2024-10-28,6,7,6,TransLog Express,4647.39
1896,2024-10-29,2,5,6,Influenciadores & Afiliados,1485.06
1897,2024-10-29,5,17,6,Adquirentes (cartão/PIX),4805.42
1898,2024-10-29,2,5,8,TikTok Ads,1309.52
1899,2024-10-30,1,13,1,Agência de Viagens Rota,9700.44
1900,2024-10-30,5,17,2,Adquirentes (cartão/PIX),7244.34
1901,2024-10-30,6,7,2,RodoFácil Transportes,3972.16
1902,2024-10-30,2,5,5,Meta Ads,4884.83
1903,2024-10-30,7,16,5,Papelaria Central,855.01
1904,2024-10-31,7,16,2,OfficeMax Atacado,1896.39
1905,2024-10-31,1,13,4,Locadora Frota Viva,3728.97
1906,2024-10-31,6,7,6,Correios Corporativo,1858.96
1907,2024-11-01,1,3,1,Benefícios Corporativos (VR/VA/Plano),3487.63
1908,2024-11-01,2,3,1,Benefícios Corporativos (VR/VA/Plano),4534.87
1909,2024-11-01,3,3,1,Benefícios Corporativos (VR/VA/Plano),4574.3
1910,2024-11-01,4,3,1,Benefícios Corporativos (VR/VA/Plano),3485.66
1911,2024-11-01,5,3,1,Benefícios Corporativos (VR/VA/Plano),3441.97
1912,2024-11-01,6,3,1,Benefícios Corporativos (VR/VA/Plano),2256.26
1913,2024-11-01,7,3,1,Benefícios Corporativos (VR/VA/Plano),3383.37
1914,2024-11-01,8,3,1,Benefícios Corporativos (VR/VA/Plano),5669.14
1915,2024-11-01,1,3,2,Benefícios Corporativos (VR/VA/Plano),2343.41
1916,2024-11-01,6,3,2,Benefícios Corporativos (VR/VA/Plano),2340.34
1917,2024-11-01,7,3,2,Benefícios Corporativos (VR/VA/Plano),1154.35
1918,2024-11-01,1,3,3,Benefícios Corporativos (VR/VA/Plano),2292.07
1919,2024-11-01,2,5,3,Meta Ads,11784.81
1920,2024-11-01,6,3,3,Benefícios Corporativos (VR/VA/Plano),2344.03
1921,2024-11-01,7,3,3,Benefícios Corporativos (VR/VA/Plano),1144.52
1922,2024-11-01,1,3,4,Benefícios Corporativos (VR/VA/Plano),2311.5
1923,2024-11-01,6,3,4,Benefícios Corporativos (VR/VA/Plano),2283.39
1924,2024-11-01,7,3,4,Benefícios Corporativos (VR/VA/Plano),1156.99
1925,2024-11-01,1,3,5,Benefícios Corporativos (VR/VA/Plano),2322.97
1926,2024-11-01,6,3,5,Benefícios Corporativos (VR/VA/Plano),2273.99
1927,2024-11-01,7,3,5,Benefícios Corporativos (VR/VA/Plano),1141.34
1928,2024-11-01,1,3,6,Benefícios Corporativos (VR/VA/Plano),2340.8
1929,2024-11-01,6,3,6,Benefícios Corporativos (VR/VA/Plano),2325.63
1930,2024-11-01,7,3,6,Benefícios Corporativos (VR/VA/Plano),1138.89
1931,2024-11-01,1,3,8,Benefícios Corporativos (VR/VA/Plano),2311.48
1932,2024-11-01,6,3,8,Benefícios Corporativos (VR/VA/Plano),2318.36
1933,2024-11-01,7,3,8,Benefícios Corporativos (VR/VA/Plano),1154.38
1934,2024-11-02,1,4,3,Folha de Comissões,17411.03
1935,2024-11-02,6,8,5,Predial Total,4634.85
1936,2024-11-03,2,5,2,Influenciadores & Afiliados,3701.39
1937,2024-11-03,2,5,3,TikTok Ads,5356.73
1938,2024-11-04,1,4,2,Folha de Comissões,18150.26
1939,2024-11-04,6,7,2,TransLog Express,11055.58
1940,2024-11-04,2,5,8,Google Ads,5727.65
1941,2024-11-04,5,17,8,Comissão de Marketplaces,3719.81
1942,2024-11-04,6,7,8,Correios Corporativo,1436.57
1943,2024-11-05,1,1,1,Folha de Pagamento,13287.41
1944,2024-11-05,2,1,1,Folha de Pagamento,29138.36
1945,2024-11-05,2,12,1,Agência Pixel,9808.62
1946,2024-11-05,3,1,1,Folha de Pagamento,44168.29
1947,2024-11-05,4,1,1,Folha de Pagamento,19443.98
1948,2024-11-05,5,1,1,Folha de Pagamento,24659.77
1949,2024-11-05,6,1,1,Folha de Pagamento,7090.02
1950,2024-11-05,7,1,1,Folha de Pagamento,12230.55
1951,2024-11-05,8,1,1,Folha de Pagamento,59944.33
1952,2024-11-05,1,1,2,Folha de Pagamento,8778.29
1953,2024-11-05,6,1,2,Folha de Pagamento,7094.73
1954,2024-11-05,7,1,2,Folha de Pagamento,4100.17
1955,2024-11-05,1,1,3,Folha de Pagamento,8742.51
1956,2024-11-05,1,13,3,Agência de Viagens Rota,6344.94
1957,2024-11-05,6,1,3,Folha de Pagamento,7130.62
1958,2024-11-05,7,1,3,Folha de Pagamento,4069.37
1959,2024-11-05,1,1,4,Folha de Pagamento,8745.72
1960,2024-11-05,6,1,4,Folha de Pagamento,7088.29
1961,2024-11-05,7,1,4,Folha de Pagamento,4062.64
1962,2024-11-05,1,1,5,Folha de Pagamento,8804.04
1963,2024-11-05,6,1,5,Folha de Pagamento,7099.81
1964,2024-11-05,7,1,5,Folha de Pagamento,4108.56
1965,2024-11-05,1,1,6,Folha de Pagamento,8763.9
1966,2024-11-05,6,1,6,Folha de Pagamento,7168.14
1967,2024-11-05,7,1,6,Folha de Pagamento,4108.1
1968,2024-11-05,1,1,8,Folha de Pagamento,8794.16
1969,2024-11-05,2,5,8,Meta Ads,4500.29
1970,2024-11-05,6,1,8,Folha de Pagamento,7128.89
1971,2024-11-05,6,7,8,TransLog Express,3591.42
1972,2024-11-05,6,8,8,Manutec Serviços,5318.87
1973,2024-11-05,7,1,8,Folha de Pagamento,4092.65
1974,2024-11-05,7,16,8,OfficeMax Atacado,1016.7
1975,2024-11-06,1,4,1,Folha de Comissões,35313.94
1976,2024-11-06,5,17,3,Adquirentes (cartão/PIX),10114.7
1977,2024-11-06,7,16,3,OfficeMax Atacado,1745.15
1978,2024-11-06,2,5,5,Influenciadores & Afiliados,1940.05
1979,2024-11-07,2,6,3,Patrocínio Esporte Local,5682.57
1980,2024-11-07,6,8,4,Predial Total,2538.43
1981,2024-11-07,2,5,6,Meta Ads,7183.09
1982,2024-11-08,3,11,1,CloudSoft Infra,21736.0
1983,2024-11-08,3,11,1,Licenças Corp Brasil,11856.0
1984,2024-11-08,3,11,1,DevTools Pro,5928.0
1985,2024-11-08,5,17,1,Comissão de Marketplaces,19202.81
1986,2024-11-08,5,12,1,Agência Pixel,12121.65
1987,2024-11-08,6,7,1,Correios Corporativo,9208.02
1988,2024-11-08,5,17,3,Comissão de Marketplaces,2809.08
1989,2024-11-08,6,7,5,RodoFácil Transportes,2868.54
1990,2024-11-08,5,17,8,Adquirentes (cartão/PIX),3090.76
1991,2024-11-09,1,13,4,Agência de Viagens Rota,5909.28
1992,2024-11-09,5,17,4,Comissão de Marketplaces,3202.42
1993,2024-11-10,7,9,1,Locadora Imóveis São Paulo,30000.0
1994,2024-11-10,6,8,2,Manutec Serviços,4767.88
1995,2024-11-10,7,9,2,Locadora Imóveis Rio de Janeiro,15000.0
1996,2024-11-10,7,9,3,Locadora Imóveis Belo Horizonte,10000.0
1997,2024-11-10,7,9,4,Locadora Imóveis Curitiba,9500.0
1998,2024-11-10,6,7,5,TransLog Express,4780.9
1999,2024-11-10,6,7,5,Correios Corporativo,1912.36
2000,2024-11-10,7,9,5,Locadora Imóveis Porto Alegre,8500.0
2001,2024-11-10,2,5,6,Google Ads,9142.12
2002,2024-11-10,7,9,6,Locadora Imóveis Brasília,10500.0
2003,2024-11-10,7,9,8,Locadora Imóveis Recife,8500.0
2004,2024-11-11,6,7,8,RodoFácil Transportes,2154.85
2005,2024-11-12,6,7,1,RodoFácil Transportes,13812.03
2006,2024-11-12,7,15,1,Seguradora Aliança,4800.0
2007,2024-11-12,6,7,2,Correios Corporativo,4422.23
2008,2024-11-12,7,15,2,Seguradora Aliança,3000.0
2009,2024-11-12,7,15,3,Seguradora Aliança,2520.0
2010,2024-11-12,7,15,4,Seguradora Aliança,2400.0
2011,2024-11-12,7,15,5,Seguradora Aliança,2160.0
2012,2024-11-12,7,15,6,Seguradora Aliança,2280.0
2013,2024-11-12,7,15,8,Seguradora Aliança,2160.0
2014,2024-11-13,7,16,1,OfficeMax Atacado,2627.59
2015,2024-11-13,1,4,4,Folha de Comissões,10357.96
2016,2024-11-13,2,5,6,TikTok Ads,3265.04
2017,2024-11-13,1,4,8,Folha de Comissões,5880.27
2018,2024-11-15,2,5,1,Influenciadores & Afiliados,7898.06
2019,2024-11-15,7,10,1,Concessionária Local SP,11562.33
2020,2024-11-15,7,10,2,Concessionária Local RJ,8179.92
2021,2024-11-15,6,7,3,Correios Corporativo,3666.89
2022,2024-11-15,7,10,3,Concessionária Local MG,6876.79
2023,2024-11-15,2,5,4,TikTok Ads,3999.14
2024,2024-11-15,7,10,4,Concessionária Local PR,6153.8
2025,2024-11-15,2,6,5,Patrocínio Esporte Local,4037.55
2026,2024-11-15,5,17,5,Comissão de Marketplaces,4923.94
2027,2024-11-15,7,10,5,Concessionária Local RS,5964.83
2028,2024-11-15,7,10,6,Concessionária Local DF,5761.44
2029,2024-11-15,7,10,8,Concessionária Local PE,5826.32
2030,2024-11-16,2,5,1,Google Ads,33171.85
2031,2024-11-16,2,5,1,TikTok Ads,11847.09
2032,2024-11-16,3,12,1,Agência Pixel,9292.35
2033,2024-11-16,6,8,1,Manutec Serviços,5791.74
2034,2024-11-16,2,5,5,Meta Ads,6402.17
2035,2024-11-17,2,5,1,Meta Ads,26063.59
2036,2024-11-17,2,5,2,Google Ads,15545.83
2037,2024-11-17,2,5,3,Google Ads,14998.85
2038,2024-11-18,1,13,1,Locadora Frota Viva,13753.72
2039,2024-11-18,2,5,4,Meta Ads,8798.1
2040,2024-11-18,1,4,6,Folha de Comissões,10048.21
2041,2024-11-18,2,6,6,Patrocínio Esporte Local,4090.56
2042,2024-11-19,2,6,2,Patrocínio Esporte Local,7832.88
2043,2024-11-19,6,7,2,RodoFácil Transportes,6633.35
2044,2024-11-19,7,16,4,OfficeMax Atacado,960.11
2045,2024-11-19,2,5,5,Google Ads,8148.21
2046,2024-11-19,2,6,8,Feira Office Brasil,2854.01
2047,2024-11-20,1,2,1,INSS / FGTS / Encargos,4783.47
2048,2024-11-20,2,2,1,INSS / FGTS / Encargos,10489.81
2049,2024-11-20,3,2,1,INSS / FGTS / Encargos,15900.59
2050,2024-11-20,4,2,1,INSS / FGTS / Encargos,6999.83
2051,2024-11-20,5,2,1,INSS / FGTS / Encargos,8877.52
2052,2024-11-20,6,2,1,INSS / FGTS / Encargos,2552.41
2053,2024-11-20,7,2,1,INSS / FGTS / Encargos,4403.0
2054,2024-11-20,8,2,1,INSS / FGTS / Encargos,21579.96
2055,2024-11-20,1,2,2,INSS / FGTS / Encargos,3160.19
2056,2024-11-20,6,2,2,INSS / FGTS / Encargos,2554.1
2057,2024-11-20,7,2,2,INSS / FGTS / Encargos,1476.06
2058,2024-11-20,1,2,3,INSS / FGTS / Encargos,3147.3
2059,2024-11-20,6,2,3,INSS / FGTS / Encargos,2567.02
2060,2024-11-20,6,8,3,Manutec Serviços,3164.37
2061,2024-11-20,7,2,3,INSS / FGTS / Encargos,1464.97
2062,2024-11-20,1,2,4,INSS / FGTS / Encargos,3148.46
2063,2024-11-20,2,5,4,Influenciadores & Afiliados,2666.09
2064,2024-11-20,6,2,4,INSS / FGTS / Encargos,2551.78
2065,2024-11-20,7,2,4,INSS / FGTS / Encargos,1462.55
2066,2024-11-20,1,2,5,INSS / FGTS / Encargos,3169.46
2067,2024-11-20,6,2,5,INSS / FGTS / Encargos,2555.93
2068,2024-11-20,7,2,5,INSS / FGTS / Encargos,1479.08
2069,2024-11-20,1,2,6,INSS / FGTS / Encargos,3155.01
2070,2024-11-20,6,2,6,INSS / FGTS / Encargos,2580.53
2071,2024-11-20,7,2,6,INSS / FGTS / Encargos,1478.92
2072,2024-11-20,1,2,8,INSS / FGTS / Encargos,3165.9
2073,2024-11-20,6,2,8,INSS / FGTS / Encargos,2566.4
2074,2024-11-20,7,2,8,INSS / FGTS / Encargos,1473.35
2075,2024-11-21,2,5,2,Meta Ads,12214.58
2076,2024-11-22,2,6,1,Congresso Varejo Tech,17181.74
2077,2024-11-22,7,16,2,Papelaria Central,1106.9
2078,2024-11-22,2,5,6,Influenciadores & Afiliados,2176.69
2079,2024-11-23,2,5,4,Google Ads,11197.58
2080,2024-11-23,6,7,4,RodoFácil Transportes,4002.47
2081,2024-11-23,6,7,6,RodoFácil Transportes,3538.21
2082,2024-11-23,1,13,8,Locadora Frota Viva,2681.13
2083,2024-11-24,2,5,3,Influenciadores & Afiliados,3571.15
2084,2024-11-24,6,7,3,TransLog Express,9167.22
2085,2024-11-24,7,16,5,OfficeMax Atacado,1210.09
2086,2024-11-24,1,13,6,Agência de Viagens Rota,3405.8
2087,2024-11-24,5,17,6,Comissão de Marketplaces,4580.96
2088,2024-11-25,5,18,1,Banco Nacional,6328.08
2089,2024-11-25,5,18,1,Banco do Brasil Corporativo,3796.85
2090,2024-11-25,5,18,1,Cooperativa Crédito,2531.23
2091,2024-11-25,5,17,2,Adquirentes (cartão/PIX),9996.83
2092,2024-11-25,5,17,6,Adquirentes (cartão/PIX),5187.2
2093,2024-11-25,7,16,6,Papelaria Central,978.44
2094,2024-11-25,2,5,8,TikTok Ads,2045.59
2095,2024-11-26,5,17,1,Adquirentes (cartão/PIX),19811.49
2096,2024-11-26,5,17,2,Comissão de Marketplaces,10710.51
2097,2024-11-26,6,7,3,RodoFácil Transportes,5500.33
2098,2024-11-26,2,5,5,TikTok Ads,2910.08
2099,2024-11-26,6,7,6,Correios Corporativo,2358.81
2100,2024-11-27,1,13,2,Agência de Viagens Rota,7694.41
2101,2024-11-27,6,7,4,Correios Corporativo,2668.31
2102,2024-11-27,6,8,6,ClimaFix,2772.61
2103,2024-11-27,2,5,8,Influenciadores & Afiliados,1363.73
2104,2024-11-28,4,14,1,Academia Corporativa,4615.83
2105,2024-11-28,6,7,1,TransLog Express,23020.04
2106,2024-11-28,2,5,2,TikTok Ads,5552.08
2107,2024-11-28,5,17,4,Adquirentes (cartão/PIX),5919.0
2108,2024-11-28,5,17,5,Adquirentes (cartão/PIX),4552.71
2109,2024-11-28,6,7,6,TransLog Express,5897.02
2110,2024-11-29,1,4,5,Folha de Comissões,8401.66
2111,2024-11-30,2,6,4,Patrocínio Esporte Local,4700.06
2112,2024-11-30,6,7,4,TransLog Express,6670.78
2113,2024-11-30,1,13,5,Agência de Viagens Rota,4231.46
2114,2024-12-01,1,3,1,Benefícios Corporativos (VR/VA/Plano),3514.26
2115,2024-12-01,2,3,1,Benefícios Corporativos (VR/VA/Plano),4580.36
2116,2024-12-01,3,3,1,Benefícios Corporativos (VR/VA/Plano),4635.74
2117,2024-12-01,4,3,1,Benefícios Corporativos (VR/VA/Plano),3492.44
2118,2024-12-01,5,3,1,Benefícios Corporativos (VR/VA/Plano),3484.26
2119,2024-12-01,6,3,1,Benefícios Corporativos (VR/VA/Plano),2334.62
2120,2024-12-01,7,3,1,Benefícios Corporativos (VR/VA/Plano),3500.59
2121,2024-12-01,8,3,1,Benefícios Corporativos (VR/VA/Plano),5769.66
2122,2024-12-01,1,3,2,Benefícios Corporativos (VR/VA/Plano),2279.3
2123,2024-12-01,6,3,2,Benefícios Corporativos (VR/VA/Plano),2292.44
2124,2024-12-01,7,3,2,Benefícios Corporativos (VR/VA/Plano),1157.16
2125,2024-12-01,1,3,3,Benefícios Corporativos (VR/VA/Plano),2340.21
2126,2024-12-01,6,3,3,Benefícios Corporativos (VR/VA/Plano),2289.03
2127,2024-12-01,7,3,3,Benefícios Corporativos (VR/VA/Plano),1140.19
2128,2024-12-01,1,3,4,Benefícios Corporativos (VR/VA/Plano),2264.63
2129,2024-12-01,6,3,4,Benefícios Corporativos (VR/VA/Plano),2270.99
2130,2024-12-01,7,3,4,Benefícios Corporativos (VR/VA/Plano),1152.55
2131,2024-12-01,1,3,5,Benefícios Corporativos (VR/VA/Plano),2271.89
2132,2024-12-01,6,3,5,Benefícios Corporativos (VR/VA/Plano),2332.82
2133,2024-12-01,7,3,5,Benefícios Corporativos (VR/VA/Plano),1163.24
2134,2024-12-01,7,16,5,OfficeMax Atacado,1030.36
2135,2024-12-01,1,3,6,Benefícios Corporativos (VR/VA/Plano),2285.56
2136,2024-12-01,6,3,6,Benefícios Corporativos (VR/VA/Plano),2269.79
2137,2024-12-01,7,3,6,Benefícios Corporativos (VR/VA/Plano),1141.88
2138,2024-12-01,1,3,8,Benefícios Corporativos (VR/VA/Plano),2327.1
2139,2024-12-01,6,3,8,Benefícios Corporativos (VR/VA/Plano),2302.78
2140,2024-12-01,7,3,8,Benefícios Corporativos (VR/VA/Plano),1142.86
2141,2024-12-02,3,12,1,Agência Pixel,13693.74
2142,2024-12-02,6,8,1,Predial Total,5906.63
2143,2024-12-02,2,5,2,Google Ads,11207.66
2144,2024-12-02,2,5,3,TikTok Ads,3856.01
2145,2024-12-02,2,5,4,Meta Ads,6400.62
2146,2024-12-02,7,16,4,OfficeMax Atacado,1409.98
2147,2024-12-03,6,8,8,Predial Total,4303.46
2148,2024-12-05,1,1,1,Folha de Pagamento,13198.71
2149,2024-12-05,2,1,1,Folha de Pagamento,29308.66
2150,2024-12-05,3,1,1,Folha de Pagamento,44325.67
2151,2024-12-05,4,1,1,Folha de Pagamento,19494.44
2152,2024-12-05,5,1,1,Folha de Pagamento,24641.02
2153,2024-12-05,6,1,1,Folha de Pagamento,7094.44
2154,2024-12-05,7,1,1,Folha de Pagamento,12244.39
2155,2024-12-05,8,1,1,Folha de Pagamento,60289.33
2156,2024-12-05,1,1,2,Folha de Pagamento,8795.75
2157,2024-12-05,6,1,2,Folha de Pagamento,7173.71
2158,2024-12-05,7,1,2,Folha de Pagamento,4075.45
2159,2024-12-05,1,1,3,Folha de Pagamento,8824.37
2160,2024-12-05,6,1,3,Folha de Pagamento,7138.03
2161,2024-12-05,7,1,3,Folha de Pagamento,4094.66
2162,2024-12-05,1,1,4,Folha de Pagamento,8798.91
2163,2024-12-05,6,1,4,Folha de Pagamento,7169.65
2164,2024-12-05,7,1,4,Folha de Pagamento,4072.18
2165,2024-12-05,1,1,5,Folha de Pagamento,8750.46
2166,2024-12-05,6,1,5,Folha de Pagamento,7079.91
2167,2024-12-05,7,1,5,Folha de Pagamento,4107.56
2168,2024-12-05,1,1,6,Folha de Pagamento,8751.69
2169,2024-12-05,6,1,6,Folha de Pagamento,7148.14
2170,2024-12-05,7,1,6,Folha de Pagamento,4095.69
2171,2024-12-05,7,16,6,Papelaria Central,1473.18
2172,2024-12-05,1,1,8,Folha de Pagamento,8789.69
2173,2024-12-05,6,1,8,Folha de Pagamento,7158.56
2174,2024-12-05,7,1,8,Folha de Pagamento,4115.13
2175,2024-12-06,5,17,4,Comissão de Marketplaces,3464.37
2176,2024-12-06,5,17,8,Adquirentes (cartão/PIX),4265.86
2177,2024-12-07,5,17,1,Comissão de Marketplaces,13466.23
2178,2024-12-07,5,12,1,Contabilidade & Cia,18873.1
2179,2024-12-07,6,7,1,TransLog Express,19814.02
2180,2024-12-07,5,17,5,Comissão de Marketplaces,4341.65
2181,2024-12-07,6,8,5,ClimaFix,5303.45
2182,2024-12-07,5,17,6,Comissão de Marketplaces,4488.61
2183,2024-12-07,2,5,8,Google Ads,4525.89
2184,2024-12-08,1,13,1,Locadora Frota Viva,19201.18
2185,2024-12-08,3,11,1,CloudSoft Infra,21819.6
2186,2024-12-08,3,11,1,Licenças Corp Brasil,11901.6
2187,2024-12-08,3,11,1,DevTools Pro,5950.8
2188,2024-12-08,6,7,3,TransLog Express,10728.5
2189,2024-12-08,6,8,6,Manutec Serviços,4412.32
2190,2024-12-09,2,5,3,Influenciadores & Afiliados,2570.67
2191,2024-12-09,6,8,4,ClimaFix,3035.66
2192,2024-12-09,1,4,8,Folha de Comissões,5444.0
2193,2024-12-09,2,5,8,Meta Ads,3556.05
2194,2024-12-09,2,5,8,TikTok Ads,1616.39
2195,2024-12-10,7,9,1,Locadora Imóveis São Paulo,30000.0
2196,2024-12-10,7,9,2,Locadora Imóveis Rio de Janeiro,15000.0
2197,2024-12-10,2,5,3,Google Ads,10796.83
2198,2024-12-10,7,9,3,Locadora Imóveis Belo Horizonte,10000.0
2199,2024-12-10,2,5,4,Google Ads,8146.25
2200,2024-12-10,6,7,4,TransLog Express,6650.69
2201,2024-12-10,7,9,4,Locadora Imóveis Curitiba,9500.0
2202,2024-12-10,7,9,5,Locadora Imóveis Porto Alegre,8500.0
2203,2024-12-10,7,9,6,Locadora Imóveis Brasília,10500.0
2204,2024-12-10,7,9,8,Locadora Imóveis Recife,8500.0
2205,2024-12-11,2,5,2,Influenciadores & Afiliados,2668.49
2206,2024-12-11,6,7,6,TransLog Express,4975.42
2207,2024-12-12,2,5,1,Google Ads,24070.49
2208,2024-12-12,2,12,1,Contabilidade & Cia,6178.56
2209,2024-12-12,4,14,1,Academia Corporativa,4245.18
2210,2024-12-12,7,15,1,Seguradora Aliança,4800.0
2211,2024-12-12,1,4,2,Folha de Comissões,14412.27
2212,2024-12-12,1,13,2,Locadora Frota Viva,7955.33
2213,2024-12-12,7,15,2,Seguradora Aliança,3000.0
2214,2024-12-12,2,5,3,Meta Ads,8483.22
2215,2024-12-12,6,7,3,Correios Corporativo,4291.4
2216,2024-12-12,7,15,3,Seguradora Aliança,2520.0
2217,2024-12-12,7,15,4,Seguradora Aliança,2400.0
2218,2024-12-12,7,15,5,Seguradora Aliança,2160.0
2219,2024-12-12,7,15,6,Seguradora Aliança,2280.0
2220,2024-12-12,7,15,8,Seguradora Aliança,2160.0
2221,2024-12-13,1,4,4,Folha de Comissões,9109.16
2222,2024-12-13,2,5,5,Google Ads,6253.4
2223,2024-12-13,6,7,8,TransLog Express,3485.07
2224,2024-12-14,6,7,5,RodoFácil Transportes,2903.55
2225,2024-12-14,6,7,8,Correios Corporativo,1394.03
2226,2024-12-15,2,5,1,Meta Ads,18912.53
2227,2024-12-15,7,10,1,Concessionária Local SP,14063.83
2228,2024-12-15,7,10,2,Concessionária Local RJ,8742.28
2229,2024-12-15,5,17,3,Comissão de Marketplaces,4910.58
2230,2024-12-15,7,10,3,Concessionária Local MG,7509.94
2231,2024-12-15,6,7,4,RodoFácil Transportes,3990.42
2232,2024-12-15,7,10,4,Concessionária Local PR,7182.46
2233,2024-12-15,7,10,5,Concessionária Local RS,6817.94
2234,2024-12-15,2,5,6,TikTok Ads,2257.28
2235,2024-12-15,6,7,6,RodoFácil Transportes,2985.25
2236,2024-12-15,7,10,6,Concessionária Local DF,7492.44
2237,2024-12-15,7,10,8,Concessionária Local PE,6619.07
2238,2024-12-16,6,7,4,Correios Corporativo,2660.28
2239,2024-12-16,6,7,8,RodoFácil Transportes,2091.04
2240,2024-12-17,2,5,6,Google Ads,6320.37
2241,2024-12-17,7,16,8,OfficeMax Atacado,875.48
2242,2024-12-18,5,17,2,Adquirentes (cartão/PIX),10851.76
2243,2024-12-18,7,16,3,OfficeMax Atacado,1387.7
2244,2024-12-19,6,7,5,Correios Corporativo,1935.7
2245,2024-12-20,1,2,1,INSS / FGTS / Encargos,4751.53
2246,2024-12-20,1,4,1,Folha de Comissões,33301.37
2247,2024-12-20,2,2,1,INSS / FGTS / Encargos,10551.12
2248,2024-12-20,3,2,1,INSS / FGTS / Encargos,15957.24
2249,2024-12-20,4,2,1,INSS / FGTS / Encargos,7018.0
2250,2024-12-20,5,2,1,INSS / FGTS / Encargos,8870.77
2251,2024-12-20,6,2,1,INSS / FGTS / Encargos,2554.0
2252,2024-12-20,7,2,1,INSS / FGTS / Encargos,4407.98
2253,2024-12-20,8,2,1,INSS / FGTS / Encargos,21704.16
2254,2024-12-20,1,2,2,INSS / FGTS / Encargos,3166.47
2255,2024-12-20,6,2,2,INSS / FGTS / Encargos,2582.54
2256,2024-12-20,7,2,2,INSS / FGTS / Encargos,1467.16
2257,2024-12-20,1,2,3,INSS / FGTS / Encargos,3176.77
2258,2024-12-20,1,4,3,Folha de Comissões,15106.2
2259,2024-12-20,6,2,3,INSS / FGTS / Encargos,2569.69
2260,2024-12-20,7,2,3,INSS / FGTS / Encargos,1474.08
2261,2024-12-20,1,2,4,INSS / FGTS / Encargos,3167.61
2262,2024-12-20,2,5,4,TikTok Ads,2909.37
2263,2024-12-20,6,2,4,INSS / FGTS / Encargos,2581.07
2264,2024-12-20,7,2,4,INSS / FGTS / Encargos,1465.99
2265,2024-12-20,1,2,5,INSS / FGTS / Encargos,3150.16
2266,2024-12-20,6,2,5,INSS / FGTS / Encargos,2548.77
2267,2024-12-20,7,2,5,INSS / FGTS / Encargos,1478.72
2268,2024-12-20,1,2,6,INSS / FGTS / Encargos,3150.61
2269,2024-12-20,6,2,6,INSS / FGTS / Encargos,2573.33
2270,2024-12-20,7,2,6,INSS / FGTS / Encargos,1474.45
2271,2024-12-20,1,2,8,INSS / FGTS / Encargos,3164.29
2272,2024-12-20,6,2,8,INSS / FGTS / Encargos,2577.08
2273,2024-12-20,7,2,8,INSS / FGTS / Encargos,1481.45
2274,2024-12-21,2,5,2,TikTok Ads,4002.73
2275,2024-12-21,2,5,5,Meta Ads,4913.38
2276,2024-12-21,1,4,6,Folha de Comissões,7618.25
2277,2024-12-21,1,13,8,Agência de Viagens Rota,2839.44
2278,2024-12-22,6,7,5,TransLog Express,4839.26
2279,2024-12-22,2,5,6,Influenciadores & Afiliados,1504.85
2280,2024-12-22,6,7,6,Correios Corporativo,1990.17
2281,2024-12-23,6,8,2,Predial Total,3603.79
2282,2024-12-23,7,16,2,Papelaria Central,1538.43
2283,2024-12-23,6,7,3,RodoFácil Transportes,6437.1
2284,2024-12-23,6,8,3,ClimaFix,5777.77
2285,2024-12-23,2,5,4,Influenciadores & Afiliados,1939.58
2286,2024-12-23,2,5,5,Influenciadores & Afiliados,1488.9
2287,2024-12-23,5,17,5,Adquirentes (cartão/PIX),4737.23
2288,2024-12-23,1,13,6,Agência de Viagens Rota,4055.34
2289,2024-12-23,2,5,6,Meta Ads,4966.01
2290,2024-12-24,6,7,2,RodoFácil Transportes,5970.57
2291,2024-12-24,5,17,6,Adquirentes (cartão/PIX),5708.57
2292,2024-12-25,5,18,1,Banco Nacional,6692.1
2293,2024-12-25,5,18,1,Banco do Brasil Corporativo,4015.26
2294,2024-12-25,5,18,1,Cooperativa Crédito,2676.84
2295,2024-12-25,1,13,5,Locadora Frota Viva,4615.39
2296,2024-12-25,2,5,5,TikTok Ads,2233.36
2297,2024-12-26,6,7,1,Correios Corporativo,7925.61
2298,2024-12-26,6,7,2,Correios Corporativo,3980.38
2299,2024-12-26,5,17,3,Adquirentes (cartão/PIX),11487.47
2300,2024-12-26,1,13,4,Agência de Viagens Rota,3157.12
2301,2024-12-26,5,17,4,Adquirentes (cartão/PIX),6769.48
2302,2024-12-26,2,5,8,Influenciadores & Afiliados,1077.59
2303,2024-12-27,2,5,2,Meta Ads,8806.02
2304,2024-12-28,2,5,1,Influenciadores & Afiliados,5731.07
2305,2024-12-28,1,4,5,Folha de Comissões,6488.98
2306,2024-12-29,7,16,1,OfficeMax Atacado,1972.66
2307,2024-12-29,6,7,2,TransLog Express,9950.96
2308,2024-12-30,6,7,1,RodoFácil Transportes,11888.41
2309,2024-12-30,5,17,8,Comissão de Marketplaces,1813.69
2310,2024-12-31,2,5,1,TikTok Ads,8596.6
2311,2024-12-31,5,17,1,Adquirentes (cartão/PIX),22937.98
2312,2024-12-31,5,17,2,Comissão de Marketplaces,8456.82
2313,2024-12-31,1,13,3,Agência de Viagens Rota,7664.96
2314,2025-01-01,1,3,1,Benefícios Corporativos (VR/VA/Plano),2327.97
2315,2025-01-01,2,3,1,Benefícios Corporativos (VR/VA/Plano),4742.75
2316,2025-01-01,3,3,1,Benefícios Corporativos (VR/VA/Plano),4732.85
2317,2025-01-01,4,3,1,Benefícios Corporativos (VR/VA/Plano),3554.61
2318,2025-01-01,5,3,1,Benefícios Corporativos (VR/VA/Plano),3611.39
2319,2025-01-01,6,3,1,Benefícios Corporativos (VR/VA/Plano),2338.53
2320,2025-01-01,7,3,1,Benefícios Corporativos (VR/VA/Plano),3531.88
2321,2025-01-01,8,3,1,Benefícios Corporativos (VR/VA/Plano),7112.0
2322,2025-01-01,1,3,2,Benefícios Corporativos (VR/VA/Plano),2373.46
2323,2025-01-01,6,3,2,Benefícios Corporativos (VR/VA/Plano),2371.88
2324,2025-01-01,7,3,2,Benefícios Corporativos (VR/VA/Plano),1187.64
2325,2025-01-01,1,3,3,Benefícios Corporativos (VR/VA/Plano),2396.52
2326,2025-01-01,6,3,3,Benefícios Corporativos (VR/VA/Plano),2328.81
2327,2025-01-01,7,3,3,Benefícios Corporativos (VR/VA/Plano),1170.33
2328,2025-01-01,1,3,4,Benefícios Corporativos (VR/VA/Plano),2381.49
2329,2025-01-01,1,13,4,Locadora Frota Viva,1987.75
2330,2025-01-01,6,3,4,Benefícios Corporativos (VR/VA/Plano),2338.86
2331,2025-01-01,6,7,4,Correios Corporativo,1961.51
2332,2025-01-01,7,3,4,Benefícios Corporativos (VR/VA/Plano),1192.83
2333,2025-01-01,1,3,5,Benefícios Corporativos (VR/VA/Plano),2371.25
2334,2025-01-01,6,3,5,Benefícios Corporativos (VR/VA/Plano),2383.55
2335,2025-01-01,7,3,5,Benefícios Corporativos (VR/VA/Plano),1206.49
2336,2025-01-01,1,3,6,Benefícios Corporativos (VR/VA/Plano),2324.79
2337,2025-01-01,2,5,6,Google Ads,3631.22
2338,2025-01-01,6,3,6,Benefícios Corporativos (VR/VA/Plano),2373.68
2339,2025-01-01,7,3,6,Benefícios Corporativos (VR/VA/Plano),1164.12
2340,2025-01-01,1,3,7,Benefícios Corporativos (VR/VA/Plano),2330.58
2341,2025-01-01,6,3,7,Benefícios Corporativos (VR/VA/Plano),2324.91
2342,2025-01-01,7,3,7,Benefícios Corporativos (VR/VA/Plano),1206.32
2343,2025-01-01,1,3,8,Benefícios Corporativos (VR/VA/Plano),2379.22
2344,2025-01-01,6,3,8,Benefícios Corporativos (VR/VA/Plano),2355.27
2345,2025-01-01,7,3,8,Benefícios Corporativos (VR/VA/Plano),1192.84
2346,2025-01-02,2,5,1,Meta Ads,10192.27
2347,2025-01-02,3,12,1,Contabilidade & Cia,15498.31
2348,2025-01-02,6,8,2,Predial Total,3939.58
2349,2025-01-02,6,7,5,RodoFácil Transportes,1799.57
2350,2025-01-03,6,8,6,ClimaFix,5391.87
2351,2025-01-04,4,14,1,Instituto Aprender,5097.05
2352,2025-01-04,6,7,1,Correios Corporativo,4426.26
2353,2025-01-05,1,1,1,Folha de Pagamento,8788.96
2354,2025-01-05,2,1,1,Folha de Pagamento,29178.2
2355,2025-01-05,3,1,1,Folha de Pagamento,43768.68
2356,2025-01-05,4,1,1,Folha de Pagamento,19443.84
2357,2025-01-05,5,1,1,Folha de Pagamento,24522.03
2358,2025-01-05,5,17,1,Adquirentes (cartão/PIX),11446.65
2359,2025-01-05,6,1,1,Folha de Pagamento,7153.05
2360,2025-01-05,7,1,1,Folha de Pagamento,12344.77
2361,2025-01-05,8,1,1,Folha de Pagamento,71995.22
2362,2025-01-05,1,1,2,Folha de Pagamento,8839.9
2363,2025-01-05,6,1,2,Folha de Pagamento,7129.54
2364,2025-01-05,6,7,2,Correios Corporativo,2288.23
2365,2025-01-05,7,1,2,Folha de Pagamento,4058.09
2366,2025-01-05,1,1,3,Folha de Pagamento,8740.54
2367,2025-01-05,1,13,3,Agência de Viagens Rota,2931.84
2368,2025-01-05,6,1,3,Folha de Pagamento,7166.99
2369,2025-01-05,7,1,3,Folha de Pagamento,4077.54
2370,2025-01-05,1,1,4,Folha de Pagamento,8864.49
2371,2025-01-05,6,1,4,Folha de Pagamento,7163.83
2372,2025-01-05,7,1,4,Folha de Pagamento,4080.22
2373,2025-01-05,1,1,5,Folha de Pagamento,8763.82
2374,2025-01-05,6,1,5,Folha de Pagamento,7120.34
2375,2025-01-05,7,1,5,Folha de Pagamento,4056.69
2376,2025-01-05,1,1,6,Folha de Pagamento,8745.11
2377,2025-01-05,6,1,6,Folha de Pagamento,7145.74
2378,2025-01-05,6,7,6,TransLog Express,4276.37
2379,2025-01-05,6,7,6,RodoFácil Transportes,2565.82
2380,2025-01-05,7,1,6,Folha de Pagamento,4059.3
2381,2025-01-05,1,1,7,Folha de Pagamento,8823.65
2382,2025-01-05,6,1,7,Folha de Pagamento,7173.41
2383,2025-01-05,7,1,7,Folha de Pagamento,4083.71
2384,2025-01-05,1,1,8,Folha de Pagamento,8818.48
2385,2025-01-05,6,1,8,Folha de Pagamento,7134.08
2386,2025-01-05,7,1,8,Folha de Pagamento,4107.48
2387,2025-01-06,2,5,3,Influenciadores & Afiliados,1455.83
2388,2025-01-06,6,7,4,RodoFácil Transportes,2942.26
2389,2025-01-06,2,5,5,Google Ads,3448.06
2390,2025-01-06,5,17,5,Adquirentes (cartão/PIX),3957.95
2391,2025-01-07,2,12,1,Agência Pixel,13717.33
2392,2025-01-07,5,17,1,Comissão de Marketplaces,10913.29
2393,2025-01-07,7,16,2,Papelaria Central,1794.03
2394,2025-01-07,6,7,6,Correios Corporativo,1710.55
2395,2025-01-07,6,7,8,Correios Corporativo,946.45
2396,2025-01-08,3,11,1,CloudSoft Infra,21903.2
2397,2025-01-08,3,11,1,Licenças Corp Brasil,11947.2
2398,2025-01-08,3,11,1,DevTools Pro,5973.6
2399,2025-01-08,7,16,4,OfficeMax Atacado,1461.72
2400,2025-01-08,1,13,5,Locadora Frota Viva,2591.63
2401,2025-01-09,2,5,1,Google Ads,12971.98
2402,2025-01-09,2,5,3,TikTok Ads,2183.75
2403,2025-01-09,5,17,5,Comissão de Marketplaces,1889.93
2404,2025-01-10,1,13,1,Agência de Viagens Rota,12697.98
2405,2025-01-10,7,9,1,Locadora Imóveis São Paulo,31260.0
2406,2025-01-10,1,4,2,Folha de Comissões,8979.06
2407,2025-01-10,2,5,2,Influenciadores & Afiliados,1416.7
2408,2025-01-10,7,9,2,Locadora Imóveis Rio de Janeiro,15630.0
2409,2025-01-10,2,5,3,Google Ads,6114.5
2410,2025-01-10,7,9,3,Locadora Imóveis Belo Horizonte,10420.0
2411,2025-01-10,2,5,4,Meta Ads,3360.6
2412,2025-01-10,7,9,4,Locadora Imóveis Curitiba,9899.0
2413,2025-01-10,7,9,5,Locadora Imóveis Porto Alegre,8857.0
2414,2025-01-10,7,9,6,Locadora Imóveis Brasília,10941.0
2415,2025-01-10,7,9,7,Locadora Imóveis Salvador,8857.0
2416,2025-01-10,6,7,8,RodoFácil Transportes,1419.67
2417,2025-01-10,7,9,8,Locadora Imóveis Recife,8857.0
2418,2025-01-12,6,7,1,TransLog Express,11065.66
2419,2025-01-12,7,15,1,Seguradora Aliança,4800.0
2420,2025-01-12,2,5,2,Google Ads,5950.15
2421,2025-01-12,7,15,2,Seguradora Aliança,3000.0
2422,2025-01-12,7,15,3,Seguradora Aliança,2520.0
2423,2025-01-12,1,4,4,Folha de Comissões,6443.23
2424,2025-01-12,7,15,4,Seguradora Aliança,2400.0
2425,2025-01-12,7,15,5,Seguradora Aliança,2160.0
2426,2025-01-12,7,15,6,Seguradora Aliança,2280.0
2427,2025-01-12,7,15,7,Seguradora Aliança,2280.0
2428,2025-01-12,6,8,8,Predial Total,4680.29
2429,2025-01-12,7,15,8,Seguradora Aliança,2160.0
2430,2025-01-13,6,8,1,Manutec Serviços,9238.73
2431,2025-01-13,6,7,3,RodoFácil Transportes,3196.2
2432,2025-01-13,5,17,6,Adquirentes (cartão/PIX),4456.86
2433,2025-01-13,5,17,8,Adquirentes (cartão/PIX),2313.99
2434,2025-01-13,5,17,8,Comissão de Marketplaces,2199.17
2435,2025-01-14,5,12,1,Agência Pixel,14957.1
2436,2025-01-14,6,8,4,Manutec Serviços,5603.21
2437,2025-01-14,2,5,5,TikTok Ads,1231.45
2438,2025-01-14,2,5,8,Influenciadores & Afiliados,676.41
2439,2025-01-15,7,10,1,Concessionária Local SP,14754.21
2440,2025-01-15,5,17,2,Comissão de Marketplaces,2496.91
2441,2025-01-15,7,10,2,Concessionária Local RJ,9644.17
2442,2025-01-15,6,7,3,TransLog Express,5327.0
2443,2025-01-15,7,10,3,Concessionária Local MG,8508.96
2444,2025-01-15,5,17,4,Adquirentes (cartão/PIX),4231.54
2445,2025-01-15,7,10,4,Concessionária Local PR,7768.44
2446,2025-01-15,2,5,5,Influenciadores & Afiliados,820.97
2447,2025-01-15,7,10,5,Concessionária Local RS,6882.86
2448,2025-01-15,7,10,6,Concessionária Local DF,7923.21
2449,2025-01-15,7,10,7,Concessionária Local BA,7509.01
2450,2025-01-15,2,5,8,Meta Ads,2232.16
2451,2025-01-15,7,10,8,Concessionária Local PE,6924.88
2452,2025-01-15,7,16,8,Papelaria Central,1051.0
2453,2025-01-16,2,5,2,Meta Ads,4675.12
2454,2025-01-16,6,7,5,TransLog Express,2999.28
2455,2025-01-18,2,5,1,Influenciadores & Afiliados,3088.57
2456,2025-01-18,5,17,2,Adquirentes (cartão/PIX),6265.31
2457,2025-01-18,2,5,4,TikTok Ads,1527.54
2458,2025-01-18,1,13,8,Agência de Viagens Rota,2223.8
2459,2025-01-19,1,4,1,Folha de Comissões,17731.71
2460,2025-01-19,6,7,2,RodoFácil Transportes,3432.35
2461,2025-01-20,1,2,1,INSS / FGTS / Encargos,3164.03
2462,2025-01-20,2,2,1,INSS / FGTS / Encargos,10504.15
2463,2025-01-20,3,2,1,INSS / FGTS / Encargos,15756.72
2464,2025-01-20,4,2,1,INSS / FGTS / Encargos,6999.78
2465,2025-01-20,5,2,1,INSS / FGTS / Encargos,8827.93
2466,2025-01-20,6,2,1,INSS / FGTS / Encargos,2575.1
2467,2025-01-20,7,2,1,INSS / FGTS / Encargos,4444.12
2468,2025-01-20,8,2,1,INSS / FGTS / Encargos,25918.28
2469,2025-01-20,1,2,2,INSS / FGTS / Encargos,3182.37
2470,2025-01-20,6,2,2,INSS / FGTS / Encargos,2566.63
2471,2025-01-20,7,2,2,INSS / FGTS / Encargos,1460.91
2472,2025-01-20,1,2,3,INSS / FGTS / Encargos,3146.59
2473,2025-01-20,5,17,3,Adquirentes (cartão/PIX),4288.28
2474,2025-01-20,6,2,3,INSS / FGTS / Encargos,2580.12
2475,2025-01-20,7,2,3,INSS / FGTS / Encargos,1467.92
2476,2025-01-20,1,2,4,INSS / FGTS / Encargos,3191.22
2477,2025-01-20,2,5,4,Influenciadores & Afiliados,1018.36
2478,2025-01-20,6,2,4,INSS / FGTS / Encargos,2578.98
2479,2025-01-20,7,2,4,INSS / FGTS / Encargos,1468.88
2480,2025-01-20,1,2,5,INSS / FGTS / Encargos,3154.98
2481,2025-01-20,6,2,5,INSS / FGTS / Encargos,2563.32
2482,2025-01-20,7,2,5,INSS / FGTS / Encargos,1460.41
2483,2025-01-20,1,2,6,INSS / FGTS / Encargos,3148.24
2484,2025-01-20,1,13,6,Agência de Viagens Rota,3137.18
2485,2025-01-20,6,2,6,INSS / FGTS / Encargos,2572.47
2486,2025-01-20,7,2,6,INSS / FGTS / Encargos,1461.35
2487,2025-01-20,1,2,7,INSS / FGTS / Encargos,3176.51
2488,2025-01-20,6,2,7,INSS / FGTS / Encargos,2582.43
2489,2025-01-20,7,2,7,INSS / FGTS / Encargos,1470.14
2490,2025-01-20,1,2,8,INSS / FGTS / Encargos,3174.65
2491,2025-01-20,6,2,8,INSS / FGTS / Encargos,2568.27
2492,2025-01-20,7,2,8,INSS / FGTS / Encargos,1478.69
2493,2025-01-21,2,5,6,Influenciadores & Afiliados,864.58
2494,2025-01-22,6,7,1,RodoFácil Transportes,6639.4
2495,2025-01-22,7,16,1,Papelaria Central,2617.8
2496,2025-01-22,2,5,2,TikTok Ads,2125.05
2497,2025-01-22,2,5,4,Google Ads,4277.12
2498,2025-01-22,1,4,5,Folha de Comissões,5834.35
2499,2025-01-22,6,7,5,Correios Corporativo,1199.71
2500,2025-01-23,5,17,3,Comissão de Marketplaces,6735.69
2501,2025-01-24,6,7,2,TransLog Express,5720.58
2502,2025-01-24,2,5,3,Meta Ads,4804.25
2503,2025-01-24,6,8,7,Predial Total,2841.75
2504,2025-01-24,7,16,7,OfficeMax Atacado,902.11
2505,2025-01-24,2,5,8,TikTok Ads,1014.62
2506,2025-01-25,5,18,1,Banco Nacional,6501.68
2507,2025-01-25,5,18,1,Banco do Brasil Corporativo,3901.01
2508,2025-01-25,5,18,1,Cooperativa Crédito,2600.67
2509,2025-01-25,1,4,3,Folha de Comissões,7899.91
2510,2025-01-25,6,7,3,Correios Corporativo,2130.8
2511,2025-01-25,2,5,5,Meta Ads,2709.19
2512,2025-01-25,6,7,8,TransLog Express,2366.12
2513,2025-01-26,6,7,4,TransLog Express,4903.77
2514,2025-01-26,2,5,8,Google Ads,2840.93
2515,2025-01-28,6,8,3,ClimaFix,3469.28
2516,2025-01-28,7,16,3,OfficeMax Atacado,1225.73
2517,2025-01-29,7,16,6,OfficeMax Atacado,1556.16
2518,2025-01-30,2,5,1,TikTok Ads,4632.85
2519,2025-01-30,1,13,2,Agência de Viagens Rota,5025.16
2520,2025-01-30,5,17,4,Comissão de Marketplaces,4858.29
2521,2025-01-30,2,5,6,Meta Ads,2853.1
2522,2025-01-30,5,17,6,Comissão de Marketplaces,3673.7
2523,2025-01-30,1,4,8,Folha de Comissões,3692.17
2524,2025-01-31,6,8,5,Predial Total,5300.17
2525,2025-01-31,7,16,5,OfficeMax Atacado,846.76
2526,2025-01-31,1,4,6,Folha de Comissões,6144.45
2527,2025-01-31,2,5,6,TikTok Ads,1296.86
2528,2025-02-01,1,3,1,Benefícios Corporativos (VR/VA/Plano),2358.1
2529,2025-02-01,2,3,1,Benefícios Corporativos (VR/VA/Plano),4797.84
2530,2025-02-01,3,3,1,Benefícios Corporativos (VR/VA/Plano),4644.9
2531,2025-02-01,4,3,1,Benefícios Corporativos (VR/VA/Plano),3553.01
2532,2025-02-01,5,3,1,Benefícios Corporativos (VR/VA/Plano),3518.58
2533,2025-02-01,6,3,1,Benefícios Corporativos (VR/VA/Plano),2380.16
2534,2025-02-01,7,3,1,Benefícios Corporativos (VR/VA/Plano),3556.24
2535,2025-02-01,8,3,1,Benefícios Corporativos (VR/VA/Plano),7052.08
2536,2025-02-01,1,3,2,Benefícios Corporativos (VR/VA/Plano),2381.09
2537,2025-02-01,6,3,2,Benefícios Corporativos (VR/VA/Plano),2390.83
2538,2025-02-01,7,3,2,Benefícios Corporativos (VR/VA/Plano),1166.12
2539,2025-02-01,1,3,3,Benefícios Corporativos (VR/VA/Plano),2402.92
2540,2025-02-01,2,5,3,Meta Ads,4724.71
2541,2025-02-01,5,17,3,Adquirentes (cartão/PIX),5237.69
2542,2025-02-01,5,17,3,Comissão de Marketplaces,4723.98
2543,2025-02-01,6,3,3,Benefícios Corporativos (VR/VA/Plano),2403.46
2544,2025-02-01,7,3,3,Benefícios Corporativos (VR/VA/Plano),1164.66
2545,2025-02-01,7,16,3,OfficeMax Atacado,954.78
2546,2025-02-01,1,3,4,Benefícios Corporativos (VR/VA/Plano),2355.18
2547,2025-02-01,6,3,4,Benefícios Corporativos (VR/VA/Plano),2381.94
2548,2025-02-01,7,3,4,Benefícios Corporativos (VR/VA/Plano),1190.27
2549,2025-02-01,1,3,5,Benefícios Corporativos (VR/VA/Plano),2380.76
2550,2025-02-01,2,5,5,Influenciadores & Afiliados,813.35
2551,2025-02-01,6,3,5,Benefícios Corporativos (VR/VA/Plano),2412.86
2552,2025-02-01,7,3,5,Benefícios Corporativos (VR/VA/Plano),1174.56
2553,2025-02-01,1,3,6,Benefícios Corporativos (VR/VA/Plano),2346.29
2554,2025-02-01,6,3,6,Benefícios Corporativos (VR/VA/Plano),2336.46
2555,2025-02-01,7,3,6,Benefícios Corporativos (VR/VA/Plano),1186.18
2556,2025-02-01,1,3,7,Benefícios Corporativos (VR/VA/Plano),2356.69
2557,2025-02-01,6,3,7,Benefícios Corporativos (VR/VA/Plano),2398.37
2558,2025-02-01,7,3,7,Benefícios Corporativos (VR/VA/Plano),1178.06
2559,2025-02-01,1,3,8,Benefícios Corporativos (VR/VA/Plano),2345.74
2560,2025-02-01,2,5,8,Google Ads,3212.54
2561,2025-02-01,6,3,8,Benefícios Corporativos (VR/VA/Plano),2343.35
2562,2025-02-01,7,3,8,Benefícios Corporativos (VR/VA/Plano),1182.93
2563,2025-02-02,7,16,4,OfficeMax Atacado,1122.8
2564,2025-02-02,2,5,6,Google Ads,3933.51
2565,2025-02-02,7,16,7,OfficeMax Atacado,928.17
2566,2025-02-03,1,4,1,Folha de Comissões,15665.16
2567,2025-02-03,5,12,1,Contabilidade & Cia,16102.07
2568,2025-02-03,5,17,2,Adquirentes (cartão/PIX),5573.03
2569,2025-02-03,6,7,3,Correios Corporativo,1947.73
2570,2025-02-03,2,5,4,Influenciadores & Afiliados,1049.93
2571,2025-02-04,5,17,5,Comissão de Marketplaces,7022.94
2572,2025-02-04,6,8,6,Manutec Serviços,4858.06
2573,2025-02-04,5,17,8,Comissão de Marketplaces,2931.5
2574,2025-02-05,1,1,1,Folha de Pagamento,8854.9
2575,2025-02-05,2,1,1,Folha de Pagamento,29413.04
2576,2025-02-05,3,1,1,Folha de Pagamento,44297.29
2577,2025-02-05,4,1,1,Folha de Pagamento,19600.51
2578,2025-02-05,5,1,1,Folha de Pagamento,24644.53
2579,2025-02-05,6,1,1,Folha de Pagamento,7078.94
2580,2025-02-05,7,1,1,Folha de Pagamento,12231.54
2581,2025-02-05,7,16,1,Papelaria Central,2380.3
2582,2025-02-05,8,1,1,Folha de Pagamento,72537.01
2583,2025-02-05,1,1,2,Folha de Pagamento,8781.47
2584,2025-02-05,2,5,2,Influenciadores & Afiliados,1624.07
2585,2025-02-05,6,1,2,Folha de Pagamento,7164.78
2586,2025-02-05,7,1,2,Folha de Pagamento,4065.29
2587,2025-02-05,1,1,3,Folha de Pagamento,8765.69
2588,2025-02-05,6,1,3,Folha de Pagamento,7135.56
2589,2025-02-05,7,1,3,Folha de Pagamento,4108.3
2590,2025-02-05,1,1,4,Folha de Pagamento,8801.89
2591,2025-02-05,1,4,4,Folha de Comissões,5361.22
2592,2025-02-05,6,1,4,Folha de Pagamento,7147.32
2593,2025-02-05,7,1,4,Folha de Pagamento,4078.44
2594,2025-02-05,1,1,5,Folha de Pagamento,8753.98
2595,2025-02-05,1,13,5,Agência de Viagens Rota,1384.32
2596,2025-02-05,6,1,5,Folha de Pagamento,7170.53
2597,2025-02-05,6,7,5,TransLog Express,5060.84
2598,2025-02-05,7,1,5,Folha de Pagamento,4088.15
2599,2025-02-05,1,1,6,Folha de Pagamento,8739.41
2600,2025-02-05,5,17,6,Adquirentes (cartão/PIX),3210.75
2601,2025-02-05,6,1,6,Folha de Pagamento,7085.1
2602,2025-02-05,7,1,6,Folha de Pagamento,4074.87
2603,2025-02-05,1,1,7,Folha de Pagamento,8738.89
2604,2025-02-05,6,1,7,Folha de Pagamento,7131.49
2605,2025-02-05,7,1,7,Folha de Pagamento,4109.39
2606,2025-02-05,1,1,8,Folha de Pagamento,8810.15
2607,2025-02-05,1,4,8,Folha de Comissões,4923.61
2608,2025-02-05,6,1,8,Folha de Pagamento,7114.43
2609,2025-02-05,7,1,8,Folha de Pagamento,4104.01
2610,2025-02-06,2,5,3,Influenciadores & Afiliados,1431.73
2611,2025-02-06,6,7,4,Correios Corporativo,1444.77
2612,2025-02-06,6,7,6,RodoFácil Transportes,1791.94
2613,2025-02-06,1,13,8,Locadora Frota Viva,1429.1
2614,2025-02-06,2,5,8,Influenciadores & Afiliados,764.89
2615,2025-02-06,7,16,8,Papelaria Central,1289.82
2616,2025-02-07,6,7,6,Correios Corporativo,1194.62
2617,2025-02-08,2,5,1,Meta Ads,11680.02
2618,2025-02-08,3,11,1,CloudSoft Infra,21986.8
2619,2025-02-08,3,11,1,Licenças Corp Brasil,11992.8
2620,2025-02-08,3,11,1,DevTools Pro,5996.4
2621,2025-02-08,6,7,1,Correios Corporativo,3692.18
2622,2025-02-08,6,7,3,TransLog Express,4869.33
2623,2025-02-08,2,5,6,TikTok Ads,1404.82
2624,2025-02-08,5,17,6,Comissão de Marketplaces,1921.97
2625,2025-02-08,6,7,8,RodoFácil Transportes,1822.52
2626,2025-02-09,5,17,1,Adquirentes (cartão/PIX),11070.28
2627,2025-02-09,6,8,3,Manutec Serviços,2432.28
2628,2025-02-09,1,13,4,Locadora Frota Viva,2398.53
2629,2025-02-09,7,16,5,OfficeMax Atacado,1370.91
2630,2025-02-10,7,9,1,Locadora Imóveis São Paulo,31260.0
2631,2025-02-10,7,9,2,Locadora Imóveis Rio de Janeiro,15630.0
2632,2025-02-10,7,9,3,Locadora Imóveis Belo Horizonte,10420.0
2633,2025-02-10,7,9,4,Locadora Imóveis Curitiba,9899.0
2634,2025-02-10,7,9,5,Locadora Imóveis Porto Alegre,8857.0
2635,2025-02-10,7,9,6,Locadora Imóveis Brasília,10941.0
2636,2025-02-10,7,9,7,Locadora Imóveis Salvador,8857.0
2637,2025-02-10,7,9,8,Locadora Imóveis Recife,8857.0
2638,2025-02-11,6,8,2,Predial Total,3204.41
2639,2025-02-11,6,7,4,TransLog Express,3611.93
2640,2025-02-11,5,17,5,Adquirentes (cartão/PIX),4734.13
2641,2025-02-11,6,7,5,RodoFácil Transportes,3036.51
2642,2025-02-11,2,5,7,Meta Ads,1001.94
2643,2025-02-11,5,17,7,Comissão de Marketplaces,415.81
2644,2025-02-12,7,15,1,Seguradora Aliança,4800.0
2645,2025-02-12,7,15,2,Seguradora Aliança,3000.0
2646,2025-02-12,7,15,3,Seguradora Aliança,2520.0
2647,2025-02-12,2,5,4,Google Ads,4409.71
2648,2025-02-12,7,15,4,Seguradora Aliança,2400.0
2649,2025-02-12,2,5,5,Google Ads,3416.06
2650,2025-02-12,6,8,5,Predial Total,2039.94
2651,2025-02-12,7,15,5,Seguradora Aliança,2160.0
2652,2025-02-12,7,15,6,Seguradora Aliança,2280.0
2653,2025-02-12,7,15,7,Seguradora Aliança,2280.0
2654,2025-02-12,7,15,8,Seguradora Aliança,2160.0
2655,2025-02-13,2,5,1,Google Ads,14865.49
2656,2025-02-13,2,5,1,TikTok Ads,5309.1
2657,2025-02-13,6,8,1,ClimaFix,7517.27
2658,2025-02-13,5,17,8,Adquirentes (cartão/PIX),3051.81
2659,2025-02-14,2,5,1,Influenciadores & Afiliados,3539.4
2660,2025-02-14,6,7,1,RodoFácil Transportes,5538.27
2661,2025-02-14,7,16,2,OfficeMax Atacado,1562.6
2662,2025-02-14,1,4,3,Folha de Comissões,7558.67
2663,2025-02-15,7,10,1,Concessionária Local SP,14318.17
2664,2025-02-15,7,10,2,Concessionária Local RJ,10113.46
2665,2025-02-15,7,10,3,Concessionária Local MG,8410.6
2666,2025-02-15,7,10,4,Concessionária Local PR,8381.32
2667,2025-02-15,7,10,5,Concessionária Local RS,7645.52
2668,2025-02-15,7,10,6,Concessionária Local DF,7848.63
2669,2025-02-15,7,10,7,Concessionária Local BA,7449.58
2670,2025-02-15,7,10,8,Concessionária Local PE,7175.56
2671,2025-02-16,6,7,2,TransLog Express,5670.35
2672,2025-02-16,2,5,3,TikTok Ads,2147.6
2673,2025-02-16,6,7,7,RodoFácil Transportes,699.28
2674,2025-02-16,6,7,7,Correios Corporativo,466.19
2675,2025-02-17,4,14,1,Academia Corporativa,19994.36
2676,2025-02-17,6,7,5,Correios Corporativo,2024.34
2677,2025-02-17,7,16,6,OfficeMax Atacado,1391.64
2678,2025-02-18,6,8,4,ClimaFix,2438.08
2679,2025-02-18,2,5,7,Google Ads,1275.19
2680,2025-02-19,1,13,3,Locadora Frota Viva,3266.11
2681,2025-02-19,1,4,6,Folha de Comissões,5416.4
2682,2025-02-19,2,5,6,Influenciadores & Afiliados,936.55
2683,2025-02-19,2,5,8,TikTok Ads,1147.34
2684,2025-02-20,1,2,1,INSS / FGTS / Encargos,3187.76
2685,2025-02-20,1,13,1,Agência de Viagens Rota,6729.02
2686,2025-02-20,2,2,1,INSS / FGTS / Encargos,10588.69
2687,2025-02-20,3,2,1,INSS / FGTS / Encargos,15947.02
2688,2025-02-20,4,2,1,INSS / FGTS / Encargos,7056.18
2689,2025-02-20,5,2,1,INSS / FGTS / Encargos,8872.03
2690,2025-02-20,6,2,1,INSS / FGTS / Encargos,2548.42
2691,2025-02-20,7,2,1,INSS / FGTS / Encargos,4403.35
2692,2025-02-20,8,2,1,INSS / FGTS / Encargos,26113.32
2693,2025-02-20,1,2,2,INSS / FGTS / Encargos,3161.33
2694,2025-02-20,6,2,2,INSS / FGTS / Encargos,2579.32
2695,2025-02-20,6,7,2,Correios Corporativo,2268.14
2696,2025-02-20,7,2,2,INSS / FGTS / Encargos,1463.51
2697,2025-02-20,1,2,3,INSS / FGTS / Encargos,3155.65
2698,2025-02-20,2,5,3,Google Ads,6013.27
2699,2025-02-20,6,2,3,INSS / FGTS / Encargos,2568.8
2700,2025-02-20,7,2,3,INSS / FGTS / Encargos,1478.99
2701,2025-02-20,1,2,4,INSS / FGTS / Encargos,3168.68
2702,2025-02-20,6,2,4,INSS / FGTS / Encargos,2573.04
2703,2025-02-20,7,2,4,INSS / FGTS / Encargos,1468.24
2704,2025-02-20,1,2,5,INSS / FGTS / Encargos,3151.43
2705,2025-02-20,6,2,5,INSS / FGTS / Encargos,2581.39
2706,2025-02-20,7,2,5,INSS / FGTS / Encargos,1471.73
2707,2025-02-20,1,2,6,INSS / FGTS / Encargos,3146.19
2708,2025-02-20,6,2,6,INSS / FGTS / Encargos,2550.64
2709,2025-02-20,7,2,6,INSS / FGTS / Encargos,1466.95
2710,2025-02-20,1,2,7,INSS / FGTS / Encargos,3146.0
2711,2025-02-20,6,2,7,INSS / FGTS / Encargos,2567.34
2712,2025-02-20,7,2,7,INSS / FGTS / Encargos,1479.38
2713,2025-02-20,1,2,8,INSS / FGTS / Encargos,3171.66
2714,2025-02-20,6,2,8,INSS / FGTS / Encargos,2561.2
2715,2025-02-20,6,8,8,ClimaFix,2339.17
2716,2025-02-20,7,2,8,INSS / FGTS / Encargos,1477.44
2717,2025-02-21,1,4,2,Folha de Comissões,8586.09
2718,2025-02-21,2,5,2,Google Ads,6821.08
2719,2025-02-21,6,7,2,RodoFácil Transportes,3402.21
2720,2025-02-21,2,5,4,TikTok Ads,1574.89
2721,2025-02-22,5,17,4,Comissão de Marketplaces,5106.95
2722,2025-02-22,1,13,6,Locadora Frota Viva,1754.76
2723,2025-02-22,1,4,7,Folha de Comissões,1393.78
2724,2025-02-22,6,7,7,TransLog Express,1165.47
2725,2025-02-23,6,7,1,TransLog Express,9230.45
2726,2025-02-23,5,17,2,Comissão de Marketplaces,7257.96
2727,2025-02-23,2,5,4,Meta Ads,3464.77
2728,2025-02-23,2,5,5,TikTok Ads,1220.02
2729,2025-02-23,6,7,8,TransLog Express,3037.53
2730,2025-02-24,5,17,4,Adquirentes (cartão/PIX),3262.54
2731,2025-02-24,2,5,5,Meta Ads,2684.05
2732,2025-02-24,6,7,6,TransLog Express,2986.56
2733,2025-02-24,2,5,7,Influenciadores & Afiliados,303.62
2734,2025-02-24,6,8,7,Manutec Serviços,5234.38
2735,2025-02-25,5,18,1,Banco Nacional,6347.5
2736,2025-02-25,5,18,1,Banco do Brasil Corporativo,3808.5
2737,2025-02-25,5,18,1,Cooperativa Crédito,2539.0
2738,2025-02-25,2,5,2,TikTok Ads,2436.1
2739,2025-02-26,2,12,1,Consultoria Alvo,7713.52
2740,2025-02-26,1,13,2,Locadora Frota Viva,3668.54
2741,2025-02-26,6,7,3,RodoFácil Transportes,2921.6
2742,2025-02-26,1,13,7,Locadora Frota Viva,881.16
2743,2025-02-26,6,7,8,Correios Corporativo,1215.01
2744,2025-02-27,3,12,1,Contabilidade & Cia,8134.86
2745,2025-02-27,5,17,1,Comissão de Marketplaces,7620.25
2746,2025-02-27,2,5,2,Meta Ads,5359.42
2747,2025-02-27,6,7,4,RodoFácil Transportes,2167.16
2748,2025-02-27,1,4,5,Folha de Comissões,6284.93
2749,2025-02-27,2,5,7,TikTok Ads,455.43
2750,2025-02-27,2,5,8,Meta Ads,2524.14
2751,2025-02-28,2,5,6,Meta Ads,3090.61
2752,2025-02-28,5,17,7,Adquirentes (cartão/PIX),1378.29
2753,2025-03-01,1,3,1,Benefícios Corporativos (VR/VA/Plano),2327.54
2754,2025-03-01,2,3,1,Benefícios Corporativos (VR/VA/Plano),4747.94
2755,2025-03-01,3,3,1,Benefícios Corporativos (VR/VA/Plano),6001.98
2756,2025-03-01,4,3,1,Benefícios Corporativos (VR/VA/Plano),3588.07
2757,2025-03-01,5,3,1,Benefícios Corporativos (VR/VA/Plano),3510.77
2758,2025-03-01,6,3,1,Benefícios Corporativos (VR/VA/Plano),2347.21
2759,2025-03-01,7,3,1,Benefícios Corporativos (VR/VA/Plano),3621.39
2760,2025-03-01,8,3,1,Benefícios Corporativos (VR/VA/Plano),6980.43
2761,2025-03-01,1,3,2,Benefícios Corporativos (VR/VA/Plano),2376.06
2762,2025-03-01,6,3,2,Benefícios Corporativos (VR/VA/Plano),2397.74
2763,2025-03-01,7,3,2,Benefícios Corporativos (VR/VA/Plano),1164.39
2764,2025-03-01,1,3,3,Benefícios Corporativos (VR/VA/Plano),2361.03
2765,2025-03-01,2,6,3,Patrocínio Esporte Local,5166.75
2766,2025-03-01,6,3,3,Benefícios Corporativos (VR/VA/Plano),2327.95
2767,2025-03-01,7,3,3,Benefícios Corporativos (VR/VA/Plano),1191.99
2768,2025-03-01,1,3,4,Benefícios Corporativos (VR/VA/Plano),2381.36
2769,2025-03-01,6,3,4,Benefícios Corporativos (VR/VA/Plano),2345.9
2770,2025-03-01,7,3,4,Benefícios Corporativos (VR/VA/Plano),1176.18
2771,2025-03-01,1,3,5,Benefícios Corporativos (VR/VA/Plano),2387.72
2772,2025-03-01,6,3,5,Benefícios Corporativos (VR/VA/Plano),2392.8
2773,2025-03-01,7,3,5,Benefícios Corporativos (VR/VA/Plano),1188.29
2774,2025-03-01,1,3,6,Benefícios Corporativos (VR/VA/Plano),2380.22
2775,2025-03-01,2,5,6,Influenciadores & Afiliados,1090.71
2776,2025-03-01,6,3,6,Benefícios Corporativos (VR/VA/Plano),2351.17
2777,2025-03-01,7,3,6,Benefícios Corporativos (VR/VA/Plano),1178.28
2778,2025-03-01,1,3,7,Benefícios Corporativos (VR/VA/Plano),2393.18
2779,2025-03-01,2,5,7,Influenciadores & Afiliados,464.47
2780,2025-03-01,6,3,7,Benefícios Corporativos (VR/VA/Plano),2407.6
2781,2025-03-01,7,3,7,Benefícios Corporativos (VR/VA/Plano),1177.9
2782,2025-03-01,1,3,8,Benefícios Corporativos (VR/VA/Plano),2331.34
2783,2025-03-01,6,3,8,Benefícios Corporativos (VR/VA/Plano),2329.37
2784,2025-03-01,7,3,8,Benefícios Corporativos (VR/VA/Plano),1176.09
2785,2025-03-02,2,12,1,Contabilidade & Cia,7568.31
2786,2025-03-02,2,5,3,Google Ads,6611.87
2787,2025-03-02,6,7,3,RodoFácil Transportes,3283.01
2788,2025-03-02,2,5,8,Meta Ads,2945.5
2789,2025-03-03,5,17,3,Comissão de Marketplaces,4867.34
2790,2025-03-03,6,7,3,Correios Corporativo,2188.67
2791,2025-03-03,6,7,5,RodoFácil Transportes,2604.64
2792,2025-03-03,6,7,6,Correios Corporativo,1493.47
2793,2025-03-04,5,17,6,Comissão de Marketplaces,2979.98
2794,2025-03-05,1,1,1,Folha de Pagamento,9268.35
2795,2025-03-05,2,1,1,Folha de Pagamento,30596.71
2796,2025-03-05,3,1,1,Folha de Pagamento,57641.2
2797,2025-03-05,4,1,1,Folha de Pagamento,20373.3
2798,2025-03-05,5,1,1,Folha de Pagamento,25614.66
2799,2025-03-05,6,1,1,Folha de Pagamento,7510.34
2800,2025-03-05,7,1,1,Folha de Pagamento,12883.47
2801,2025-03-05,8,1,1,Folha de Pagamento,76413.05
2802,2025-03-05,1,1,2,Folha de Pagamento,9255.56
2803,2025-03-05,6,1,2,Folha de Pagamento,7500.71
2804,2025-03-05,7,1,2,Folha de Pagamento,4294.24
2805,2025-03-05,1,1,3,Folha de Pagamento,9258.02
2806,2025-03-05,6,1,3,Folha de Pagamento,7532.38
2807,2025-03-05,7,1,3,Folha de Pagamento,4260.07
2808,2025-03-05,1,1,4,Folha de Pagamento,9271.31
2809,2025-03-05,5,17,4,Comissão de Marketplaces,3922.79
2810,2025-03-05,6,1,4,Folha de Pagamento,7437.04
2811,2025-03-05,7,1,4,Folha de Pagamento,4292.37
2812,2025-03-05,1,1,5,Folha de Pagamento,9265.95
2813,2025-03-05,6,1,5,Folha de Pagamento,7443.73
2814,2025-03-05,7,1,5,Folha de Pagamento,4294.62
2815,2025-03-05,1,1,6,Folha de Pagamento,9175.29
2816,2025-03-05,6,1,6,Folha de Pagamento,7516.66
2817,2025-03-05,7,1,6,Folha de Pagamento,4307.32
2818,2025-03-05,1,1,7,Folha de Pagamento,9277.03
2819,2025-03-05,6,1,7,Folha de Pagamento,7513.91
2820,2025-03-05,7,1,7,Folha de Pagamento,4307.56
2821,2025-03-05,1,1,8,Folha de Pagamento,9288.84
2822,2025-03-05,6,1,8,Folha de Pagamento,7485.34
2823,2025-03-05,7,1,8,Folha de Pagamento,4299.94
2824,2025-03-06,7,16,1,OfficeMax Atacado,2684.16
2825,2025-03-06,1,13,8,Agência de Viagens Rota,1843.67
2826,2025-03-07,5,17,1,Adquirentes (cartão/PIX),13406.61
2827,2025-03-07,2,6,2,Feira Office Brasil,4365.28
2828,2025-03-07,6,7,5,Correios Corporativo,1736.42
2829,2025-03-07,1,13,7,Locadora Frota Viva,866.05
2830,2025-03-07,5,17,8,Adquirentes (cartão/PIX),3042.69
2831,2025-03-08,3,11,1,CloudSoft Infra,22070.4
2832,2025-03-08,3,11,1,Licenças Corp Brasil,12038.4
2833,2025-03-08,3,11,1,DevTools Pro,6019.2
2834,2025-03-08,5,17,4,Adquirentes (cartão/PIX),5020.62
2835,2025-03-08,6,7,4,RodoFácil Transportes,2802.13
2836,2025-03-08,1,13,5,Locadora Frota Viva,2580.37
2837,2025-03-08,2,5,5,Influenciadores & Afiliados,975.53
2838,2025-03-08,2,5,6,Meta Ads,3599.35
2839,2025-03-08,2,5,7,TikTok Ads,696.71
2840,2025-03-09,2,5,1,TikTok Ads,6086.66
2841,2025-03-09,6,7,1,RodoFácil Transportes,6989.55
2842,2025-03-09,1,4,3,Folha de Comissões,8978.65
2843,2025-03-09,2,5,3,Meta Ads,5195.04
2844,2025-03-09,7,16,3,Papelaria Central,963.11
2845,2025-03-09,2,5,4,Google Ads,5215.77
2846,2025-03-09,5,17,5,Adquirentes (cartão/PIX),4442.64
2847,2025-03-09,6,7,8,TransLog Express,3377.85
2848,2025-03-10,2,6,1,Patrocínio Esporte Local,10479.67
2849,2025-03-10,7,9,1,Locadora Imóveis São Paulo,31260.0
2850,2025-03-10,7,9,2,Locadora Imóveis Rio de Janeiro,15630.0
2851,2025-03-10,2,5,3,TikTok Ads,2361.38
2852,2025-03-10,7,9,3,Locadora Imóveis Belo Horizonte,10420.0
2853,2025-03-10,7,9,4,Locadora Imóveis Curitiba,9899.0
2854,2025-03-10,7,9,5,Locadora Imóveis Porto Alegre,8857.0
2855,2025-03-10,7,9,6,Locadora Imóveis Brasília,10941.0
2856,2025-03-10,7,9,7,Locadora Imóveis Salvador,8857.0
2857,2025-03-10,5,17,8,Comissão de Marketplaces,3935.69
2858,2025-03-10,6,7,8,RodoFácil Transportes,2026.71
2859,2025-03-10,7,9,8,Locadora Imóveis Recife,8857.0
2860,2025-03-11,5,17,2,Comissão de Marketplaces,2916.51
2861,2025-03-11,6,7,5,TransLog Express,4341.06
2862,2025-03-11,6,8,6,Manutec Serviços,2727.93
2863,2025-03-11,2,5,8,Google Ads,3748.82
2864,2025-03-12,7,15,1,Seguradora Aliança,4800.0
2865,2025-03-12,7,15,2,Seguradora Aliança,3000.0
2866,2025-03-12,7,15,3,Seguradora Aliança,2520.0
2867,2025-03-12,7,15,4,Seguradora Aliança,2400.0
2868,2025-03-12,2,5,5,Meta Ads,3219.24
2869,2025-03-12,7,15,5,Seguradora Aliança,2160.0
2870,2025-03-12,7,16,5,OfficeMax Atacado,877.57
2871,2025-03-12,6,7,6,RodoFácil Transportes,2240.21
2872,2025-03-12,7,15,6,Seguradora Aliança,2280.0
2873,2025-03-12,6,7,7,Correios Corporativo,606.68
2874,2025-03-12,7,15,7,Seguradora Aliança,2280.0
2875,2025-03-12,7,15,8,Seguradora Aliança,2160.0
2876,2025-03-12,7,16,8,Papelaria Central,1181.69
2877,2025-03-13,5,17,2,Adquirentes (cartão/PIX),4632.4
2878,2025-03-13,1,4,4,Folha de Comissões,7547.27
2879,2025-03-13,1,13,4,Agência de Viagens Rota,3919.81
2880,2025-03-13,7,16,6,Papelaria Central,1464.45
2881,2025-03-13,2,5,7,Google Ads,1950.79
2882,2025-03-13,2,6,8,Patrocínio Esporte Local,2417.79
2883,2025-03-14,2,5,4,Meta Ads,4098.1
2884,2025-03-14,6,7,7,RodoFácil Transportes,910.01
2885,2025-03-15,7,10,1,Concessionária Local SP,15156.6
2886,2025-03-15,1,13,2,Locadora Frota Viva,6474.35
2887,2025-03-15,2,5,2,Influenciadores & Afiliados,1878.36
2888,2025-03-15,7,10,2,Concessionária Local RJ,10285.1
2889,2025-03-15,7,10,3,Concessionária Local MG,8092.62
2890,2025-03-15,7,10,4,Concessionária Local PR,7450.87
2891,2025-03-15,7,10,5,Concessionária Local RS,7654.22
2892,2025-03-15,7,10,6,Concessionária Local DF,7889.12
2893,2025-03-15,6,8,7,ClimaFix,5101.53
2894,2025-03-15,7,10,7,Concessionária Local BA,7619.08
2895,2025-03-15,7,10,8,Concessionária Local PE,7496.36
2896,2025-03-16,2,6,4,Patrocínio Esporte Local,3428.89
2897,2025-03-16,6,8,4,Manutec Serviços,2300.35
2898,2025-03-16,2,5,5,TikTok Ads,1463.29
2899,2025-03-16,2,5,8,TikTok Ads,1338.86
2900,2025-03-17,6,7,2,Correios Corporativo,1742.17
2901,2025-03-17,2,5,4,Influenciadores & Afiliados,1241.85
2902,2025-03-17,1,4,7,Folha de Comissões,1835.4
2903,2025-03-18,5,17,1,Comissão de Marketplaces,10038.86
2904,2025-03-18,5,12,1,Contabilidade & Cia,11258.02
2905,2025-03-18,6,8,1,Manutec Serviços,8994.94
2906,2025-03-18,6,8,3,Predial Total,2678.15
2907,2025-03-18,1,4,6,Folha de Comissões,6112.1
2908,2025-03-19,5,17,3,Adquirentes (cartão/PIX),6319.64
2909,2025-03-19,6,7,4,TransLog Express,4670.21
2910,2025-03-19,5,17,7,Adquirentes (cartão/PIX),1216.12
2911,2025-03-19,2,5,8,Influenciadores & Afiliados,892.58
2912,2025-03-20,1,2,1,INSS / FGTS / Encargos,3336.61
2913,2025-03-20,1,13,1,Locadora Frota Viva,9563.37
2914,2025-03-20,2,2,1,INSS / FGTS / Encargos,11014.81
2915,2025-03-20,3,2,1,INSS / FGTS / Encargos,20750.83
2916,2025-03-20,4,2,1,INSS / FGTS / Encargos,7334.39
2917,2025-03-20,5,2,1,INSS / FGTS / Encargos,9221.28
2918,2025-03-20,6,2,1,INSS / FGTS / Encargos,2703.72
2919,2025-03-20,7,2,1,INSS / FGTS / Encargos,4638.05
2920,2025-03-20,8,2,1,INSS / FGTS / Encargos,27508.7
2921,2025-03-20,1,2,2,INSS / FGTS / Encargos,3332.0
2922,2025-03-20,6,2,2,INSS / FGTS / Encargos,2700.26
2923,2025-03-20,7,2,2,INSS / FGTS / Encargos,1545.93
2924,2025-03-20,1,2,3,INSS / FGTS / Encargos,3332.89
2925,2025-03-20,1,13,3,Agência de Viagens Rota,3150.56
2926,2025-03-20,6,2,3,INSS / FGTS / Encargos,2711.66
2927,2025-03-20,7,2,3,INSS / FGTS / Encargos,1533.62
2928,2025-03-20,1,2,4,INSS / FGTS / Encargos,3337.67
2929,2025-03-20,6,2,4,INSS / FGTS / Encargos,2677.33
2930,2025-03-20,7,2,4,INSS / FGTS / Encargos,1545.25
2931,2025-03-20,1,2,5,INSS / FGTS / Encargos,3335.74
2932,2025-03-20,6,2,5,INSS / FGTS / Encargos,2679.74
2933,2025-03-20,7,2,5,INSS / FGTS / Encargos,1546.06
2934,2025-03-20,1,2,6,INSS / FGTS / Encargos,3303.11
2935,2025-03-20,2,5,6,TikTok Ads,1636.07
2936,2025-03-20,6,2,6,INSS / FGTS / Encargos,2706.0
2937,2025-03-20,6,7,6,TransLog Express,3733.68
2938,2025-03-20,7,2,6,INSS / FGTS / Encargos,1550.64
2939,2025-03-20,1,2,7,INSS / FGTS / Encargos,3339.73
2940,2025-03-20,6,2,7,INSS / FGTS / Encargos,2705.01
2941,2025-03-20,7,2,7,INSS / FGTS / Encargos,1550.72
2942,2025-03-20,1,2,8,INSS / FGTS / Encargos,3343.98
2943,2025-03-20,6,2,8,INSS / FGTS / Encargos,2694.72
2944,2025-03-20,7,2,8,INSS / FGTS / Encargos,1547.98
2945,2025-03-21,6,8,5,Predial Total,4138.63
2946,2025-03-21,1,4,8,Folha de Comissões,4674.13
2947,2025-03-21,6,8,8,ClimaFix,4996.02
2948,2025-03-22,6,7,1,TransLog Express,11649.25
2949,2025-03-22,2,5,3,Influenciadores & Afiliados,1574.25
2950,2025-03-22,5,17,5,Comissão de Marketplaces,1719.55
2951,2025-03-22,7,16,7,Papelaria Central,1006.27
2952,2025-03-23,6,7,1,Correios Corporativo,4659.7
2953,2025-03-23,2,5,2,Google Ads,7889.13
2954,2025-03-23,7,16,4,OfficeMax Atacado,1542.79
2955,2025-03-24,2,5,1,Google Ads,17042.66
2956,2025-03-24,1,4,2,Folha de Comissões,6536.15
2957,2025-03-24,6,7,2,TransLog Express,4355.43
2958,2025-03-24,1,4,5,Folha de Comissões,5982.15
2959,2025-03-25,5,18,1,Banco Nacional,6595.12
2960,2025-03-25,5,18,1,Banco do Brasil Corporativo,3957.07
2961,2025-03-25,5,18,1,Cooperativa Crédito,2638.05
2962,2025-03-25,2,6,7,Patrocínio Esporte Local,1074.01
2963,2025-03-26,6,8,2,Predial Total,6448.57
2964,2025-03-26,2,5,5,Google Ads,4097.21
2965,2025-03-26,2,6,6,Feira Office Brasil,3268.15
2966,2025-03-26,6,7,8,Correios Corporativo,1351.14
2967,2025-03-27,1,4,1,Folha de Comissões,19831.15
2968,2025-03-27,2,5,1,Influenciadores & Afiliados,4057.78
2969,2025-03-28,2,5,2,TikTok Ads,2817.55
2970,2025-03-28,5,17,7,Comissão de Marketplaces,2037.44
2971,2025-03-29,6,7,2,RodoFácil Transportes,2613.26
2972,2025-03-29,6,7,3,TransLog Express,5471.68
2973,2025-03-30,4,14,1,Academia Corporativa,4479.39
2974,2025-03-30,2,5,4,TikTok Ads,1862.77
2975,2025-03-30,6,7,4,Correios Corporativo,1868.08
2976,2025-03-30,2,6,5,Feira Office Brasil,2596.29
2977,2025-03-30,2,5,7,Meta Ads,1532.76
2978,2025-03-31,2,5,1,Meta Ads,13390.66
2979,2025-03-31,2,5,2,Meta Ads,6198.6
2980,2025-03-31,7,16,2,Papelaria Central,1334.91
2981,2025-03-31,1,13,6,Locadora Frota Viva,2049.41
2982,2025-03-31,2,5,6,Google Ads,4580.99
2983,2025-03-31,5,17,6,Adquirentes (cartão/PIX),4506.53
2984,2025-03-31,6,7,7,TransLog Express,1516.69
2985,2025-04-01,1,3,1,Benefícios Corporativos (VR/VA/Plano),2362.88
2986,2025-04-01,2,3,1,Benefícios Corporativos (VR/VA/Plano),4792.91
2987,2025-04-01,3,3,1,Benefícios Corporativos (VR/VA/Plano),5974.9
2988,2025-04-01,4,3,1,Benefícios Corporativos (VR/VA/Plano),3545.47
2989,2025-04-01,5,3,1,Benefícios Corporativos (VR/VA/Plano),3566.82
2990,2025-04-01,6,3,1,Benefícios Corporativos (VR/VA/Plano),2363.66
2991,2025-04-01,7,3,1,Benefícios Corporativos (VR/VA/Plano),3575.34
2992,2025-04-01,8,3,1,Benefícios Corporativos (VR/VA/Plano),7224.87
2993,2025-04-01,1,3,2,Benefícios Corporativos (VR/VA/Plano),2388.88
2994,2025-04-01,6,3,2,Benefícios Corporativos (VR/VA/Plano),2329.78
2995,2025-04-01,7,3,2,Benefícios Corporativos (VR/VA/Plano),1193.96
2996,2025-04-01,1,3,3,Benefícios Corporativos (VR/VA/Plano),2361.28
2997,2025-04-01,6,3,3,Benefícios Corporativos (VR/VA/Plano),2392.47
2998,2025-04-01,7,3,3,Benefícios Corporativos (VR/VA/Plano),1183.14
2999,2025-04-01,1,3,4,Benefícios Corporativos (VR/VA/Plano),2395.71
3000,2025-04-01,6,3,4,Benefícios Corporativos (VR/VA/Plano),2324.81
3001,2025-04-01,7,3,4,Benefícios Corporativos (VR/VA/Plano),1163.32
3002,2025-04-01,1,3,5,Benefícios Corporativos (VR/VA/Plano),2337.57
3003,2025-04-01,6,3,5,Benefícios Corporativos (VR/VA/Plano),2323.99
3004,2025-04-01,7,3,5,Benefícios Corporativos (VR/VA/Plano),1173.77
3005,2025-04-01,1,3,6,Benefícios Corporativos (VR/VA/Plano),2384.82
3006,2025-04-01,6,3,6,Benefícios Corporativos (VR/VA/Plano),2400.53
3007,2025-04-01,7,3,6,Benefícios Corporativos (VR/VA/Plano),1181.71
3008,2025-04-01,1,3,7,Benefícios Corporativos (VR/VA/Plano),2347.31
3009,2025-04-01,6,3,7,Benefícios Corporativos (VR/VA/Plano),2411.46
3010,2025-04-01,7,3,7,Benefícios Corporativos (VR/VA/Plano),1189.06
3011,2025-04-01,1,3,8,Benefícios Corporativos (VR/VA/Plano),2415.04
3012,2025-04-01,6,3,8,Benefícios Corporativos (VR/VA/Plano),2388.68
3013,2025-04-01,7,3,8,Benefícios Corporativos (VR/VA/Plano),1165.25
3014,2025-04-02,6,8,3,ClimaFix,5711.4
3015,2025-04-02,2,5,4,Meta Ads,4620.41
3016,2025-04-02,2,5,6,Meta Ads,3553.37
3017,2025-04-03,2,5,3,TikTok Ads,2551.21
3018,2025-04-03,7,16,3,OfficeMax Atacado,1303.0
3019,2025-04-03,1,4,4,Folha de Comissões,6131.52
3020,2025-04-03,6,7,4,TransLog Express,4417.84
3021,2025-04-03,2,5,5,Google Ads,4216.78
3022,2025-04-03,1,4,6,Folha de Comissões,4931.93
3023,2025-04-04,7,16,1,OfficeMax Atacado,2002.53
3024,2025-04-05,1,1,1,Folha de Pagamento,9280.41
3025,2025-04-05,2,1,1,Folha de Pagamento,31014.66
3026,2025-04-05,3,1,1,Folha de Pagamento,58034.46
3027,2025-04-05,4,1,1,Folha de Pagamento,20526.64
3028,2025-04-05,5,1,1,Folha de Pagamento,25744.2
3029,2025-04-05,6,1,1,Folha de Pagamento,7504.02
3030,2025-04-05,7,1,1,Folha de Pagamento,12937.9
3031,2025-04-05,8,1,1,Folha de Pagamento,76002.6
3032,2025-04-05,1,1,2,Folha de Pagamento,9200.62
3033,2025-04-05,6,1,2,Folha de Pagamento,7501.49
3034,2025-04-05,7,1,2,Folha de Pagamento,4272.97
3035,2025-04-05,7,16,2,OfficeMax Atacado,1898.58
3036,2025-04-05,1,1,3,Folha de Pagamento,9205.45
3037,2025-04-05,6,1,3,Folha de Pagamento,7473.73
3038,2025-04-05,7,1,3,Folha de Pagamento,4319.76
3039,2025-04-05,1,1,4,Folha de Pagamento,9183.43
3040,2025-04-05,6,1,4,Folha de Pagamento,7510.26
3041,2025-04-05,7,1,4,Folha de Pagamento,4304.92
3042,2025-04-05,1,1,5,Folha de Pagamento,9292.72
3043,2025-04-05,6,1,5,Folha de Pagamento,7434.6
3044,2025-04-05,7,1,5,Folha de Pagamento,4273.72
3045,2025-04-05,1,1,6,Folha de Pagamento,9302.91
3046,2025-04-05,6,1,6,Folha de Pagamento,7455.29
3047,2025-04-05,7,1,6,Folha de Pagamento,4272.36
3048,2025-04-05,1,1,7,Folha de Pagamento,9210.75
3049,2025-04-05,1,4,7,Folha de Comissões,2179.12
3050,2025-04-05,6,1,7,Folha de Pagamento,7475.13
3051,2025-04-05,7,1,7,Folha de Pagamento,4288.58
3052,2025-04-05,1,1,8,Folha de Pagamento,9216.43
3053,2025-04-05,1,13,8,Agência de Viagens Rota,2863.66
3054,2025-04-05,6,1,8,Folha de Pagamento,7520.8
3055,2025-04-05,7,1,8,Folha de Pagamento,4320.14
3056,2025-04-06,6,7,2,TransLog Express,5818.23
3057,2025-04-06,2,5,3,Google Ads,7143.39
3058,2025-04-06,6,7,5,Correios Corporativo,1546.06
3059,2025-04-06,1,13,6,Locadora Frota Viva,1957.58
3060,2025-04-06,7,16,6,Papelaria Central,1020.89
3061,2025-04-06,2,5,8,Meta Ads,3125.82
3062,2025-04-07,1,4,5,Folha de Comissões,6010.55
3063,2025-04-07,5,17,5,Comissão de Marketplaces,1542.08
3064,2025-04-07,7,16,5,Papelaria Central,1375.91
3065,2025-04-07,1,13,7,Locadora Frota Viva,1834.17
3066,2025-04-08,3,11,1,CloudSoft Infra,22154.0
3067,2025-04-08,3,11,1,Licenças Corp Brasil,12084.0
3068,2025-04-08,3,11,1,DevTools Pro,6042.0
3069,2025-04-08,6,7,3,Correios Corporativo,2524.63
3070,2025-04-08,6,8,4,Manutec Serviços,5644.08
3071,2025-04-08,2,5,5,TikTok Ads,1505.99
3072,2025-04-08,2,5,6,Google Ads,4522.47
3073,2025-04-09,2,5,1,Influenciadores & Afiliados,3875.96
3074,2025-04-09,2,5,3,Meta Ads,5612.67
3075,2025-04-09,6,7,7,Correios Corporativo,628.57
3076,2025-04-10,6,8,1,Manutec Serviços,9015.56
3077,2025-04-10,7,9,1,Locadora Imóveis São Paulo,31260.0
3078,2025-04-10,2,5,2,Google Ads,7646.96
3079,2025-04-10,2,5,2,TikTok Ads,2731.06
3080,2025-04-10,6,7,2,RodoFácil Transportes,3490.94
3081,2025-04-10,6,8,2,Manutec Serviços,3320.76
3082,2025-04-10,7,9,2,Locadora Imóveis Rio de Janeiro,15630.0
3083,2025-04-10,7,9,3,Locadora Imóveis Belo Horizonte,10420.0
3084,2025-04-10,7,9,4,Locadora Imóveis Curitiba,9899.0
3085,2025-04-10,7,9,5,Locadora Imóveis Porto Alegre,8857.0
3086,2025-04-10,6,7,6,RodoFácil Transportes,2040.67
3087,2025-04-10,7,9,6,Locadora Imóveis Brasília,10941.0
3088,2025-04-10,7,9,7,Locadora Imóveis Salvador,8857.0
3089,2025-04-10,7,9,8,Locadora Imóveis Recife,8857.0
3090,2025-04-11,6,8,8,ClimaFix,3356.03
3091,2025-04-12,5,12,1,Agência Pixel,18364.04
3092,2025-04-12,7,15,1,Seguradora Aliança,4800.0
3093,2025-04-12,7,15,2,Seguradora Aliança,3000.0
3094,2025-04-12,1,13,3,Agência de Viagens Rota,5983.1
3095,2025-04-12,7,15,3,Seguradora Aliança,2520.0
3096,2025-04-12,7,15,4,Seguradora Aliança,2400.0
3097,2025-04-12,7,15,5,Seguradora Aliança,2160.0
3098,2025-04-12,6,8,6,Predial Total,4026.1
3099,2025-04-12,7,15,6,Seguradora Aliança,2280.0
3100,2025-04-12,7,15,7,Seguradora Aliança,2280.0
3101,2025-04-12,7,15,8,Seguradora Aliança,2160.0
3102,2025-04-13,1,4,1,Folha de Comissões,20666.27
3103,2025-04-13,6,7,1,TransLog Express,12528.72
3104,2025-04-13,6,7,3,RodoFácil Transportes,3786.94
3105,2025-04-13,5,17,4,Adquirentes (cartão/PIX),3545.26
3106,2025-04-13,5,17,4,Comissão de Marketplaces,7206.02
3107,2025-04-13,6,7,4,RodoFácil Transportes,2650.7
3108,2025-04-13,6,8,5,Manutec Serviços,5281.6
3109,2025-04-13,7,16,7,OfficeMax Atacado,1324.77
3110,2025-04-14,1,13,4,Agência de Viagens Rota,3600.96
3111,2025-04-14,5,17,7,Adquirentes (cartão/PIX),1298.51
3112,2025-04-15,2,5,1,TikTok Ads,5813.95
3113,2025-04-15,7,10,1,Concessionária Local SP,12264.98
3114,2025-04-15,7,10,2,Concessionária Local RJ,8261.57
3115,2025-04-15,7,10,3,Concessionária Local MG,6884.91
3116,2025-04-15,7,10,4,Concessionária Local PR,7084.36
3117,2025-04-15,7,10,5,Concessionária Local RS,6493.91
3118,2025-04-15,6,7,6,Correios Corporativo,1360.44
3119,2025-04-15,7,10,6,Concessionária Local DF,6696.8
3120,2025-04-15,7,10,7,Concessionária Local BA,6628.38
3121,2025-04-15,6,7,8,RodoFácil Transportes,1633.62
3122,2025-04-15,7,10,8,Concessionária Local PE,6039.35
3123,2025-04-16,2,5,4,TikTok Ads,2100.19
3124,2025-04-16,1,4,8,Folha de Comissões,5167.66
3125,2025-04-16,2,5,8,TikTok Ads,1420.83
3126,2025-04-16,5,17,8,Adquirentes (cartão/PIX),3619.53
3127,2025-04-17,6,7,1,Correios Corporativo,5011.49
3128,2025-04-17,2,5,3,Influenciadores & Afiliados,1700.81
3129,2025-04-17,1,13,5,Locadora Frota Viva,2202.3
3130,2025-04-18,7,16,4,OfficeMax Atacado,1340.28
3131,2025-04-19,6,7,3,TransLog Express,6311.57
3132,2025-04-19,2,5,6,TikTok Ads,1615.17
3133,2025-04-20,1,2,1,INSS / FGTS / Encargos,3340.95
3134,2025-04-20,2,2,1,INSS / FGTS / Encargos,11165.28
3135,2025-04-20,2,12,1,Agência Pixel,10684.66
3136,2025-04-20,3,2,1,INSS / FGTS / Encargos,20892.41
3137,2025-04-20,4,2,1,INSS / FGTS / Encargos,7389.59
3138,2025-04-20,5,2,1,INSS / FGTS / Encargos,9267.91
3139,2025-04-20,6,2,1,INSS / FGTS / Encargos,2701.45
3140,2025-04-20,6,7,1,RodoFácil Transportes,7517.23
3141,2025-04-20,7,2,1,INSS / FGTS / Encargos,4657.65
3142,2025-04-20,8,2,1,INSS / FGTS / Encargos,27360.94
3143,2025-04-20,1,2,2,INSS / FGTS / Encargos,3312.22
3144,2025-04-20,6,2,2,INSS / FGTS / Encargos,2700.54
3145,2025-04-20,7,2,2,INSS / FGTS / Encargos,1538.27
3146,2025-04-20,1,2,3,INSS / FGTS / Encargos,3313.96
3147,2025-04-20,5,17,3,Comissão de Marketplaces,4314.45
3148,2025-04-20,6,2,3,INSS / FGTS / Encargos,2690.54
3149,2025-04-20,7,2,3,INSS / FGTS / Encargos,1555.11
3150,2025-04-20,1,2,4,INSS / FGTS / Encargos,3306.03
3151,2025-04-20,6,2,4,INSS / FGTS / Encargos,2703.69
3152,2025-04-20,7,2,4,INSS / FGTS / Encargos,1549.77
3153,2025-04-20,1,2,5,INSS / FGTS / Encargos,3345.38
3154,2025-04-20,6,2,5,INSS / FGTS / Encargos,2676.46
3155,2025-04-20,7,2,5,INSS / FGTS / Encargos,1538.54
3156,2025-04-20,1,2,6,INSS / FGTS / Encargos,3349.05
3157,2025-04-20,6,2,6,INSS / FGTS / Encargos,2683.91
3158,2025-04-20,7,2,6,INSS / FGTS / Encargos,1538.05
3159,2025-04-20,1,2,7,INSS / FGTS / Encargos,3315.87
3160,2025-04-20,2,5,7,Google Ads,2236.82
3161,2025-04-20,6,2,7,INSS / FGTS / Encargos,2691.05
3162,2025-04-20,7,2,7,INSS / FGTS / Encargos,1543.89
3163,2025-04-20,1,2,8,INSS / FGTS / Encargos,3317.91
3164,2025-04-20,6,2,8,INSS / FGTS / Encargos,2707.49
3165,2025-04-20,7,2,8,INSS / FGTS / Encargos,1555.25
3166,2025-04-20,7,16,8,OfficeMax Atacado,1288.16
3167,2025-04-21,5,17,2,Comissão de Marketplaces,3622.2
3168,2025-04-21,2,5,4,Influenciadores & Afiliados,1400.13
3169,2025-04-21,2,5,5,Meta Ads,3313.18
3170,2025-04-22,1,13,1,Locadora Frota Viva,10052.84
3171,2025-04-22,2,5,1,Meta Ads,12790.68
3172,2025-04-22,1,13,2,Agência de Viagens Rota,3809.85
3173,2025-04-22,5,17,5,Adquirentes (cartão/PIX),4579.46
3174,2025-04-22,2,5,6,Influenciadores & Afiliados,1076.78
3175,2025-04-22,2,5,7,TikTok Ads,798.86
3176,2025-04-22,6,8,7,Predial Total,3212.24
3177,2025-04-22,2,5,8,Influenciadores & Afiliados,947.22
3178,2025-04-23,2,5,1,Google Ads,16279.05
3179,2025-04-23,5,17,6,Adquirentes (cartão/PIX),3427.49
3180,2025-04-23,6,7,6,TransLog Express,3401.11
3181,2025-04-23,5,17,7,Comissão de Marketplaces,2680.4
3182,2025-04-23,6,7,8,Correios Corporativo,1089.08
3183,2025-04-24,5,17,8,Comissão de Marketplaces,1873.64
3184,2025-04-25,5,18,1,Banco Nacional,6890.45
3185,2025-04-25,5,18,1,Banco do Brasil Corporativo,4134.27
3186,2025-04-25,5,18,1,Cooperativa Crédito,2756.18
3187,2025-04-25,2,5,2,Meta Ads,6008.33
3188,2025-04-25,1,4,3,Folha de Comissões,9577.11
3189,2025-04-25,6,7,5,TransLog Express,3865.16
3190,2025-04-26,1,4,2,Folha de Comissões,9986.78
3191,2025-04-26,2,5,2,Influenciadores & Afiliados,1820.71
3192,2025-04-26,5,17,3,Adquirentes (cartão/PIX),6560.78
3193,2025-04-27,4,14,1,Instituto Aprender,4647.02
3194,2025-04-27,5,17,1,Comissão de Marketplaces,8452.44
3195,2025-04-27,2,5,7,Meta Ads,1757.5
3196,2025-04-27,6,7,8,TransLog Express,2722.7
3197,2025-04-28,6,7,4,Correios Corporativo,1767.14
3198,2025-04-28,5,17,6,Comissão de Marketplaces,1560.4
3199,2025-04-29,3,12,1,Contabilidade & Cia,7688.75
3200,2025-04-29,2,5,5,Influenciadores & Afiliados,1004.0
3201,2025-04-29,6,7,5,RodoFácil Transportes,2319.1
3202,2025-04-29,6,7,7,TransLog Express,1571.42
3203,2025-04-30,5,17,1,Adquirentes (cartão/PIX),14468.87
3204,2025-04-30,5,17,2,Adquirentes (cartão/PIX),6861.57
3205,2025-04-30,6,7,2,Correios Corporativo,2327.29
3206,2025-04-30,2,5,4,Google Ads,5880.53
3207,2025-04-30,2,5,7,Influenciadores & Afiliados,532.58
3208,2025-04-30,6,7,7,RodoFácil Transportes,942.85
3209,2025-04-30,2,5,8,Google Ads,3978.32
3210,2025-05-01,1,3,1,Benefícios Corporativos (VR/VA/Plano),3498.1
3211,2025-05-01,2,3,1,Benefícios Corporativos (VR/VA/Plano),4767.08
3212,2025-05-01,3,3,1,Benefícios Corporativos (VR/VA/Plano),6034.6
3213,2025-05-01,4,3,1,Benefícios Corporativos (VR/VA/Plano),3592.68
3214,2025-05-01,4,14,1,Academia Corporativa,5091.94
3215,2025-05-01,5,3,1,Benefícios Corporativos (VR/VA/Plano),3601.85
3216,2025-05-01,6,3,1,Benefícios Corporativos (VR/VA/Plano),2407.87
3217,2025-05-01,7,3,1,Benefícios Corporativos (VR/VA/Plano),3526.81
3218,2025-05-01,8,3,1,Benefícios Corporativos (VR/VA/Plano),6983.39
3219,2025-05-01,1,3,2,Benefícios Corporativos (VR/VA/Plano),2386.94
3220,2025-05-01,6,3,2,Benefícios Corporativos (VR/VA/Plano),2377.19
3221,2025-05-01,7,3,2,Benefícios Corporativos (VR/VA/Plano),1204.13
3222,2025-05-01,1,3,3,Benefícios Corporativos (VR/VA/Plano),2360.55
3223,2025-05-01,6,3,3,Benefícios Corporativos (VR/VA/Plano),2357.7
3224,2025-05-01,7,3,3,Benefícios Corporativos (VR/VA/Plano),1205.09
3225,2025-05-01,1,3,4,Benefícios Corporativos (VR/VA/Plano),2415.99
3226,2025-05-01,6,3,4,Benefícios Corporativos (VR/VA/Plano),2355.51
3227,2025-05-01,7,3,4,Benefícios Corporativos (VR/VA/Plano),1202.0
3228,2025-05-01,1,3,5,Benefícios Corporativos (VR/VA/Plano),2325.31
3229,2025-05-01,5,17,5,Adquirentes (cartão/PIX),3098.02
3230,2025-05-01,6,3,5,Benefícios Corporativos (VR/VA/Plano),2393.87
3231,2025-05-01,7,3,5,Benefícios Corporativos (VR/VA/Plano),1171.97
3232,2025-05-01,1,3,6,Benefícios Corporativos (VR/VA/Plano),2387.87
3233,2025-05-01,1,4,6,Folha de Comissões,5472.07
3234,2025-05-01,6,3,6,Benefícios Corporativos (VR/VA/Plano),2326.35
3235,2025-05-01,7,3,6,Benefícios Corporativos (VR/VA/Plano),1164.47
3236,2025-05-01,1,3,7,Benefícios Corporativos (VR/VA/Plano),2325.98
3237,2025-05-01,1,13,7,Locadora Frota Viva,2193.28
3238,2025-05-01,6,3,7,Benefícios Corporativos (VR/VA/Plano),2404.79
3239,2025-05-01,7,3,7,Benefícios Corporativos (VR/VA/Plano),1175.49
3240,2025-05-01,1,3,8,Benefícios Corporativos (VR/VA/Plano),2349.09
3241,2025-05-01,6,3,8,Benefícios Corporativos (VR/VA/Plano),2366.8
3242,2025-05-01,7,3,8,Benefícios Corporativos (VR/VA/Plano),1197.66
3243,2025-05-02,1,13,2,Agência de Viagens Rota,3376.43
3244,2025-05-02,1,13,3,Agência de Viagens Rota,3886.09
3245,2025-05-02,6,7,4,Correios Corporativo,1757.0
3246,2025-05-03,2,5,5,Meta Ads,3533.98
3247,2025-05-03,6,7,5,TransLog Express,3374.43
3248,2025-05-04,1,4,1,Folha de Comissões,23543.17
3249,2025-05-04,7,16,1,Papelaria Central,2492.1
3250,2025-05-04,2,5,4,Google Ads,6156.77
3251,2025-05-05,1,1,1,Folha de Pagamento,13872.07
3252,2025-05-05,2,1,1,Folha de Pagamento,30745.01
3253,2025-05-05,3,1,1,Folha de Pagamento,57943.31
3254,2025-05-05,4,1,1,Folha de Pagamento,20387.87
3255,2025-05-05,5,1,1,Folha de Pagamento,25862.0
3256,2025-05-05,6,1,1,Folha de Pagamento,7520.62
3257,2025-05-05,7,1,1,Folha de Pagamento,12946.71
3258,2025-05-05,8,1,1,Folha de Pagamento,76113.02
3259,2025-05-05,1,1,2,Folha de Pagamento,9180.73
3260,2025-05-05,2,5,2,Influenciadores & Afiliados,1998.54
3261,2025-05-05,6,1,2,Folha de Pagamento,7500.65
3262,2025-05-05,6,8,2,Manutec Serviços,6536.53
3263,2025-05-05,7,1,2,Folha de Pagamento,4266.96
3264,2025-05-05,1,1,3,Folha de Pagamento,9264.03
3265,2025-05-05,6,1,3,Folha de Pagamento,7504.16
3266,2025-05-05,7,1,3,Folha de Pagamento,4306.41
3267,2025-05-05,1,1,4,Folha de Pagamento,9247.23
3268,2025-05-05,6,1,4,Folha de Pagamento,7445.48
3269,2025-05-05,6,7,4,RodoFácil Transportes,2635.5
3270,2025-05-05,7,1,4,Folha de Pagamento,4267.05
3271,2025-05-05,1,1,5,Folha de Pagamento,9186.75
3272,2025-05-05,6,1,5,Folha de Pagamento,7424.17
3273,2025-05-05,7,1,5,Folha de Pagamento,4295.46
3274,2025-05-05,1,1,6,Folha de Pagamento,9201.53
3275,2025-05-05,6,1,6,Folha de Pagamento,7515.97
3276,2025-05-05,7,1,6,Folha de Pagamento,4304.27
3277,2025-05-05,1,1,7,Folha de Pagamento,9182.11
3278,2025-05-05,6,1,7,Folha de Pagamento,7472.21
3279,2025-05-05,7,1,7,Folha de Pagamento,4258.88
3280,2025-05-05,1,1,8,Folha de Pagamento,9195.17
3281,2025-05-05,6,1,8,Folha de Pagamento,7447.8
3282,2025-05-05,7,1,8,Folha de Pagamento,4272.37
3283,2025-05-06,1,13,1,Locadora Frota Viva,12167.08
3284,2025-05-06,5,17,3,Adquirentes (cartão/PIX),5866.49
3285,2025-05-06,6,8,6,ClimaFix,3610.83
3286,2025-05-07,2,5,1,Google Ads,18662.08
3287,2025-05-07,1,13,4,Locadora Frota Viva,3801.39
3288,2025-05-07,6,7,4,TransLog Express,4392.51
3289,2025-05-07,1,13,5,Locadora Frota Viva,2487.98
3290,2025-05-08,3,11,1,CloudSoft Infra,22237.6
3291,2025-05-08,3,11,1,Licenças Corp Brasil,12129.6
3292,2025-05-08,3,11,1,DevTools Pro,6064.8
3293,2025-05-08,1,4,2,Folha de Comissões,10960.5
3294,2025-05-08,1,13,6,Agência de Viagens Rota,4289.45
3295,2025-05-08,5,17,6,Adquirentes (cartão/PIX),3780.18
3296,2025-05-08,5,17,7,Comissão de Marketplaces,3742.49
3297,2025-05-08,2,5,8,Influenciadores & Afiliados,1079.05
3298,2025-05-09,2,5,2,TikTok Ads,2997.81
3299,2025-05-09,5,17,2,Adquirentes (cartão/PIX),7438.43
3300,2025-05-09,2,5,5,Google Ads,4497.79
3301,2025-05-09,6,7,5,Correios Corporativo,1349.77
3302,2025-05-09,6,7,6,Correios Corporativo,1250.49
3303,2025-05-09,7,16,7,OfficeMax Atacado,1030.51
3304,2025-05-09,2,5,8,TikTok Ads,1618.57
3305,2025-05-10,7,9,1,Locadora Imóveis São Paulo,31260.0
3306,2025-05-10,7,9,2,Locadora Imóveis Rio de Janeiro,15630.0
3307,2025-05-10,7,9,3,Locadora Imóveis Belo Horizonte,10420.0
3308,2025-05-10,7,9,4,Locadora Imóveis Curitiba,9899.0
3309,2025-05-10,1,4,5,Folha de Comissões,5354.13
3310,2025-05-10,7,9,5,Locadora Imóveis Porto Alegre,8857.0
3311,2025-05-10,7,9,6,Locadora Imóveis Brasília,10941.0
3312,2025-05-10,7,9,7,Locadora Imóveis Salvador,8857.0
3313,2025-05-10,7,9,8,Locadora Imóveis Recife,8857.0
3314,2025-05-11,7,16,2,OfficeMax Atacado,1858.27
3315,2025-05-11,5,17,6,Comissão de Marketplaces,5086.18
3316,2025-05-11,7,16,6,Papelaria Central,1458.05
3317,2025-05-12,6,8,1,ClimaFix,6102.43
3318,2025-05-12,7,15,1,Seguradora Aliança,4800.0
3319,2025-05-12,7,15,2,Seguradora Aliança,3000.0
3320,2025-05-12,2,5,3,TikTok Ads,2907.17
3321,2025-05-12,7,15,3,Seguradora Aliança,2520.0
3322,2025-05-12,7,15,4,Seguradora Aliança,2400.0
3323,2025-05-12,7,15,5,Seguradora Aliança,2160.0
3324,2025-05-12,7,16,5,Papelaria Central,1466.21
3325,2025-05-12,7,15,6,Seguradora Aliança,2280.0
3326,2025-05-12,6,7,7,RodoFácil Transportes,1750.79
3327,2025-05-12,6,8,7,Manutec Serviços,5090.07
3328,2025-05-12,7,15,7,Seguradora Aliança,2280.0
3329,2025-05-12,1,4,8,Folha de Comissões,6140.64
3330,2025-05-12,2,5,8,Meta Ads,3560.86
3331,2025-05-12,7,15,8,Seguradora Aliança,2160.0
3332,2025-05-13,7,16,3,OfficeMax Atacado,1001.93
3333,2025-05-13,6,7,5,RodoFácil Transportes,2024.66
3334,2025-05-13,2,5,6,TikTok Ads,1835.58
3335,2025-05-13,6,7,7,Correios Corporativo,1167.19
3336,2025-05-14,2,5,3,Meta Ads,6395.78
3337,2025-05-15,6,7,1,RodoFácil Transportes,9412.29
3338,2025-05-15,7,10,1,Concessionária Local SP,13265.34
3339,2025-05-15,7,10,2,Concessionária Local RJ,8081.52
3340,2025-05-15,5,17,3,Comissão de Marketplaces,6000.47
3341,2025-05-15,6,7,3,TransLog Express,5389.9
3342,2025-05-15,7,10,3,Concessionária Local MG,7306.64
3343,2025-05-15,7,10,4,Concessionária Local PR,6836.61
3344,2025-05-15,7,10,5,Concessionária Local RS,6081.08
3345,2025-05-15,2,5,6,Meta Ads,4038.27
3346,2025-05-15,7,10,6,Concessionária Local DF,6048.47
3347,2025-05-15,7,10,7,Concessionária Local BA,6631.65
3348,2025-05-15,7,10,8,Concessionária Local PE,5976.53
3349,2025-05-16,2,5,2,Meta Ads,6595.18
3350,2025-05-16,2,5,3,Google Ads,8140.08
3351,2025-05-16,2,5,6,Google Ads,5139.62
3352,2025-05-16,6,7,6,TransLog Express,3126.22
3353,2025-05-17,6,7,1,TransLog Express,15687.15
3354,2025-05-18,6,8,3,Manutec Serviços,5168.21
3355,2025-05-18,5,17,4,Adquirentes (cartão/PIX),4487.43
3356,2025-05-18,6,7,6,RodoFácil Transportes,1875.73
3357,2025-05-18,2,5,7,Google Ads,2719.84
3358,2025-05-19,5,17,1,Comissão de Marketplaces,16155.66
3359,2025-05-19,6,7,3,Correios Corporativo,2155.96
3360,2025-05-19,5,17,7,Adquirentes (cartão/PIX),3382.24
3361,2025-05-19,5,17,8,Adquirentes (cartão/PIX),3821.76
3362,2025-05-20,1,2,1,INSS / FGTS / Encargos,4993.94
3363,2025-05-20,2,2,1,INSS / FGTS / Encargos,11068.2
3364,2025-05-20,3,2,1,INSS / FGTS / Encargos,20859.59
3365,2025-05-20,4,2,1,INSS / FGTS / Encargos,7339.63
3366,2025-05-20,5,2,1,INSS / FGTS / Encargos,9310.32
3367,2025-05-20,6,2,1,INSS / FGTS / Encargos,2707.42
3368,2025-05-20,7,2,1,INSS / FGTS / Encargos,4660.82
3369,2025-05-20,8,2,1,INSS / FGTS / Encargos,27400.69
3370,2025-05-20,1,2,2,INSS / FGTS / Encargos,3305.06
3371,2025-05-20,6,2,2,INSS / FGTS / Encargos,2700.24
3372,2025-05-20,7,2,2,INSS / FGTS / Encargos,1536.1
3373,2025-05-20,1,2,3,INSS / FGTS / Encargos,3335.05
3374,2025-05-20,6,2,3,INSS / FGTS / Encargos,2701.5
3375,2025-05-20,7,2,3,INSS / FGTS / Encargos,1550.31
3376,2025-05-20,1,2,4,INSS / FGTS / Encargos,3329.0
3377,2025-05-20,6,2,4,INSS / FGTS / Encargos,2680.37
3378,2025-05-20,7,2,4,INSS / FGTS / Encargos,1536.14
3379,2025-05-20,1,2,5,INSS / FGTS / Encargos,3307.23
3380,2025-05-20,6,2,5,INSS / FGTS / Encargos,2672.7
3381,2025-05-20,7,2,5,INSS / FGTS / Encargos,1546.37
3382,2025-05-20,1,2,6,INSS / FGTS / Encargos,3312.55
3383,2025-05-20,6,2,6,INSS / FGTS / Encargos,2705.75
3384,2025-05-20,7,2,6,INSS / FGTS / Encargos,1549.54
3385,2025-05-20,1,2,7,INSS / FGTS / Encargos,3305.56
3386,2025-05-20,2,5,7,Influenciadores & Afiliados,647.58
3387,2025-05-20,6,2,7,INSS / FGTS / Encargos,2690.0
3388,2025-05-20,7,2,7,INSS / FGTS / Encargos,1533.2
3389,2025-05-20,1,2,8,INSS / FGTS / Encargos,3310.26
3390,2025-05-20,2,5,8,Google Ads,4532.0
3391,2025-05-20,6,2,8,INSS / FGTS / Encargos,2681.21
3392,2025-05-20,6,7,8,RodoFácil Transportes,2116.82
3393,2025-05-20,7,2,8,INSS / FGTS / Encargos,1538.05
3394,2025-05-21,5,17,2,Comissão de Marketplaces,9178.51
3395,2025-05-21,2,5,6,Influenciadores & Afiliados,1223.72
3396,2025-05-22,6,7,1,Correios Corporativo,6274.86
3397,2025-05-22,2,5,5,Influenciadores & Afiliados,1070.9
3398,2025-05-22,1,4,7,Folha de Comissões,4689.92
3399,2025-05-22,2,5,7,Meta Ads,2137.02
3400,2025-05-22,6,7,7,TransLog Express,2917.98
3401,2025-05-23,6,8,4,Manutec Serviços,4184.67
3402,2025-05-23,5,17,8,Comissão de Marketplaces,4021.33
3403,2025-05-23,7,16,8,Papelaria Central,1473.94
3404,2025-05-24,6,7,2,Correios Corporativo,2998.28
3405,2025-05-24,7,16,4,Papelaria Central,1170.41
3406,2025-05-24,6,8,5,Predial Total,4398.28
3407,2025-05-25,2,5,1,Meta Ads,14663.06
3408,2025-05-25,2,12,1,Agência Pixel,10704.19
3409,2025-05-25,5,17,1,Adquirentes (cartão/PIX),15575.66
3410,2025-05-25,5,18,1,Banco Nacional,7092.19
3411,2025-05-25,5,18,1,Banco do Brasil Corporativo,4255.31
3412,2025-05-25,5,18,1,Cooperativa Crédito,2836.88
3413,2025-05-25,6,7,2,TransLog Express,7495.7
3414,2025-05-25,2,5,4,TikTok Ads,2198.85
3415,2025-05-26,2,5,1,TikTok Ads,6665.03
3416,2025-05-26,6,7,2,RodoFácil Transportes,4497.42
3417,2025-05-26,5,17,4,Comissão de Marketplaces,2701.63
3418,2025-05-26,5,17,5,Comissão de Marketplaces,5898.58
3419,2025-05-26,6,7,8,TransLog Express,3528.03
3420,2025-05-27,2,5,7,TikTok Ads,971.37
3421,2025-05-28,2,5,2,Google Ads,8393.87
3422,2025-05-28,2,5,3,Influenciadores & Afiliados,1938.11
3423,2025-05-28,6,7,3,RodoFácil Transportes,3233.94
3424,2025-05-29,2,5,4,Influenciadores & Afiliados,1465.9
3425,2025-05-29,2,5,5,TikTok Ads,1606.35
3426,2025-05-29,6,7,8,Correios Corporativo,1411.21
3427,2025-05-30,1,4,3,Folha de Comissões,8781.19
3428,2025-05-30,1,4,4,Folha de Comissões,6174.93
3429,2025-05-30,2,5,4,Meta Ads,4837.46
3430,2025-05-30,6,8,8,Predial Total,2477.85
3431,2025-05-31,2,5,1,Influenciadores & Afiliados,4443.35
3432,2025-05-31,1,13,8,Locadora Frota Viva,1729.04
3433,2025-06-01,1,3,1,Benefícios Corporativos (VR/VA/Plano),2361.87
3434,2025-06-01,2,3,1,Benefícios Corporativos (VR/VA/Plano),4671.35
3435,2025-06-01,3,3,1,Benefícios Corporativos (VR/VA/Plano),5858.32
3436,2025-06-01,4,3,1,Benefícios Corporativos (VR/VA/Plano),3553.05
3437,2025-06-01,5,3,1,Benefícios Corporativos (VR/VA/Plano),3518.45
3438,2025-06-01,6,3,1,Benefícios Corporativos (VR/VA/Plano),2399.92
3439,2025-06-01,7,3,1,Benefícios Corporativos (VR/VA/Plano),3508.65
3440,2025-06-01,8,3,1,Benefícios Corporativos (VR/VA/Plano),7016.57
3441,2025-06-01,1,3,2,Benefícios Corporativos (VR/VA/Plano),2401.14
3442,2025-06-01,6,3,2,Benefícios Corporativos (VR/VA/Plano),2407.82
3443,2025-06-01,6,8,2,ClimaFix,5821.66
3444,2025-06-01,7,3,2,Benefícios Corporativos (VR/VA/Plano),1162.49
3445,2025-06-01,1,3,3,Benefícios Corporativos (VR/VA/Plano),2391.59
3446,2025-06-01,6,3,3,Benefícios Corporativos (VR/VA/Plano),2411.92
3447,2025-06-01,7,3,3,Benefícios Corporativos (VR/VA/Plano),1189.72
3448,2025-06-01,1,3,4,Benefícios Corporativos (VR/VA/Plano),2353.55
3449,2025-06-01,1,13,4,Locadora Frota Viva,2427.2
3450,2025-06-01,6,3,4,Benefícios Corporativos (VR/VA/Plano),2341.95
3451,2025-06-01,7,3,4,Benefícios Corporativos (VR/VA/Plano),1161.49
3452,2025-06-01,1,3,5,Benefícios Corporativos (VR/VA/Plano),2389.97
3453,2025-06-01,6,3,5,Benefícios Corporativos (VR/VA/Plano),2385.16
3454,2025-06-01,6,7,5,TransLog Express,2739.12
3455,2025-06-01,7,3,5,Benefícios Corporativos (VR/VA/Plano),1162.35
3456,2025-06-01,1,3,6,Benefícios Corporativos (VR/VA/Plano),2404.07
3457,2025-06-01,6,3,6,Benefícios Corporativos (VR/VA/Plano),2346.84
3458,2025-06-01,7,3,6,Benefícios Corporativos (VR/VA/Plano),1189.59
3459,2025-06-01,1,3,7,Benefícios Corporativos (VR/VA/Plano),2392.37
3460,2025-06-01,6,3,7,Benefícios Corporativos (VR/VA/Plano),2395.83
3461,2025-06-01,7,3,7,Benefícios Corporativos (VR/VA/Plano),1206.93
3462,2025-06-01,1,3,8,Benefícios Corporativos (VR/VA/Plano),2351.62
3463,2025-06-01,6,3,8,Benefícios Corporativos (VR/VA/Plano),2335.4
3464,2025-06-01,7,3,8,Benefícios Corporativos (VR/VA/Plano),1205.63
3465,2025-06-02,2,5,2,Influenciadores & Afiliados,1842.09
3466,2025-06-02,2,6,3,Feira Office Brasil,5104.6
3467,2025-06-02,1,4,4,Folha de Comissões,7065.92
3468,2025-06-02,5,17,5,Comissão de Marketplaces,2856.0
3469,2025-06-02,2,5,7,Google Ads,3071.33
3470,2025-06-02,2,5,8,Influenciadores & Afiliados,965.77
3471,2025-06-03,2,5,1,Google Ads,17337.55
3472,2025-06-03,2,5,3,TikTok Ads,2598.57
3473,2025-06-03,6,7,3,TransLog Express,5357.77
3474,2025-06-03,2,5,4,Google Ads,5922.51
3475,2025-06-03,5,17,4,Comissão de Marketplaces,2240.76
3476,2025-06-03,1,13,7,Locadora Frota Viva,1658.89
3477,2025-06-04,2,6,2,Patrocínio Esporte Local,5543.74
3478,2025-06-05,1,1,1,Folha de Pagamento,9235.88
3479,2025-06-05,2,1,1,Folha de Pagamento,30643.31
3480,2025-06-05,2,6,1,Congresso Varejo Tech,11644.58
3481,2025-06-05,3,1,1,Folha de Pagamento,57361.05
3482,2025-06-05,4,1,1,Folha de Pagamento,20488.51
3483,2025-06-05,5,1,1,Folha de Pagamento,25757.04
3484,2025-06-05,6,1,1,Folha de Pagamento,7433.58
3485,2025-06-05,6,7,1,TransLog Express,15631.89
3486,2025-06-05,7,1,1,Folha de Pagamento,12870.73
3487,2025-06-05,8,1,1,Folha de Pagamento,75521.76
3488,2025-06-05,1,1,2,Folha de Pagamento,9293.51
3489,2025-06-05,5,17,2,Comissão de Marketplaces,6206.96
3490,2025-06-05,6,1,2,Folha de Pagamento,7529.72
3491,2025-06-05,7,1,2,Folha de Pagamento,4301.25
3492,2025-06-05,1,1,3,Folha de Pagamento,9280.46
3493,2025-06-05,6,1,3,Folha de Pagamento,7427.92
3494,2025-06-05,7,1,3,Folha de Pagamento,4303.56
3495,2025-06-05,1,1,4,Folha de Pagamento,9264.92
3496,2025-06-05,6,1,4,Folha de Pagamento,7499.72
3497,2025-06-05,7,1,4,Folha de Pagamento,4286.43
3498,2025-06-05,1,1,5,Folha de Pagamento,9256.08
3499,2025-06-05,6,1,5,Folha de Pagamento,7438.89
3500,2025-06-05,7,1,5,Folha de Pagamento,4284.95
3501,2025-06-05,1,1,6,Folha de Pagamento,9288.7
3502,2025-06-05,6,1,6,Folha de Pagamento,7451.76
3503,2025-06-05,7,1,6,Folha de Pagamento,4296.15
3504,2025-06-05,1,1,7,Folha de Pagamento,9185.97
3505,2025-06-05,5,17,7,Comissão de Marketplaces,4254.14
3506,2025-06-05,6,1,7,Folha de Pagamento,7491.77
3507,2025-06-05,7,1,7,Folha de Pagamento,4306.41
3508,2025-06-05,1,1,8,Folha de Pagamento,9279.73
3509,2025-06-05,6,1,8,Folha de Pagamento,7506.88
3510,2025-06-05,7,1,8,Folha de Pagamento,4287.92
3511,2025-06-05,7,16,8,OfficeMax Atacado,1353.97
3512,2025-06-06,6,7,1,RodoFácil Transportes,9379.14
3513,2025-06-06,2,5,2,Google Ads,7736.76
3514,2025-06-06,6,7,2,Correios Corporativo,2433.32
3515,2025-06-06,7,16,2,Papelaria Central,1234.52
3516,2025-06-06,2,5,4,TikTok Ads,2115.18
3517,2025-06-06,7,16,4,OfficeMax Atacado,1563.76
3518,2025-06-07,5,17,1,Adquirentes (cartão/PIX),15318.27
3519,2025-06-07,2,5,3,Google Ads,7275.99
3520,2025-06-07,2,5,5,TikTok Ads,1527.62
3521,2025-06-07,2,5,6,Google Ads,4469.82
3522,2025-06-07,5,17,6,Adquirentes (cartão/PIX),2589.71
3523,2025-06-07,6,8,8,ClimaFix,3256.04
3524,2025-06-08,2,5,1,Meta Ads,13622.36
3525,2025-06-08,3,11,1,CloudSoft Infra,22321.2
3526,2025-06-08,3,11,1,Licenças Corp Brasil,12175.2
3527,2025-06-08,3,11,1,DevTools Pro,6087.6
3528,2025-06-08,2,5,7,Influenciadores & Afiliados,731.27
3529,2025-06-09,1,4,2,Folha de Comissões,9446.2
3530,2025-06-09,6,7,6,Correios Corporativo,1000.39
3531,2025-06-09,2,6,8,Patrocínio Esporte Local,2761.01
3532,2025-06-09,6,7,8,Correios Corporativo,1247.48
3533,2025-06-10,2,5,1,Influenciadores & Afiliados,4127.99
3534,2025-06-10,7,9,1,Locadora Imóveis São Paulo,31260.0
3535,2025-06-10,7,9,2,Locadora Imóveis Rio de Janeiro,15630.0
3536,2025-06-10,7,9,3,Locadora Imóveis Belo Horizonte,10420.0
3537,2025-06-10,7,9,4,Locadora Imóveis Curitiba,9899.0
3538,2025-06-10,7,9,5,Locadora Imóveis Porto Alegre,8857.0
3539,2025-06-10,7,9,6,Locadora Imóveis Brasília,10941.0
3540,2025-06-10,5,17,7,Adquirentes (cartão/PIX),3546.1
3541,2025-06-10,7,9,7,Locadora Imóveis Salvador,8857.0
3542,2025-06-10,7,9,8,Locadora Imóveis Recife,8857.0
3543,2025-06-11,5,12,1,Consultoria Alvo,8559.95
3544,2025-06-11,6,8,7,Predial Total,3375.05
3545,2025-06-11,1,13,8,Agência de Viagens Rota,2050.64
3546,2025-06-11,2,5,8,Google Ads,4056.24
3547,2025-06-11,5,17,8,Comissão de Marketplaces,3760.61
3548,2025-06-12,6,8,1,Predial Total,8607.05
3549,2025-06-12,7,15,1,Seguradora Aliança,4800.0
3550,2025-06-12,7,15,2,Seguradora Aliança,3000.0
3551,2025-06-12,2,5,3,Influenciadores & Afiliados,1732.38
3552,2025-06-12,7,15,3,Seguradora Aliança,2520.0
3553,2025-06-12,6,8,4,Manutec Serviços,2510.41
3554,2025-06-12,7,15,4,Seguradora Aliança,2400.0
3555,2025-06-12,7,15,5,Seguradora Aliança,2160.0
3556,2025-06-12,2,6,6,Congresso Varejo Tech,3340.12
3557,2025-06-12,7,15,6,Seguradora Aliança,2280.0
3558,2025-06-12,7,15,7,Seguradora Aliança,2280.0
3559,2025-06-12,6,7,8,TransLog Express,3118.71
3560,2025-06-12,7,15,8,Seguradora Aliança,2160.0
3561,2025-06-13,2,5,2,Meta Ads,6078.88
3562,2025-06-13,6,8,6,Manutec Serviços,4033.8
3563,2025-06-14,7,16,1,Papelaria Central,1945.61
3564,2025-06-14,5,17,2,Adquirentes (cartão/PIX),7201.29
3565,2025-06-14,6,7,5,RodoFácil Transportes,1643.47
3566,2025-06-14,2,5,6,Influenciadores & Afiliados,1064.24
3567,2025-06-14,7,16,6,Papelaria Central,1416.11
3568,2025-06-15,7,10,1,Concessionária Local SP,12706.23
3569,2025-06-15,1,13,2,Locadora Frota Viva,3703.85
3570,2025-06-15,7,10,2,Concessionária Local RJ,8095.5
3571,2025-06-15,6,7,3,RodoFácil Transportes,3214.66
3572,2025-06-15,7,10,3,Concessionária Local MG,6915.93
3573,2025-06-15,6,7,4,Correios Corporativo,2128.45
3574,2025-06-15,7,10,4,Concessionária Local PR,7021.32
3575,2025-06-15,7,10,5,Concessionária Local RS,6292.51
3576,2025-06-15,7,16,5,OfficeMax Atacado,1044.98
3577,2025-06-15,7,10,6,Concessionária Local DF,6287.23
3578,2025-06-15,7,10,7,Concessionária Local BA,6523.35
3579,2025-06-15,7,10,8,Concessionária Local PE,5961.37
3580,2025-06-16,6,7,4,TransLog Express,5321.12
3581,2025-06-17,1,13,5,Locadora Frota Viva,1887.68
3582,2025-06-17,2,5,5,Influenciadores & Afiliados,1018.41
3583,2025-06-18,2,5,3,Meta Ads,5716.85
3584,2025-06-18,2,5,4,Influenciadores & Afiliados,1410.12
3585,2025-06-18,1,4,5,Folha de Comissões,3869.41
3586,2025-06-18,1,4,6,Folha de Comissões,3758.81
3587,2025-06-18,6,7,7,RodoFácil Transportes,2320.2
3588,2025-06-19,6,8,5,Manutec Serviços,3140.74
3589,2025-06-19,2,5,6,Meta Ads,3512.0
3590,2025-06-20,1,2,1,INSS / FGTS / Encargos,3324.92
3591,2025-06-20,1,4,1,Folha de Comissões,24780.07
3592,2025-06-20,2,2,1,INSS / FGTS / Encargos,11031.59
3593,2025-06-20,3,2,1,INSS / FGTS / Encargos,20649.98
3594,2025-06-20,4,2,1,INSS / FGTS / Encargos,7375.86
3595,2025-06-20,5,2,1,INSS / FGTS / Encargos,9272.54
3596,2025-06-20,6,2,1,INSS / FGTS / Encargos,2676.09
3597,2025-06-20,7,2,1,INSS / FGTS / Encargos,4633.46
3598,2025-06-20,8,2,1,INSS / FGTS / Encargos,27187.83
3599,2025-06-20,1,2,2,INSS / FGTS / Encargos,3345.66
3600,2025-06-20,6,2,2,INSS / FGTS / Encargos,2710.7
3601,2025-06-20,7,2,2,INSS / FGTS / Encargos,1548.45
3602,2025-06-20,1,2,3,INSS / FGTS / Encargos,3340.97
3603,2025-06-20,6,2,3,INSS / FGTS / Encargos,2674.05
3604,2025-06-20,7,2,3,INSS / FGTS / Encargos,1549.28
3605,2025-06-20,1,2,4,INSS / FGTS / Encargos,3335.37
3606,2025-06-20,6,2,4,INSS / FGTS / Encargos,2699.9
3607,2025-06-20,7,2,4,INSS / FGTS / Encargos,1543.11
3608,2025-06-20,1,2,5,INSS / FGTS / Encargos,3332.19
3609,2025-06-20,2,6,5,Congresso Varejo Tech,2944.71
3610,2025-06-20,6,2,5,INSS / FGTS / Encargos,2678.0
3611,2025-06-20,6,7,5,Correios Corporativo,1095.65
3612,2025-06-20,7,2,5,INSS / FGTS / Encargos,1542.58
3613,2025-06-20,1,2,6,INSS / FGTS / Encargos,3343.93
3614,2025-06-20,6,2,6,INSS / FGTS / Encargos,2682.63
3615,2025-06-20,6,7,6,RodoFácil Transportes,1500.58
3616,2025-06-20,7,2,6,INSS / FGTS / Encargos,1546.61
3617,2025-06-20,1,2,7,INSS / FGTS / Encargos,3306.95
3618,2025-06-20,6,2,7,INSS / FGTS / Encargos,2697.04
3619,2025-06-20,7,2,7,INSS / FGTS / Encargos,1550.31
3620,2025-06-20,1,2,8,INSS / FGTS / Encargos,3340.7
3621,2025-06-20,6,2,8,INSS / FGTS / Encargos,2702.48
3622,2025-06-20,7,2,8,INSS / FGTS / Encargos,1543.65
3623,2025-06-21,3,12,1,Consultoria Alvo,12579.53
3624,2025-06-21,6,7,4,RodoFácil Transportes,3192.67
3625,2025-06-22,2,5,7,Meta Ads,2413.18
3626,2025-06-23,5,17,1,Comissão de Marketplaces,18277.57
3627,2025-06-24,5,17,3,Comissão de Marketplaces,3248.05
3628,2025-06-24,6,7,3,Correios Corporativo,2143.11
3629,2025-06-24,2,5,4,Meta Ads,4653.4
3630,2025-06-24,5,17,6,Comissão de Marketplaces,2347.92
3631,2025-06-24,2,5,7,TikTok Ads,1096.9
3632,2025-06-24,6,7,7,TransLog Express,3866.99
3633,2025-06-24,2,5,8,Meta Ads,3187.05
3634,2025-06-25,2,5,1,TikTok Ads,6191.98
3635,2025-06-25,5,18,1,Banco Nacional,7210.99
3636,2025-06-25,5,18,1,Banco do Brasil Corporativo,4326.6
3637,2025-06-25,5,18,1,Cooperativa Crédito,2884.4
3638,2025-06-25,6,7,2,RodoFácil Transportes,3649.98
3639,2025-06-25,2,5,5,Google Ads,4277.34
3640,2025-06-25,1,4,7,Folha de Comissões,5345.74
3641,2025-06-25,6,7,7,Correios Corporativo,1546.8
3642,2025-06-25,2,5,8,TikTok Ads,1448.66
3643,2025-06-26,6,7,2,TransLog Express,6083.3
3644,2025-06-26,2,5,5,Meta Ads,3360.77
3645,2025-06-26,6,7,6,TransLog Express,2500.97
3646,2025-06-26,7,16,7,OfficeMax Atacado,1524.53
3647,2025-06-27,2,6,4,Congresso Varejo Tech,3258.1
3648,2025-06-28,4,14,1,Instituto Aprender,5550.88
3649,2025-06-28,5,17,4,Adquirentes (cartão/PIX),5681.74
3650,2025-06-28,1,13,6,Agência de Viagens Rota,1768.17
3651,2025-06-28,5,17,8,Adquirentes (cartão/PIX),2937.65
3652,2025-06-28,6,7,8,RodoFácil Transportes,1871.23
3653,2025-06-29,2,5,2,TikTok Ads,2763.13
3654,2025-06-29,1,4,3,Folha de Comissões,8111.45
3655,2025-06-29,5,17,3,Adquirentes (cartão/PIX),5458.65
3656,2025-06-29,5,17,5,Adquirentes (cartão/PIX),2660.63
3657,2025-06-29,2,5,6,TikTok Ads,1596.37
3658,2025-06-30,1,13,1,Agência de Viagens Rota,12180.98
3659,2025-06-30,6,7,1,Correios Corporativo,6252.76
3660,2025-06-30,1,13,3,Locadora Frota Viva,3974.06
3661,2025-06-30,6,8,3,ClimaFix,5467.57
3662,2025-06-30,7,16,3,OfficeMax Atacado,1135.59
3663,2025-06-30,2,6,7,Patrocínio Esporte Local,1996.67
3664,2025-06-30,1,4,8,Folha de Comissões,4725.87
3665,2025-07-01,1,3,1,Benefícios Corporativos (VR/VA/Plano),3555.64
3666,2025-07-01,2,3,1,Benefícios Corporativos (VR/VA/Plano),7225.36
3667,2025-07-01,3,3,1,Benefícios Corporativos (VR/VA/Plano),5815.12
3668,2025-07-01,4,3,1,Benefícios Corporativos (VR/VA/Plano),3510.36
3669,2025-07-01,5,3,1,Benefícios Corporativos (VR/VA/Plano),3560.09
3670,2025-07-01,6,3,1,Benefícios Corporativos (VR/VA/Plano),2385.29
3671,2025-07-01,7,3,1,Benefícios Corporativos (VR/VA/Plano),3501.76
3672,2025-07-01,8,3,1,Benefícios Corporativos (VR/VA/Plano),7140.32
3673,2025-07-01,1,3,2,Benefícios Corporativos (VR/VA/Plano),2352.31
3674,2025-07-01,2,5,2,Influenciadores & Afiliados,2100.7
3675,2025-07-01,6,3,2,Benefícios Corporativos (VR/VA/Plano),2377.83
3676,2025-07-01,7,3,2,Benefícios Corporativos (VR/VA/Plano),1167.48
3677,2025-07-01,1,3,3,Benefícios Corporativos (VR/VA/Plano),2373.66
3678,2025-07-01,6,3,3,Benefícios Corporativos (VR/VA/Plano),2359.8
3679,2025-07-01,7,3,3,Benefícios Corporativos (VR/VA/Plano),1163.43
3680,2025-07-01,1,3,4,Benefícios Corporativos (VR/VA/Plano),2409.05
3681,2025-07-01,2,5,4,Meta Ads,5320.86
3682,2025-07-01,6,3,4,Benefícios Corporativos (VR/VA/Plano),2378.19
3683,2025-07-01,7,3,4,Benefícios Corporativos (VR/VA/Plano),1167.84
3684,2025-07-01,1,3,5,Benefícios Corporativos (VR/VA/Plano),2381.73
3685,2025-07-01,6,3,5,Benefícios Corporativos (VR/VA/Plano),2404.4
3686,2025-07-01,6,7,5,TransLog Express,2972.91
3687,2025-07-01,7,3,5,Benefícios Corporativos (VR/VA/Plano),1169.45
3688,2025-07-01,1,3,6,Benefícios Corporativos (VR/VA/Plano),2392.57
3689,2025-07-01,6,3,6,Benefícios Corporativos (VR/VA/Plano),2397.78
3690,2025-07-01,7,3,6,Benefícios Corporativos (VR/VA/Plano),1200.16
3691,2025-07-01,1,3,7,Benefícios Corporativos (VR/VA/Plano),2389.22
3692,2025-07-01,6,3,7,Benefícios Corporativos (VR/VA/Plano),2335.12
3693,2025-07-01,7,3,7,Benefícios Corporativos (VR/VA/Plano),1185.94
3694,2025-07-01,7,16,7,Papelaria Central,1086.57
3695,2025-07-01,1,3,8,Benefícios Corporativos (VR/VA/Plano),2356.26
3696,2025-07-01,6,3,8,Benefícios Corporativos (VR/VA/Plano),2377.82
3697,2025-07-01,6,7,8,TransLog Express,4816.52
3698,2025-07-01,7,3,8,Benefícios Corporativos (VR/VA/Plano),1184.74
3699,2025-07-02,1,13,1,Agência de Viagens Rota,12603.44
3700,2025-07-02,3,12,1,Consultoria Alvo,17288.08
3701,2025-07-02,2,5,2,Google Ads,8822.94
3702,2025-07-02,5,17,2,Adquirentes (cartão/PIX),7693.95
3703,2025-07-02,5,17,4,Adquirentes (cartão/PIX),5395.66
3704,2025-07-02,1,13,7,Agência de Viagens Rota,2711.92
3705,2025-07-03,5,17,1,Comissão de Marketplaces,17691.12
3706,2025-07-03,7,16,5,Papelaria Central,1065.0
3707,2025-07-03,6,8,6,Manutec Serviços,3242.47
3708,2025-07-04,2,5,3,Influenciadores & Afiliados,2023.79
3709,2025-07-04,2,5,4,TikTok Ads,2418.57
3710,2025-07-05,1,1,1,Folha de Pagamento,13829.36
3711,2025-07-05,2,1,1,Folha de Pagamento,46202.93
3712,2025-07-05,3,1,1,Folha de Pagamento,57518.44
3713,2025-07-05,4,1,1,Folha de Pagamento,20359.03
3714,2025-07-05,5,1,1,Folha de Pagamento,25657.78
3715,2025-07-05,6,1,1,Folha de Pagamento,7494.77
3716,2025-07-05,7,1,1,Folha de Pagamento,12852.78
3717,2025-07-05,8,1,1,Folha de Pagamento,75920.05
3718,2025-07-05,1,1,2,Folha de Pagamento,9269.18
3719,2025-07-05,6,1,2,Folha de Pagamento,7517.27
3720,2025-07-05,7,1,2,Folha de Pagamento,4276.55
3721,2025-07-05,1,1,3,Folha de Pagamento,9223.13
3722,2025-07-05,6,1,3,Folha de Pagamento,7481.81
3723,2025-07-05,7,1,3,Folha de Pagamento,4315.48
3724,2025-07-05,1,1,4,Folha de Pagamento,9241.91
3725,2025-07-05,6,1,4,Folha de Pagamento,7477.19
3726,2025-07-05,7,1,4,Folha de Pagamento,4287.29
3727,2025-07-05,1,1,5,Folha de Pagamento,9219.19
3728,2025-07-05,6,1,5,Folha de Pagamento,7527.78
3729,2025-07-05,6,7,5,RodoFácil Transportes,1783.75
3730,2025-07-05,7,1,5,Folha de Pagamento,4284.12
3731,2025-07-05,1,1,6,Folha de Pagamento,9185.12
3732,2025-07-05,6,1,6,Folha de Pagamento,7447.66
3733,2025-07-05,7,1,6,Folha de Pagamento,4282.58
3734,2025-07-05,1,1,7,Folha de Pagamento,9293.62
3735,2025-07-05,2,5,7,Meta Ads,3093.81
3736,2025-07-05,6,1,7,Folha de Pagamento,7485.03
3737,2025-07-05,7,1,7,Folha de Pagamento,4289.0
3738,2025-07-05,1,1,8,Folha de Pagamento,9175.61
3739,2025-07-05,5,17,8,Comissão de Marketplaces,1853.87
3740,2025-07-05,6,1,8,Folha de Pagamento,7467.41
3741,2025-07-05,7,1,8,Folha de Pagamento,4281.22
3742,2025-07-06,6,8,4,Manutec Serviços,3207.49
3743,2025-07-06,2,5,8,Meta Ads,3912.49
3744,2025-07-07,2,5,1,Google Ads,19973.0
3745,2025-07-07,5,17,3,Adquirentes (cartão/PIX),8856.03
3746,2025-07-07,6,7,3,TransLog Express,8427.54
3747,2025-07-07,1,4,4,Folha de Comissões,7928.05
3748,2025-07-08,3,11,1,CloudSoft Infra,22404.8
3749,2025-07-08,3,11,1,Licenças Corp Brasil,12220.8
3750,2025-07-08,3,11,1,DevTools Pro,6110.4
3751,2025-07-08,1,13,2,Locadora Frota Viva,6035.17
3752,2025-07-08,7,16,2,Papelaria Central,1743.26
3753,2025-07-08,2,5,3,Google Ads,8499.92
3754,2025-07-08,2,5,7,Google Ads,3937.58
3755,2025-07-08,6,8,7,Predial Total,5458.75
3756,2025-07-09,2,5,4,Influenciadores & Afiliados,1612.38
3757,2025-07-09,5,17,5,Comissão de Marketplaces,3341.34
3758,2025-07-09,2,5,7,TikTok Ads,1406.28
3759,2025-07-10,2,5,1,TikTok Ads,7133.21
3760,2025-07-10,7,9,1,Locadora Imóveis São Paulo,31260.0
3761,2025-07-10,5,17,2,Comissão de Marketplaces,5965.59
3762,2025-07-10,7,9,2,Locadora Imóveis Rio de Janeiro,15630.0
3763,2025-07-10,7,9,3,Locadora Imóveis Belo Horizonte,10420.0
3764,2025-07-10,7,9,4,Locadora Imóveis Curitiba,9899.0
3765,2025-07-10,7,9,5,Locadora Imóveis Porto Alegre,8857.0
3766,2025-07-10,7,9,6,Locadora Imóveis Brasília,10941.0
3767,2025-07-10,7,9,7,Locadora Imóveis Salvador,8857.0
3768,2025-07-10,7,9,8,Locadora Imóveis Recife,8857.0
3769,2025-07-11,6,7,2,Correios Corporativo,2906.75
3770,2025-07-11,2,5,3,TikTok Ads,3035.68
3771,2025-07-12,7,15,1,Seguradora Aliança,4800.0
3772,2025-07-12,7,15,2,Seguradora Aliança,3000.0
3773,2025-07-12,7,15,3,Seguradora Aliança,2520.0
3774,2025-07-12,7,16,3,Papelaria Central,1424.68
3775,2025-07-12,2,5,4,Google Ads,6772.01
3776,2025-07-12,7,15,4,Seguradora Aliança,2400.0
3777,2025-07-12,7,15,5,Seguradora Aliança,2160.0
3778,2025-07-12,7,15,6,Seguradora Aliança,2280.0
3779,2025-07-12,7,15,7,Seguradora Aliança,2280.0
3780,2025-07-12,7,15,8,Seguradora Aliança,2160.0
3781,2025-07-13,2,5,1,Meta Ads,15693.07
3782,2025-07-14,6,7,1,Correios Corporativo,7898.4
3783,2025-07-14,2,5,5,Meta Ads,3805.44
3784,2025-07-14,6,8,5,ClimaFix,3501.0
3785,2025-07-14,5,17,6,Adquirentes (cartão/PIX),4405.74
3786,2025-07-14,6,7,8,RodoFácil Transportes,2889.91
3787,2025-07-15,1,4,1,Folha de Comissões,28254.51
3788,2025-07-15,7,10,1,Concessionária Local SP,12187.11
3789,2025-07-15,7,10,2,Concessionária Local RJ,8350.06
3790,2025-07-15,2,5,3,Meta Ads,6678.51
3791,2025-07-15,7,10,3,Concessionária Local MG,6619.46
3792,2025-07-15,6,7,4,RodoFácil Transportes,2433.28
3793,2025-07-15,7,10,4,Concessionária Local PR,7092.83
3794,2025-07-15,2,5,5,Influenciadores & Afiliados,1153.16
3795,2025-07-15,7,10,5,Concessionária Local RS,5890.61
3796,2025-07-15,2,5,6,Meta Ads,3994.89
3797,2025-07-15,7,10,6,Concessionária Local DF,6374.53
3798,2025-07-15,7,10,7,Concessionária Local BA,6519.14
3799,2025-07-15,7,10,8,Concessionária Local PE,6453.24
3800,2025-07-16,6,8,2,Predial Total,2897.3
3801,2025-07-16,7,16,4,Papelaria Central,1342.81
3802,2025-07-16,5,17,5,Adquirentes (cartão/PIX),2781.55
3803,2025-07-17,2,5,5,Google Ads,4843.28
3804,2025-07-18,1,4,3,Folha de Comissões,12858.93
3805,2025-07-18,2,5,7,Influenciadores & Afiliados,937.52
3806,2025-07-19,6,7,1,RodoFácil Transportes,11847.6
3807,2025-07-19,6,8,1,Manutec Serviços,7449.3
3808,2025-07-19,2,5,6,TikTok Ads,1815.86
3809,2025-07-19,6,7,7,TransLog Express,2664.54
3810,2025-07-19,6,7,8,Correios Corporativo,1926.61
3811,2025-07-20,1,2,1,INSS / FGTS / Encargos,4978.57
3812,2025-07-20,2,2,1,INSS / FGTS / Encargos,16633.05
3813,2025-07-20,3,2,1,INSS / FGTS / Encargos,20706.64
3814,2025-07-20,4,2,1,INSS / FGTS / Encargos,7329.25
3815,2025-07-20,5,2,1,INSS / FGTS / Encargos,9236.8
3816,2025-07-20,6,2,1,INSS / FGTS / Encargos,2698.12
3817,2025-07-20,7,2,1,INSS / FGTS / Encargos,4627.0
3818,2025-07-20,8,2,1,INSS / FGTS / Encargos,27331.22
3819,2025-07-20,1,2,2,INSS / FGTS / Encargos,3336.91
3820,2025-07-20,6,2,2,INSS / FGTS / Encargos,2706.22
3821,2025-07-20,7,2,2,INSS / FGTS / Encargos,1539.56
3822,2025-07-20,1,2,3,INSS / FGTS / Encargos,3320.33
3823,2025-07-20,1,13,3,Agência de Viagens Rota,5225.51
3824,2025-07-20,6,2,3,INSS / FGTS / Encargos,2693.45
3825,2025-07-20,7,2,3,INSS / FGTS / Encargos,1553.57
3826,2025-07-20,1,2,4,INSS / FGTS / Encargos,3327.09
3827,2025-07-20,6,2,4,INSS / FGTS / Encargos,2691.79
3828,2025-07-20,6,7,4,TransLog Express,4055.46
3829,2025-07-20,7,2,4,INSS / FGTS / Encargos,1543.42
3830,2025-07-20,1,2,5,INSS / FGTS / Encargos,3318.91
3831,2025-07-20,6,2,5,INSS / FGTS / Encargos,2710.0
3832,2025-07-20,7,2,5,INSS / FGTS / Encargos,1542.28
3833,2025-07-20,1,2,6,INSS / FGTS / Encargos,3306.64
3834,2025-07-20,6,2,6,INSS / FGTS / Encargos,2681.16
3835,2025-07-20,7,2,6,INSS / FGTS / Encargos,1541.73
3836,2025-07-20,1,2,7,INSS / FGTS / Encargos,3345.7
3837,2025-07-20,5,17,7,Comissão de Marketplaces,4319.2
3838,2025-07-20,6,2,7,INSS / FGTS / Encargos,2694.61
3839,2025-07-20,7,2,7,INSS / FGTS / Encargos,1544.04
3840,2025-07-20,1,2,8,INSS / FGTS / Encargos,3303.22
3841,2025-07-20,6,2,8,INSS / FGTS / Encargos,2688.27
3842,2025-07-20,7,2,8,INSS / FGTS / Encargos,1541.24
3843,2025-07-21,5,12,1,Contabilidade & Cia,13715.43
3844,2025-07-21,2,5,2,Meta Ads,6932.31
3845,2025-07-21,2,5,5,TikTok Ads,1729.74
3846,2025-07-21,1,13,8,Locadora Frota Viva,2445.21
3847,2025-07-21,2,5,8,TikTok Ads,1778.4
3848,2025-07-22,2,5,1,Influenciadores & Afiliados,4755.48
3849,2025-07-22,4,14,1,Instituto Aprender,4652.43
3850,2025-07-22,6,7,2,RodoFácil Transportes,4360.12
3851,2025-07-22,1,13,5,Locadora Frota Viva,2915.34
3852,2025-07-22,6,7,5,Correios Corporativo,1189.16
3853,2025-07-22,5,17,8,Adquirentes (cartão/PIX),5472.92
3854,2025-07-23,6,7,1,TransLog Express,19746.0
3855,2025-07-23,6,7,6,RodoFácil Transportes,2197.65
3856,2025-07-23,2,5,8,Google Ads,4979.53
3857,2025-07-24,7,16,1,Papelaria Central,2609.7
3858,2025-07-24,1,13,6,Agência de Viagens Rota,3114.19
3859,2025-07-24,7,16,8,OfficeMax Atacado,1452.87
3860,2025-07-25,5,18,1,Banco Nacional,7160.24
3861,2025-07-25,5,18,1,Banco do Brasil Corporativo,4296.14
3862,2025-07-25,5,18,1,Cooperativa Crédito,2864.1
3863,2025-07-25,2,5,2,TikTok Ads,3151.05
3864,2025-07-25,6,7,3,RodoFácil Transportes,5056.52
3865,2025-07-25,2,5,6,Google Ads,5084.4
3866,2025-07-26,1,4,2,Folha de Comissões,11729.48
3867,2025-07-26,6,7,2,TransLog Express,7266.87
3868,2025-07-26,5,17,4,Comissão de Marketplaces,3547.93
3869,2025-07-26,6,7,7,RodoFácil Transportes,1598.72
3870,2025-07-27,6,8,3,Predial Total,3026.77
3871,2025-07-27,1,13,4,Agência de Viagens Rota,3676.27
3872,2025-07-27,1,4,7,Folha de Comissões,4020.19
3873,2025-07-28,5,17,1,Adquirentes (cartão/PIX),19724.43
3874,2025-07-28,5,17,3,Comissão de Marketplaces,5512.74
3875,2025-07-28,6,7,4,Correios Corporativo,1622.19
3876,2025-07-28,1,4,5,Folha de Comissões,4109.16
3877,2025-07-28,6,7,6,Correios Corporativo,1465.1
3878,2025-07-28,7,16,6,OfficeMax Atacado,1352.76
3879,2025-07-29,1,4,6,Folha de Comissões,6136.21
3880,2025-07-29,2,5,6,Influenciadores & Afiliados,1210.57
3881,2025-07-29,1,4,8,Folha de Comissões,7821.06
3882,2025-07-29,2,5,8,Influenciadores & Afiliados,1185.6
3883,2025-07-30,2,12,1,Consultoria Alvo,15674.83
3884,2025-07-30,6,7,3,Correios Corporativo,3371.02
3885,2025-07-30,5,17,6,Comissão de Marketplaces,1858.71
3886,2025-07-30,5,17,7,Adquirentes (cartão/PIX),2673.09
3887,2025-07-30,6,7,7,Correios Corporativo,1065.82
3888,2025-07-31,6,7,6,TransLog Express,3662.76
3889,2025-07-31,6,8,8,Predial Total,2755.53
3890,2025-08-01,1,3,1,Benefícios Corporativos (VR/VA/Plano),3603.44
3891,2025-08-01,2,3,1,Benefícios Corporativos (VR/VA/Plano),7121.37
3892,2025-08-01,2,5,1,Meta Ads,15878.72
3893,2025-08-01,3,3,1,Benefícios Corporativos (VR/VA/Plano),5911.72
3894,2025-08-01,4,3,1,Benefícios Corporativos (VR/VA/Plano),3565.43
3895,2025-08-01,5,3,1,Benefícios Corporativos (VR/VA/Plano),3612.33
3896,2025-08-01,6,3,1,Benefícios Corporativos (VR/VA/Plano),2345.89
3897,2025-08-01,7,3,1,Benefícios Corporativos (VR/VA/Plano),3620.37
3898,2025-08-01,8,3,1,Benefícios Corporativos (VR/VA/Plano),7068.35
3899,2025-08-01,1,3,2,Benefícios Corporativos (VR/VA/Plano),2378.11
3900,2025-08-01,6,3,2,Benefícios Corporativos (VR/VA/Plano),2356.96
3901,2025-08-01,7,3,2,Benefícios Corporativos (VR/VA/Plano),1162.8
3902,2025-08-01,1,3,3,Benefícios Corporativos (VR/VA/Plano),2394.33
3903,2025-08-01,1,13,3,Agência de Viagens Rota,7061.83
3904,2025-08-01,6,3,3,Benefícios Corporativos (VR/VA/Plano),2402.13
3905,2025-08-01,6,7,3,Correios Corporativo,2463.11
3906,2025-08-01,7,3,3,Benefícios Corporativos (VR/VA/Plano),1190.57
3907,2025-08-01,1,3,4,Benefícios Corporativos (VR/VA/Plano),2367.75
3908,2025-08-01,6,3,4,Benefícios Corporativos (VR/VA/Plano),2382.94
3909,2025-08-01,7,3,4,Benefícios Corporativos (VR/VA/Plano),1201.19
3910,2025-08-01,1,3,5,Benefícios Corporativos (VR/VA/Plano),2351.87
3911,2025-08-01,2,5,5,Meta Ads,3755.27
3912,2025-08-01,2,5,5,TikTok Ads,1706.94
3913,2025-08-01,6,3,5,Benefícios Corporativos (VR/VA/Plano),2342.53
3914,2025-08-01,7,3,5,Benefícios Corporativos (VR/VA/Plano),1198.29
3915,2025-08-01,1,3,6,Benefícios Corporativos (VR/VA/Plano),2331.59
3916,2025-08-01,5,17,6,Adquirentes (cartão/PIX),3673.8
3917,2025-08-01,6,3,6,Benefícios Corporativos (VR/VA/Plano),2351.94
3918,2025-08-01,7,3,6,Benefícios Corporativos (VR/VA/Plano),1196.95
3919,2025-08-01,1,3,7,Benefícios Corporativos (VR/VA/Plano),2348.56
3920,2025-08-01,6,3,7,Benefícios Corporativos (VR/VA/Plano),2375.16
3921,2025-08-01,7,3,7,Benefícios Corporativos (VR/VA/Plano),1200.66
3922,2025-08-01,1,3,8,Benefícios Corporativos (VR/VA/Plano),2379.81
3923,2025-08-01,6,3,8,Benefícios Corporativos (VR/VA/Plano),2397.82
3924,2025-08-01,7,3,8,Benefícios Corporativos (VR/VA/Plano),1185.23
3925,2025-08-02,2,5,2,TikTok Ads,3405.37
3926,2025-08-02,2,5,3,Meta Ads,6443.61
3927,2025-08-02,1,13,4,Locadora Frota Viva,5337.36
3928,2025-08-02,6,7,4,RodoFácil Transportes,3421.57
3929,2025-08-02,6,8,7,ClimaFix,3487.34
3930,2025-08-02,1,4,8,Folha de Comissões,6148.96
3931,2025-08-03,5,17,2,Comissão de Marketplaces,11183.51
3932,2025-08-03,5,17,4,Comissão de Marketplaces,6527.22
3933,2025-08-03,2,5,6,TikTok Ads,1891.55
3934,2025-08-03,6,8,6,Manutec Serviços,3487.57
3935,2025-08-03,2,5,7,Influenciadores & Afiliados,961.85
3936,2025-08-03,6,7,7,TransLog Express,2947.53
3937,2025-08-04,6,7,5,RodoFácil Transportes,2338.71
3938,2025-08-05,1,1,1,Folha de Pagamento,13814.97
3939,2025-08-05,2,1,1,Folha de Pagamento,46452.3
3940,2025-08-05,3,1,1,Folha de Pagamento,57422.69
3941,2025-08-05,4,1,1,Folha de Pagamento,20522.49
3942,2025-08-05,5,1,1,Folha de Pagamento,25589.72
3943,2025-08-05,6,1,1,Folha de Pagamento,7466.63
3944,2025-08-05,7,1,1,Folha de Pagamento,12836.49
3945,2025-08-05,8,1,1,Folha de Pagamento,76330.3
3946,2025-08-05,1,1,2,Folha de Pagamento,9288.47
3947,2025-08-05,6,1,2,Folha de Pagamento,7464.77
3948,2025-08-05,7,1,2,Folha de Pagamento,4263.19
3949,2025-08-05,1,1,3,Folha de Pagamento,9251.7
3950,2025-08-05,2,5,3,Influenciadores & Afiliados,1952.61
3951,2025-08-05,6,1,3,Folha de Pagamento,7513.49
3952,2025-08-05,7,1,3,Folha de Pagamento,4311.08
3953,2025-08-05,1,1,4,Folha de Pagamento,9206.95
3954,2025-08-05,6,1,4,Folha de Pagamento,7515.71
3955,2025-08-05,6,7,4,TransLog Express,5702.61
3956,2025-08-05,7,1,4,Folha de Pagamento,4316.57
3957,2025-08-05,7,16,4,OfficeMax Atacado,1025.36
3958,2025-08-05,1,1,5,Folha de Pagamento,9260.7
3959,2025-08-05,2,5,5,Influenciadores & Afiliados,1137.96
3960,2025-08-05,6,1,5,Folha de Pagamento,7438.02
3961,2025-08-05,7,1,5,Folha de Pagamento,4295.76
3962,2025-08-05,1,1,6,Folha de Pagamento,9176.93
3963,2025-08-05,6,1,6,Folha de Pagamento,7528.35
3964,2025-08-05,7,1,6,Folha de Pagamento,4292.32
3965,2025-08-05,1,1,7,Folha de Pagamento,9299.26
3966,2025-08-05,6,1,7,Folha de Pagamento,7484.44
3967,2025-08-05,7,1,7,Folha de Pagamento,4305.65
3968,2025-08-05,1,1,8,Folha de Pagamento,9303.5
3969,2025-08-05,2,5,8,TikTok Ads,1773.83
3970,2025-08-05,6,1,8,Folha de Pagamento,7494.05
3971,2025-08-05,7,1,8,Folha de Pagamento,4259.79
3972,2025-08-06,6,7,2,Correios Corporativo,2658.13
3973,2025-08-06,2,5,8,Meta Ads,3902.42
3974,2025-08-07,5,17,2,Adquirentes (cartão/PIX),5397.86
3975,2025-08-07,5,17,3,Comissão de Marketplaces,1578.81
3976,2025-08-07,5,17,6,Comissão de Marketplaces,6472.37
3977,2025-08-07,6,7,6,TransLog Express,4594.45
3978,2025-08-07,6,7,8,RodoFácil Transportes,2404.49
3979,2025-08-08,3,11,1,CloudSoft Infra,22488.4
3980,2025-08-08,3,11,1,Licenças Corp Brasil,12266.4
3981,2025-08-08,3,11,1,DevTools Pro,6133.2
3982,2025-08-08,2,5,7,Google Ads,4039.76
3983,2025-08-09,6,7,3,RodoFácil Transportes,3694.66
3984,2025-08-09,2,5,4,TikTok Ads,2200.0
3985,2025-08-10,2,12,1,Consultoria Alvo,9088.85
3986,2025-08-10,7,9,1,Locadora Imóveis São Paulo,31260.0
3987,2025-08-10,2,5,2,Google Ads,9535.04
3988,2025-08-10,7,9,2,Locadora Imóveis Rio de Janeiro,15630.0
3989,2025-08-10,7,9,3,Locadora Imóveis Belo Horizonte,10420.0
3990,2025-08-10,5,17,4,Adquirentes (cartão/PIX),4887.01
3991,2025-08-10,7,9,4,Locadora Imóveis Curitiba,9899.0
3992,2025-08-10,6,7,5,TransLog Express,3897.84
3993,2025-08-10,7,9,5,Locadora Imóveis Porto Alegre,8857.0
3994,2025-08-10,7,9,6,Locadora Imóveis Brasília,10941.0
3995,2025-08-10,6,7,7,Correios Corporativo,1179.01
3996,2025-08-10,7,9,7,Locadora Imóveis Salvador,8857.0
3997,2025-08-10,7,9,8,Locadora Imóveis Recife,8857.0
3998,2025-08-11,2,5,4,Google Ads,6160.01
3999,2025-08-12,2,5,1,Influenciadores & Afiliados,4811.73
4000,2025-08-12,7,15,1,Seguradora Aliança,4800.0
4001,2025-08-12,7,15,2,Seguradora Aliança,3000.0
4002,2025-08-12,7,15,3,Seguradora Aliança,2520.0
4003,2025-08-12,7,15,4,Seguradora Aliança,2400.0
4004,2025-08-12,7,15,5,Seguradora Aliança,2160.0
4005,2025-08-12,7,15,6,Seguradora Aliança,2280.0
4006,2025-08-12,7,15,7,Seguradora Aliança,2280.0
4007,2025-08-12,7,16,7,OfficeMax Atacado,1311.41
4008,2025-08-12,7,15,8,Seguradora Aliança,2160.0
4009,2025-08-13,2,5,2,Influenciadores & Afiliados,2270.25
4010,2025-08-13,6,7,4,Correios Corporativo,2281.04
4011,2025-08-13,2,5,5,Google Ads,4779.43
4012,2025-08-13,2,5,8,Google Ads,4966.71
4013,2025-08-14,5,17,5,Adquirentes (cartão/PIX),3427.09
4014,2025-08-14,7,16,8,OfficeMax Atacado,955.85
4015,2025-08-15,2,5,1,Google Ads,20209.28
4016,2025-08-15,4,14,1,Instituto Aprender,19457.36
4017,2025-08-15,7,10,1,Concessionária Local SP,13061.67
4018,2025-08-15,7,10,2,Concessionária Local RJ,8405.29
4019,2025-08-15,7,10,3,Concessionária Local MG,7350.93
4020,2025-08-15,7,10,4,Concessionária Local PR,6727.47
4021,2025-08-15,7,10,5,Concessionária Local RS,5849.67
4022,2025-08-15,2,5,6,Influenciadores & Afiliados,1261.03
4023,2025-08-15,7,10,6,Concessionária Local DF,6320.89
4024,2025-08-15,7,10,7,Concessionária Local BA,6115.4
4025,2025-08-15,7,10,8,Concessionária Local PE,5870.2
4026,2025-08-16,1,4,4,Folha de Comissões,7256.1
4027,2025-08-16,2,5,4,Influenciadores & Afiliados,1466.67
4028,2025-08-16,5,17,7,Adquirentes (cartão/PIX),2545.05
4029,2025-08-17,5,12,1,Consultoria Alvo,16200.98
4030,2025-08-17,6,7,1,Correios Corporativo,6230.89
4031,2025-08-17,1,13,2,Locadora Frota Viva,7458.57
4032,2025-08-17,6,7,2,RodoFácil Transportes,3987.2
4033,2025-08-17,5,17,7,Comissão de Marketplaces,3066.59
4034,2025-08-18,6,7,1,RodoFácil Transportes,9346.33
4035,2025-08-18,2,5,4,Meta Ads,4840.0
4036,2025-08-18,6,7,5,Correios Corporativo,1559.14
4037,2025-08-18,6,7,6,RodoFácil Transportes,2756.67
4038,2025-08-18,1,13,8,Locadora Frota Viva,3482.82
4039,2025-08-18,5,17,8,Comissão de Marketplaces,3889.97
4040,2025-08-19,2,5,2,Meta Ads,7491.82
4041,2025-08-19,7,16,3,OfficeMax Atacado,1602.91
4042,2025-08-19,2,5,6,Meta Ads,4161.41
4043,2025-08-19,6,8,8,ClimaFix,2763.41
4044,2025-08-20,1,2,1,INSS / FGTS / Encargos,4973.39
4045,2025-08-20,2,2,1,INSS / FGTS / Encargos,16722.83
4046,2025-08-20,3,2,1,INSS / FGTS / Encargos,20672.17
4047,2025-08-20,4,2,1,INSS / FGTS / Encargos,7388.1
4048,2025-08-20,5,2,1,INSS / FGTS / Encargos,9212.3
4049,2025-08-20,6,2,1,INSS / FGTS / Encargos,2687.99
4050,2025-08-20,7,2,1,INSS / FGTS / Encargos,4621.14
4051,2025-08-20,8,2,1,INSS / FGTS / Encargos,27478.91
4052,2025-08-20,1,2,2,INSS / FGTS / Encargos,3343.85
4053,2025-08-20,6,2,2,INSS / FGTS / Encargos,2687.32
4054,2025-08-20,7,2,2,INSS / FGTS / Encargos,1534.75
4055,2025-08-20,1,2,3,INSS / FGTS / Encargos,3330.61
4056,2025-08-20,6,2,3,INSS / FGTS / Encargos,2704.86
4057,2025-08-20,7,2,3,INSS / FGTS / Encargos,1551.99
4058,2025-08-20,1,2,4,INSS / FGTS / Encargos,3314.5
4059,2025-08-20,6,2,4,INSS / FGTS / Encargos,2705.65
4060,2025-08-20,7,2,4,INSS / FGTS / Encargos,1553.97
4061,2025-08-20,1,2,5,INSS / FGTS / Encargos,3333.85
4062,2025-08-20,6,2,5,INSS / FGTS / Encargos,2677.69
4063,2025-08-20,7,2,5,INSS / FGTS / Encargos,1546.47
4064,2025-08-20,1,2,6,INSS / FGTS / Encargos,3303.69
4065,2025-08-20,6,2,6,INSS / FGTS / Encargos,2710.2
4066,2025-08-20,7,2,6,INSS / FGTS / Encargos,1545.23
4067,2025-08-20,1,2,7,INSS / FGTS / Encargos,3347.73
4068,2025-08-20,6,2,7,INSS / FGTS / Encargos,2694.4
4069,2025-08-20,7,2,7,INSS / FGTS / Encargos,1550.03
4070,2025-08-20,1,2,8,INSS / FGTS / Encargos,3349.26
4071,2025-08-20,6,2,8,INSS / FGTS / Encargos,2697.86
4072,2025-08-20,7,2,8,INSS / FGTS / Encargos,1533.52
4073,2025-08-21,2,5,1,TikTok Ads,7217.6
4074,2025-08-22,1,4,1,Folha de Comissões,24093.51
4075,2025-08-22,7,16,1,OfficeMax Atacado,1889.92
4076,2025-08-22,7,16,2,Papelaria Central,1953.17
4077,2025-08-22,1,4,5,Folha de Comissões,6141.24
4078,2025-08-22,5,17,8,Adquirentes (cartão/PIX),4045.05
4079,2025-08-23,5,17,1,Comissão de Marketplaces,14624.01
4080,2025-08-23,5,17,5,Comissão de Marketplaces,7673.75
4081,2025-08-23,6,8,5,ClimaFix,3097.14
4082,2025-08-23,7,16,5,Papelaria Central,1314.72
4083,2025-08-24,6,7,3,TransLog Express,6157.77
4084,2025-08-24,6,7,6,Correios Corporativo,1837.78
4085,2025-08-25,5,18,1,Banco Nacional,7115.01
4086,2025-08-25,5,18,1,Banco do Brasil Corporativo,4269.01
4087,2025-08-25,5,18,1,Cooperativa Crédito,2846.0
4088,2025-08-25,5,17,3,Adquirentes (cartão/PIX),7151.67
4089,2025-08-25,1,4,6,Folha de Comissões,5854.64
4090,2025-08-25,1,4,7,Folha de Comissões,3713.23
4091,2025-08-25,6,7,7,RodoFácil Transportes,1768.52
4092,2025-08-26,5,17,1,Adquirentes (cartão/PIX),16114.46
4093,2025-08-26,2,5,7,Meta Ads,3174.1
4094,2025-08-27,1,4,3,Folha de Comissões,10500.88
4095,2025-08-27,1,13,7,Agência de Viagens Rota,2185.5
4096,2025-08-27,2,5,7,TikTok Ads,1442.77
4097,2025-08-28,6,7,2,TransLog Express,6645.34
4098,2025-08-28,2,5,3,TikTok Ads,2928.91
4099,2025-08-28,6,8,3,Predial Total,3327.11
4100,2025-08-28,6,8,4,Manutec Serviços,4567.45
4101,2025-08-28,1,13,5,Agência de Viagens Rota,4184.4
4102,2025-08-29,1,13,1,Locadora Frota Viva,9105.89
4103,2025-08-29,1,4,2,Folha de Comissões,9318.39
4104,2025-08-29,6,8,2,Manutec Serviços,5879.26
4105,2025-08-29,2,5,3,Google Ads,8200.96
4106,2025-08-29,1,13,6,Locadora Frota Viva,3677.7
4107,2025-08-29,2,5,6,Google Ads,5296.34
4108,2025-08-30,6,7,1,TransLog Express,15577.22
4109,2025-08-30,6,7,8,Correios Corporativo,1602.99
4110,2025-08-31,6,8,1,Manutec Serviços,7766.92
4111,2025-08-31,7,16,6,OfficeMax Atacado,904.97
4112,2025-08-31,2,5,8,Influenciadores & Afiliados,1182.55
4113,2025-08-31,6,7,8,TransLog Express,4007.48
4114,2025-09-01,1,3,1,Benefícios Corporativos (VR/VA/Plano),3594.59
4115,2025-09-01,2,3,1,Benefícios Corporativos (VR/VA/Plano),7051.34
4116,2025-09-01,3,3,1,Benefícios Corporativos (VR/VA/Plano),6024.92
4117,2025-09-01,4,3,1,Benefícios Corporativos (VR/VA/Plano),3558.32
4118,2025-09-01,5,3,1,Benefícios Corporativos (VR/VA/Plano),4710.05
4119,2025-09-01,6,3,1,Benefícios Corporativos (VR/VA/Plano),2329.36
4120,2025-09-01,7,3,1,Benefícios Corporativos (VR/VA/Plano),3572.1
4121,2025-09-01,8,3,1,Benefícios Corporativos (VR/VA/Plano),7007.74
4122,2025-09-01,1,3,2,Benefícios Corporativos (VR/VA/Plano),2359.61
4123,2025-09-01,6,3,2,Benefícios Corporativos (VR/VA/Plano),2364.19
4124,2025-09-01,7,3,2,Benefícios Corporativos (VR/VA/Plano),1205.12
4125,2025-09-01,1,3,3,Benefícios Corporativos (VR/VA/Plano),2346.1
4126,2025-09-01,6,3,3,Benefícios Corporativos (VR/VA/Plano),2347.16
4127,2025-09-01,7,3,3,Benefícios Corporativos (VR/VA/Plano),1206.73
4128,2025-09-01,1,3,4,Benefícios Corporativos (VR/VA/Plano),2332.57
4129,2025-09-01,6,3,4,Benefícios Corporativos (VR/VA/Plano),2361.34
4130,2025-09-01,7,3,4,Benefícios Corporativos (VR/VA/Plano),1195.25
4131,2025-09-01,1,3,5,Benefícios Corporativos (VR/VA/Plano),2373.6
4132,2025-09-01,6,3,5,Benefícios Corporativos (VR/VA/Plano),2373.44
4133,2025-09-01,7,3,5,Benefícios Corporativos (VR/VA/Plano),1192.06
4134,2025-09-01,1,3,6,Benefícios Corporativos (VR/VA/Plano),2392.43
4135,2025-09-01,6,3,6,Benefícios Corporativos (VR/VA/Plano),2412.57
4136,2025-09-01,7,3,6,Benefícios Corporativos (VR/VA/Plano),1179.21
4137,2025-09-01,1,3,7,Benefícios Corporativos (VR/VA/Plano),2371.85
4138,2025-09-01,6,3,7,Benefícios Corporativos (VR/VA/Plano),2378.68
4139,2025-09-01,7,3,7,Benefícios Corporativos (VR/VA/Plano),1189.26
4140,2025-09-01,1,3,8,Benefícios Corporativos (VR/VA/Plano),2402.63
4141,2025-09-01,2,5,8,TikTok Ads,1725.34
4142,2025-09-01,6,3,8,Benefícios Corporativos (VR/VA/Plano),2336.54
4143,2025-09-01,7,3,8,Benefícios Corporativos (VR/VA/Plano),1202.59
4144,2025-09-02,2,5,4,Influenciadores & Afiliados,1553.98
4145,2025-09-02,6,7,6,TransLog Express,3505.14
4146,2025-09-02,2,5,8,Influenciadores & Afiliados,1150.23
4147,2025-09-03,5,17,5,Comissão de Marketplaces,8681.97
4148,2025-09-03,2,5,6,Influenciadores & Afiliados,1346.7
4149,2025-09-03,1,13,7,Locadora Frota Viva,2370.86
4150,2025-09-03,6,7,7,RodoFácil Transportes,2636.51
4151,2025-09-03,6,7,8,TransLog Express,4843.83
4152,2025-09-04,6,7,5,TransLog Express,5300.3
4153,2025-09-04,6,8,7,Manutec Serviços,4468.92
4154,2025-09-05,1,1,1,Folha de Pagamento,13808.27
4155,2025-09-05,2,1,1,Folha de Pagamento,45898.29
4156,2025-09-05,3,1,1,Folha de Pagamento,58159.89
4157,2025-09-05,4,1,1,Folha de Pagamento,20445.77
4158,2025-09-05,5,1,1,Folha de Pagamento,34355.71
4159,2025-09-05,6,1,1,Folha de Pagamento,7494.82
4160,2025-09-05,7,1,1,Folha de Pagamento,12915.9
4161,2025-09-05,8,1,1,Folha de Pagamento,75979.23
4162,2025-09-05,1,1,2,Folha de Pagamento,9305.05
4163,2025-09-05,6,1,2,Folha de Pagamento,7488.12
4164,2025-09-05,7,1,2,Folha de Pagamento,4299.55
4165,2025-09-05,1,1,3,Folha de Pagamento,9255.5
4166,2025-09-05,6,1,3,Folha de Pagamento,7477.15
4167,2025-09-05,7,1,3,Folha de Pagamento,4271.98
4168,2025-09-05,1,1,4,Folha de Pagamento,9269.66
4169,2025-09-05,6,1,4,Folha de Pagamento,7478.68
4170,2025-09-05,7,1,4,Folha de Pagamento,4274.12
4171,2025-09-05,1,1,5,Folha de Pagamento,9184.02
4172,2025-09-05,6,1,5,Folha de Pagamento,7503.25
4173,2025-09-05,7,1,5,Folha de Pagamento,4276.33
4174,2025-09-05,7,16,5,OfficeMax Atacado,855.83
4175,2025-09-05,1,1,6,Folha de Pagamento,9204.19
4176,2025-09-05,1,13,6,Locadora Frota Viva,3857.0
4177,2025-09-05,6,1,6,Folha de Pagamento,7475.6
4178,2025-09-05,6,7,6,RodoFácil Transportes,2103.09
4179,2025-09-05,7,1,6,Folha de Pagamento,4272.53
4180,2025-09-05,1,1,7,Folha de Pagamento,9308.97
4181,2025-09-05,6,1,7,Folha de Pagamento,7454.83
4182,2025-09-05,6,7,7,Correios Corporativo,1757.67
4183,2025-09-05,7,1,7,Folha de Pagamento,4309.38
4184,2025-09-05,1,1,8,Folha de Pagamento,9282.28
4185,2025-09-05,6,1,8,Folha de Pagamento,7444.43
4186,2025-09-05,7,1,8,Folha de Pagamento,4305.36
4187,2025-09-07,2,5,1,Google Ads,19271.84
4188,2025-09-07,6,7,1,RodoFácil Transportes,9964.55
4189,2025-09-07,5,17,3,Adquirentes (cartão/PIX),6829.37
4190,2025-09-07,6,7,5,Correios Corporativo,2120.12
4191,2025-09-08,3,11,1,CloudSoft Infra,22572.0
4192,2025-09-08,3,11,1,Licenças Corp Brasil,12312.0
4193,2025-09-08,3,11,1,DevTools Pro,6156.0
4194,2025-09-08,6,8,2,ClimaFix,5899.94
4195,2025-09-08,2,5,3,TikTok Ads,2934.7
4196,2025-09-08,6,7,5,RodoFácil Transportes,3180.18
4197,2025-09-08,1,4,6,Folha de Comissões,5555.2
4198,2025-09-09,1,4,1,Folha de Comissões,26241.32
4199,2025-09-09,2,5,1,TikTok Ads,6882.8
4200,2025-09-09,6,8,3,ClimaFix,4901.57
4201,2025-09-09,7,16,3,OfficeMax Atacado,1051.46
4202,2025-09-09,1,13,4,Agência de Viagens Rota,2818.23
4203,2025-09-09,2,5,7,Influenciadores & Afiliados,1119.58
4204,2025-09-09,2,5,8,Google Ads,4830.95
4205,2025-09-09,6,7,8,RodoFácil Transportes,2906.3
4206,2025-09-10,7,9,1,Locadora Imóveis São Paulo,31260.0
4207,2025-09-10,7,9,2,Locadora Imóveis Rio de Janeiro,15630.0
4208,2025-09-10,7,9,3,Locadora Imóveis Belo Horizonte,10420.0
4209,2025-09-10,7,9,4,Locadora Imóveis Curitiba,9899.0
4210,2025-09-10,7,9,5,Locadora Imóveis Porto Alegre,8857.0
4211,2025-09-10,7,9,6,Locadora Imóveis Brasília,10941.0
4212,2025-09-10,7,9,7,Locadora Imóveis Salvador,8857.0
4213,2025-09-10,6,8,8,Manutec Serviços,3559.37
4214,2025-09-10,7,9,8,Locadora Imóveis Recife,8857.0
4215,2025-09-11,2,5,5,Meta Ads,4004.73
4216,2025-09-11,6,8,6,ClimaFix,2341.44
4217,2025-09-12,7,15,1,Seguradora Aliança,4800.0
4218,2025-09-12,2,5,2,Google Ads,8848.02
4219,2025-09-12,2,5,2,Meta Ads,6952.01
4220,2025-09-12,7,15,2,Seguradora Aliança,3000.0
4221,2025-09-12,6,7,3,Correios Corporativo,3268.93
4222,2025-09-12,7,15,3,Seguradora Aliança,2520.0
4223,2025-09-12,7,15,4,Seguradora Aliança,2400.0
4224,2025-09-12,7,15,5,Seguradora Aliança,2160.0
4225,2025-09-12,2,5,6,Meta Ads,4444.11
4226,2025-09-12,7,15,6,Seguradora Aliança,2280.0
4227,2025-09-12,7,15,7,Seguradora Aliança,2280.0
4228,2025-09-12,1,4,8,Folha de Comissões,7449.95
4229,2025-09-12,7,15,8,Seguradora Aliança,2160.0
4230,2025-09-13,5,17,1,Comissão de Marketplaces,21003.56
4231,2025-09-13,6,7,2,TransLog Express,10071.85
4232,2025-09-13,6,7,3,TransLog Express,8172.32
4233,2025-09-13,1,13,5,Locadora Frota Viva,2456.38
4234,2025-09-13,2,5,5,Influenciadores & Afiliados,1213.55
4235,2025-09-13,2,6,6,Patrocínio Esporte Local,3478.34
4236,2025-09-14,2,6,1,Feira Office Brasil,11692.54
4237,2025-09-14,4,14,1,Instituto Aprender,4590.9
4238,2025-09-14,2,5,2,TikTok Ads,3160.01
4239,2025-09-14,5,17,2,Comissão de Marketplaces,8804.18
4240,2025-09-14,5,17,5,Adquirentes (cartão/PIX),4708.54
4241,2025-09-15,7,10,1,Concessionária Local SP,13066.79
4242,2025-09-15,7,10,2,Concessionária Local RJ,7746.46
4243,2025-09-15,7,16,2,OfficeMax Atacado,1608.62
4244,2025-09-15,7,10,3,Concessionária Local MG,6610.27
4245,2025-09-15,7,10,4,Concessionária Local PR,6421.29
4246,2025-09-15,7,10,5,Concessionária Local RS,6179.26
4247,2025-09-15,2,5,6,TikTok Ads,2020.05
4248,2025-09-15,7,10,6,Concessionária Local DF,6088.1
4249,2025-09-15,1,4,7,Folha de Comissões,6179.03
4250,2025-09-15,7,10,7,Concessionária Local BA,6557.08
4251,2025-09-15,7,10,8,Concessionária Local PE,6458.82
4252,2025-09-16,6,7,2,Correios Corporativo,4028.74
4253,2025-09-16,5,17,4,Adquirentes (cartão/PIX),4405.14
4254,2025-09-16,6,7,4,RodoFácil Transportes,1949.83
4255,2025-09-16,5,17,6,Comissão de Marketplaces,3520.55
4256,2025-09-16,2,6,8,Patrocínio Esporte Local,3617.1
4257,2025-09-16,6,7,8,Correios Corporativo,1937.53
4258,2025-09-17,1,13,1,Locadora Frota Viva,16069.16
4259,2025-09-17,2,12,1,Agência Pixel,14510.2
4260,2025-09-17,2,5,3,Meta Ads,6456.33
4261,2025-09-17,2,6,4,Congresso Varejo Tech,4652.65
4262,2025-09-17,6,7,4,Correios Corporativo,1299.89
4263,2025-09-17,7,16,4,OfficeMax Atacado,1193.47
4264,2025-09-17,6,8,5,Manutec Serviços,4798.64
4265,2025-09-17,5,17,6,Adquirentes (cartão/PIX),4125.9
4266,2025-09-18,5,17,2,Adquirentes (cartão/PIX),10112.12
4267,2025-09-18,2,5,5,Google Ads,5096.93
4268,2025-09-19,6,8,1,Manutec Serviços,8207.15
4269,2025-09-19,1,13,2,Locadora Frota Viva,3665.86
4270,2025-09-19,2,5,3,Influenciadores & Afiliados,1956.46
4271,2025-09-19,1,4,4,Folha de Comissões,6234.14
4272,2025-09-19,2,5,4,Meta Ads,5128.12
4273,2025-09-19,2,5,7,Google Ads,4702.22
4274,2025-09-20,1,2,1,INSS / FGTS / Encargos,4970.98
4275,2025-09-20,2,2,1,INSS / FGTS / Encargos,16523.39
4276,2025-09-20,2,5,1,Meta Ads,15142.16
4277,2025-09-20,3,2,1,INSS / FGTS / Encargos,20937.56
4278,2025-09-20,4,2,1,INSS / FGTS / Encargos,7360.48
4279,2025-09-20,5,2,1,INSS / FGTS / Encargos,12368.06
4280,2025-09-20,6,2,1,INSS / FGTS / Encargos,2698.14
4281,2025-09-20,7,2,1,INSS / FGTS / Encargos,4649.72
4282,2025-09-20,8,2,1,INSS / FGTS / Encargos,27352.52
4283,2025-09-20,1,2,2,INSS / FGTS / Encargos,3349.82
4284,2025-09-20,6,2,2,INSS / FGTS / Encargos,2695.72
4285,2025-09-20,6,7,2,RodoFácil Transportes,6043.11
4286,2025-09-20,7,2,2,INSS / FGTS / Encargos,1547.84
4287,2025-09-20,1,2,3,INSS / FGTS / Encargos,3331.98
4288,2025-09-20,6,2,3,INSS / FGTS / Encargos,2691.78
4289,2025-09-20,7,2,3,INSS / FGTS / Encargos,1537.91
4290,2025-09-20,1,2,4,INSS / FGTS / Encargos,3337.08
4291,2025-09-20,2,5,4,Google Ads,6526.7
4292,2025-09-20,6,2,4,INSS / FGTS / Encargos,2692.33
4293,2025-09-20,7,2,4,INSS / FGTS / Encargos,1538.68
4294,2025-09-20,1,2,5,INSS / FGTS / Encargos,3306.25
4295,2025-09-20,6,2,5,INSS / FGTS / Encargos,2701.17
4296,2025-09-20,7,2,5,INSS / FGTS / Encargos,1539.48
4297,2025-09-20,1,2,6,INSS / FGTS / Encargos,3313.51
4298,2025-09-20,6,2,6,INSS / FGTS / Encargos,2691.22
4299,2025-09-20,7,2,6,INSS / FGTS / Encargos,1538.11
4300,2025-09-20,1,2,7,INSS / FGTS / Encargos,3351.23
4301,2025-09-20,6,2,7,INSS / FGTS / Encargos,2683.74
4302,2025-09-20,7,2,7,INSS / FGTS / Encargos,1551.38
4303,2025-09-20,1,2,8,INSS / FGTS / Encargos,3341.62
4304,2025-09-20,6,2,8,INSS / FGTS / Encargos,2679.99
4305,2025-09-20,7,2,8,INSS / FGTS / Encargos,1549.93
4306,2025-09-21,2,6,2,Patrocínio Esporte Local,6794.89
4307,2025-09-21,2,6,3,Patrocínio Esporte Local,5335.82
4308,2025-09-21,5,17,4,Comissão de Marketplaces,1641.33
4309,2025-09-22,3,12,1,Contabilidade & Cia,18116.1
4310,2025-09-22,5,17,1,Adquirentes (cartão/PIX),16581.11
4311,2025-09-22,1,4,3,Folha de Comissões,11836.79
4312,2025-09-22,2,5,4,TikTok Ads,2330.97
4313,2025-09-22,6,7,4,TransLog Express,3249.72
4314,2025-09-22,6,7,7,TransLog Express,4394.18
4315,2025-09-23,6,7,1,TransLog Express,16607.58
4316,2025-09-23,1,13,3,Agência de Viagens Rota,4278.08
4317,2025-09-23,6,8,4,Predial Total,4661.14
4318,2025-09-23,5,17,7,Adquirentes (cartão/PIX),4901.9
4319,2025-09-24,2,6,5,Congresso Varejo Tech,3542.8
4320,2025-09-24,7,16,6,Papelaria Central,1347.76
4321,2025-09-25,2,5,1,Influenciadores & Afiliados,4588.53
4322,2025-09-25,5,18,1,Banco Nacional,7482.58
4323,2025-09-25,5,18,1,Banco do Brasil Corporativo,4489.55
4324,2025-09-25,5,18,1,Cooperativa Crédito,2993.03
4325,2025-09-26,5,12,1,Agência Pixel,7842.63
4326,2025-09-26,2,5,2,Influenciadores & Afiliados,2106.67
4327,2025-09-26,1,4,5,Folha de Comissões,7134.11
4328,2025-09-26,2,5,6,Google Ads,5656.14
4329,2025-09-26,6,7,6,Correios Corporativo,1402.06
4330,2025-09-26,5,17,8,Comissão de Marketplaces,6777.45
4331,2025-09-27,7,16,1,OfficeMax Atacado,2306.06
4332,2025-09-27,7,16,7,OfficeMax Atacado,1339.29
4333,2025-09-28,5,17,3,Comissão de Marketplaces,9271.23
4334,2025-09-28,2,5,7,Meta Ads,3694.6
4335,2025-09-28,2,5,7,TikTok Ads,1679.36
4336,2025-09-28,1,13,8,Locadora Frota Viva,2992.74
4337,2025-09-28,2,5,8,Meta Ads,3795.75
4338,2025-09-28,7,16,8,Papelaria Central,1423.21
4339,2025-09-29,6,7,3,RodoFácil Transportes,4903.39
4340,2025-09-30,6,7,1,Correios Corporativo,6643.03
4341,2025-09-30,1,4,2,Folha de Comissões,13224.42
4342,2025-09-30,2,5,3,Google Ads,8217.15
4343,2025-09-30,2,5,5,TikTok Ads,1820.33
4344,2025-09-30,2,6,7,Congresso Varejo Tech,2928.83
4345,2025-09-30,5,17,7,Comissão de Marketplaces,2491.24
4346,2025-09-30,5,17,8,Adquirentes (cartão/PIX),4411.35
4347,2025-10-01,1,3,1,Benefícios Corporativos (VR/VA/Plano),3605.76
4348,2025-10-01,2,3,1,Benefícios Corporativos (VR/VA/Plano),5884.69
4349,2025-10-01,2,5,1,TikTok Ads,13028.19
4350,2025-10-01,3,3,1,Benefícios Corporativos (VR/VA/Plano),5919.77
4351,2025-10-01,4,3,1,Benefícios Corporativos (VR/VA/Plano),3561.53
4352,2025-10-01,5,3,1,Benefícios Corporativos (VR/VA/Plano),4754.82
4353,2025-10-01,6,3,1,Benefícios Corporativos (VR/VA/Plano),2356.72
4354,2025-10-01,6,7,1,TransLog Express,19569.39
4355,2025-10-01,7,3,1,Benefícios Corporativos (VR/VA/Plano),3586.11
4356,2025-10-01,8,3,1,Benefícios Corporativos (VR/VA/Plano),7052.43
4357,2025-10-01,1,3,2,Benefícios Corporativos (VR/VA/Plano),2383.29
4358,2025-10-01,6,3,2,Benefícios Corporativos (VR/VA/Plano),2329.72
4359,2025-10-01,7,3,2,Benefícios Corporativos (VR/VA/Plano),1199.32
4360,2025-10-01,1,3,3,Benefícios Corporativos (VR/VA/Plano),2402.33
4361,2025-10-01,6,3,3,Benefícios Corporativos (VR/VA/Plano),2351.65
4362,2025-10-01,7,3,3,Benefícios Corporativos (VR/VA/Plano),1183.02
4363,2025-10-01,1,3,4,Benefícios Corporativos (VR/VA/Plano),2397.29
4364,2025-10-01,2,5,4,Google Ads,11022.16
4365,2025-10-01,6,3,4,Benefícios Corporativos (VR/VA/Plano),2357.41
4366,2025-10-01,7,3,4,Benefícios Corporativos (VR/VA/Plano),1179.28
4367,2025-10-01,1,3,5,Benefícios Corporativos (VR/VA/Plano),2367.75
4368,2025-10-01,6,3,5,Benefícios Corporativos (VR/VA/Plano),2415.85
4369,2025-10-01,7,3,5,Benefícios Corporativos (VR/VA/Plano),1180.96
4370,2025-10-01,1,3,6,Benefícios Corporativos (VR/VA/Plano),2368.43
4371,2025-10-01,1,13,6,Locadora Frota Viva,3138.23
4372,2025-10-01,2,5,6,Google Ads,9324.76
4373,2025-10-01,2,5,6,Influenciadores & Afiliados,2220.18
4374,2025-10-01,6,3,6,Benefícios Corporativos (VR/VA/Plano),2360.5
4375,2025-10-01,7,3,6,Benefícios Corporativos (VR/VA/Plano),1174.23
4376,2025-10-01,1,3,7,Benefícios Corporativos (VR/VA/Plano),2369.9
4377,2025-10-01,5,17,7,Comissão de Marketplaces,6117.84
4378,2025-10-01,6,3,7,Benefícios Corporativos (VR/VA/Plano),2368.0
4379,2025-10-01,7,3,7,Benefícios Corporativos (VR/VA/Plano),1184.22
4380,2025-10-01,1,3,8,Benefícios Corporativos (VR/VA/Plano),2378.59
4381,2025-10-01,6,3,8,Benefícios Corporativos (VR/VA/Plano),2376.76
4382,2025-10-01,7,3,8,Benefícios Corporativos (VR/VA/Plano),1163.01
4383,2025-10-02,6,7,3,Correios Corporativo,3114.17
4384,2025-10-02,6,8,5,Manutec Serviços,3611.87
4385,2025-10-03,2,5,1,Google Ads,36478.94
4386,2025-10-03,2,5,4,TikTok Ads,3936.48
4387,2025-10-03,5,17,6,Adquirentes (cartão/PIX),4624.01
4388,2025-10-03,6,7,8,RodoFácil Transportes,2001.16
4389,2025-10-04,5,17,5,Comissão de Marketplaces,4523.46
4390,2025-10-05,1,1,1,Folha de Pagamento,13904.7
4391,2025-10-05,2,1,1,Folha de Pagamento,38376.55
4392,2025-10-05,2,5,1,Meta Ads,28662.02
4393,2025-10-05,3,1,1,Folha de Pagamento,58162.72
4394,2025-10-05,4,1,1,Folha de Pagamento,20338.54
4395,2025-10-05,5,1,1,Folha de Pagamento,34322.08
4396,2025-10-05,6,1,1,Folha de Pagamento,7530.36
4397,2025-10-05,6,8,1,Predial Total,5100.79
4398,2025-10-05,7,1,1,Folha de Pagamento,12842.84
4399,2025-10-05,8,1,1,Folha de Pagamento,75865.15
4400,2025-10-05,1,1,2,Folha de Pagamento,9279.44
4401,2025-10-05,6,1,2,Folha de Pagamento,7464.64
4402,2025-10-05,7,1,2,Folha de Pagamento,4314.32
4403,2025-10-05,1,1,3,Folha de Pagamento,9218.75
4404,2025-10-05,6,1,3,Folha de Pagamento,7518.61
4405,2025-10-05,7,1,3,Folha de Pagamento,4316.07
4406,2025-10-05,1,1,4,Folha de Pagamento,9297.62
4407,2025-10-05,2,5,4,Influenciadores & Afiliados,2624.32
4408,2025-10-05,6,1,4,Folha de Pagamento,7533.93
4409,2025-10-05,7,1,4,Folha de Pagamento,4286.9
4410,2025-10-05,1,1,5,Folha de Pagamento,9272.38
4411,2025-10-05,2,5,5,TikTok Ads,3142.13
4412,2025-10-05,6,1,5,Folha de Pagamento,7426.36
4413,2025-10-05,7,1,5,Folha de Pagamento,4271.97
4414,2025-10-05,1,1,6,Folha de Pagamento,9247.44
4415,2025-10-05,6,1,6,Folha de Pagamento,7502.08
4416,2025-10-05,7,1,6,Folha de Pagamento,4265.66
4417,2025-10-05,7,16,6,OfficeMax Atacado,1586.47
4418,2025-10-05,1,1,7,Folha de Pagamento,9202.2
4419,2025-10-05,6,1,7,Folha de Pagamento,7478.96
4420,2025-10-05,7,1,7,Folha de Pagamento,4309.53
4421,2025-10-05,1,1,8,Folha de Pagamento,9251.39
4422,2025-10-05,6,1,8,Folha de Pagamento,7534.87
4423,2025-10-05,7,1,8,Folha de Pagamento,4258.58
4424,2025-10-06,2,5,1,Influenciadores & Afiliados,8685.46
4425,2025-10-06,7,16,5,Papelaria Central,952.13
4426,2025-10-07,6,8,3,Manutec Serviços,3711.2
4427,2025-10-07,7,16,8,OfficeMax Atacado,1116.26
4428,2025-10-08,3,11,1,CloudSoft Infra,22655.6
4429,2025-10-08,3,11,1,Licenças Corp Brasil,12357.6
4430,2025-10-08,3,11,1,DevTools Pro,6178.8
4431,2025-10-08,6,7,7,TransLog Express,4628.21
4432,2025-10-08,2,5,8,Influenciadores & Afiliados,2001.16
4433,2025-10-10,7,9,1,Locadora Imóveis São Paulo,31260.0
4434,2025-10-10,2,5,2,Google Ads,15658.7
4435,2025-10-10,7,9,2,Locadora Imóveis Rio de Janeiro,15630.0
4436,2025-10-10,7,9,3,Locadora Imóveis Belo Horizonte,10420.0
4437,2025-10-10,7,9,4,Locadora Imóveis Curitiba,9899.0
4438,2025-10-10,7,9,5,Locadora Imóveis Porto Alegre,8857.0
4439,2025-10-10,6,8,6,Predial Total,4705.1
4440,2025-10-10,7,9,6,Locadora Imóveis Brasília,10941.0
4441,2025-10-10,1,4,7,Folha de Comissões,7302.47
4442,2025-10-10,6,7,7,Correios Corporativo,1851.28
4443,2025-10-10,7,9,7,Locadora Imóveis Salvador,8857.0
4444,2025-10-10,1,13,8,Agência de Viagens Rota,3014.2
4445,2025-10-10,2,5,8,Meta Ads,6603.83
4446,2025-10-10,7,9,8,Locadora Imóveis Recife,8857.0
4447,2025-10-11,1,13,1,Agência de Viagens Rota,12694.94
4448,2025-10-11,2,5,6,TikTok Ads,3330.27
4449,2025-10-11,6,7,8,TransLog Express,3335.26
4450,2025-10-12,7,15,1,Seguradora Aliança,4800.0
4451,2025-10-12,7,16,1,OfficeMax Atacado,2263.25
4452,2025-10-12,7,15,2,Seguradora Aliança,3000.0
4453,2025-10-12,7,15,3,Seguradora Aliança,2520.0
4454,2025-10-12,5,17,4,Adquirentes (cartão/PIX),7020.09
4455,2025-10-12,7,15,4,Seguradora Aliança,2400.0
4456,2025-10-12,7,15,5,Seguradora Aliança,2160.0
4457,2025-10-12,2,5,6,Meta Ads,7326.6
4458,2025-10-12,7,15,6,Seguradora Aliança,2280.0
4459,2025-10-12,7,15,7,Seguradora Aliança,2280.0
4460,2025-10-12,7,15,8,Seguradora Aliança,2160.0
4461,2025-10-13,2,5,4,Meta Ads,8660.27
4462,2025-10-13,7,16,4,OfficeMax Atacado,1273.55
4463,2025-10-13,5,17,5,Adquirentes (cartão/PIX),5152.63
4464,2025-10-14,5,17,2,Adquirentes (cartão/PIX),10680.55
4465,2025-10-14,6,7,2,Correios Corporativo,3863.5
4466,2025-10-14,1,4,3,Folha de Comissões,13009.33
4467,2025-10-14,2,5,3,TikTok Ads,5252.11
4468,2025-10-14,2,5,7,Meta Ads,6813.89
4469,2025-10-14,2,5,7,Influenciadores & Afiliados,2064.81
4470,2025-10-14,1,4,8,Folha de Comissões,6313.45
4471,2025-10-15,6,7,1,Correios Corporativo,7827.75
4472,2025-10-15,7,10,1,Concessionária Local SP,12933.54
4473,2025-10-15,2,5,2,TikTok Ads,5592.39
4474,2025-10-15,7,10,2,Concessionária Local RJ,8091.87
4475,2025-10-15,2,5,3,Google Ads,14705.92
4476,2025-10-15,7,10,3,Concessionária Local MG,6809.04
4477,2025-10-15,6,8,4,ClimaFix,5662.4
4478,2025-10-15,7,10,4,Concessionária Local PR,6445.85
4479,2025-10-15,7,10,5,Concessionária Local RS,5970.54
4480,2025-10-15,7,10,6,Concessionária Local DF,6644.67
4481,2025-10-15,7,10,7,Concessionária Local BA,6330.53
4482,2025-10-15,7,10,8,Concessionária Local PE,6252.39
4483,2025-10-16,3,12,1,Agência Pixel,18707.76
4484,2025-10-16,7,16,3,Papelaria Central,1629.14
4485,2025-10-16,1,4,6,Folha de Comissões,6544.67
4486,2025-10-16,5,17,6,Comissão de Marketplaces,5228.18
4487,2025-10-16,5,17,7,Adquirentes (cartão/PIX),4938.04
4488,2025-10-17,1,4,4,Folha de Comissões,11697.83
4489,2025-10-17,2,5,5,Influenciadores & Afiliados,2094.76
4490,2025-10-18,5,17,1,Comissão de Marketplaces,15801.7
4491,2025-10-18,5,17,3,Adquirentes (cartão/PIX),7948.35
4492,2025-10-18,2,5,5,Google Ads,8797.97
4493,2025-10-18,2,5,7,Google Ads,8672.22
4494,2025-10-18,6,7,7,RodoFácil Transportes,2776.93
4495,2025-10-18,7,16,7,OfficeMax Atacado,1320.18
4496,2025-10-18,2,5,8,Google Ads,8404.88
4497,2025-10-18,2,5,8,TikTok Ads,3001.74
4498,2025-10-19,7,16,2,OfficeMax Atacado,1936.14
4499,2025-10-19,2,5,3,Meta Ads,11554.65
4500,2025-10-20,1,2,1,INSS / FGTS / Encargos,5005.69
4501,2025-10-20,2,2,1,INSS / FGTS / Encargos,13815.56
4502,2025-10-20,3,2,1,INSS / FGTS / Encargos,20938.58
4503,2025-10-20,4,2,1,INSS / FGTS / Encargos,7321.87
4504,2025-10-20,5,2,1,INSS / FGTS / Encargos,12355.95
4505,2025-10-20,6,2,1,INSS / FGTS / Encargos,2710.93
4506,2025-10-20,7,2,1,INSS / FGTS / Encargos,4623.42
4507,2025-10-20,8,2,1,INSS / FGTS / Encargos,27311.45
4508,2025-10-20,1,2,2,INSS / FGTS / Encargos,3340.6
4509,2025-10-20,6,2,2,INSS / FGTS / Encargos,2687.27
4510,2025-10-20,7,2,2,INSS / FGTS / Encargos,1553.16
4511,2025-10-20,1,2,3,INSS / FGTS / Encargos,3318.75
4512,2025-10-20,2,5,3,Influenciadores & Afiliados,3501.41
4513,2025-10-20,6,2,3,INSS / FGTS / Encargos,2706.7
4514,2025-10-20,7,2,3,INSS / FGTS / Encargos,1553.79
4515,2025-10-20,1,2,4,INSS / FGTS / Encargos,3347.14
4516,2025-10-20,6,2,4,INSS / FGTS / Encargos,2712.22
4517,2025-10-20,7,2,4,INSS / FGTS / Encargos,1543.28
4518,2025-10-20,1,2,5,INSS / FGTS / Encargos,3338.06
4519,2025-10-20,1,4,5,Folha de Comissões,7162.99
4520,2025-10-20,6,2,5,INSS / FGTS / Encargos,2673.49
4521,2025-10-20,7,2,5,INSS / FGTS / Encargos,1537.91
4522,2025-10-20,1,2,6,INSS / FGTS / Encargos,3329.08
4523,2025-10-20,6,2,6,INSS / FGTS / Encargos,2700.75
4524,2025-10-20,7,2,6,INSS / FGTS / Encargos,1535.64
4525,2025-10-20,1,2,7,INSS / FGTS / Encargos,3312.79
4526,2025-10-20,6,2,7,INSS / FGTS / Encargos,2692.42
4527,2025-10-20,7,2,7,INSS / FGTS / Encargos,1551.43
4528,2025-10-20,1,2,8,INSS / FGTS / Encargos,3330.5
4529,2025-10-20,5,17,8,Adquirentes (cartão/PIX),4286.56
4530,2025-10-20,6,2,8,INSS / FGTS / Encargos,2712.55
4531,2025-10-20,7,2,8,INSS / FGTS / Encargos,1533.09
4532,2025-10-21,5,17,3,Comissão de Marketplaces,3291.6
4533,2025-10-22,1,13,2,Locadora Frota Viva,6753.36
4534,2025-10-22,1,13,4,Agência de Viagens Rota,4513.28
4535,2025-10-22,6,7,8,Correios Corporativo,1334.1
4536,2025-10-23,2,12,1,Agência Pixel,14963.15
4537,2025-10-23,6,7,5,Correios Corporativo,1863.06
4538,2025-10-23,6,7,6,RodoFácil Transportes,2884.23
4539,2025-10-24,6,7,2,RodoFácil Transportes,5795.25
4540,2025-10-24,1,13,3,Locadora Frota Viva,5392.8
4541,2025-10-24,6,8,7,ClimaFix,3795.82
4542,2025-10-24,6,8,8,Predial Total,5271.16
4543,2025-10-25,5,18,1,Banco Nacional,7453.02
4544,2025-10-25,5,18,1,Banco do Brasil Corporativo,4471.81
4545,2025-10-25,5,18,1,Cooperativa Crédito,2981.21
4546,2025-10-25,6,7,6,TransLog Express,4807.04
4547,2025-10-26,6,7,1,RodoFácil Transportes,11741.63
4548,2025-10-26,2,5,2,Meta Ads,12303.26
4549,2025-10-26,5,17,4,Comissão de Marketplaces,4369.92
4550,2025-10-26,6,7,4,TransLog Express,7402.05
4551,2025-10-26,6,7,4,Correios Corporativo,2960.82
4552,2025-10-27,6,7,4,RodoFácil Transportes,4441.23
4553,2025-10-27,1,13,7,Locadora Frota Viva,4646.51
4554,2025-10-28,5,17,2,Comissão de Marketplaces,9626.39
4555,2025-10-28,6,7,2,TransLog Express,9658.75
4556,2025-10-28,6,7,5,TransLog Express,4657.66
4557,2025-10-28,6,7,5,RodoFácil Transportes,2794.6
4558,2025-10-29,4,14,1,Instituto Aprender,5599.01
4559,2025-10-29,6,7,3,RodoFácil Transportes,4671.25
4560,2025-10-29,6,7,6,Correios Corporativo,1922.82
4561,2025-10-30,2,5,2,Influenciadores & Afiliados,3728.26
4562,2025-10-30,1,13,5,Locadora Frota Viva,2346.07
4563,2025-10-30,2,5,5,Meta Ads,6912.69
4564,2025-10-31,1,4,1,Folha de Comissões,28252.29
4565,2025-10-31,5,17,1,Adquirentes (cartão/PIX),19786.65
4566,2025-10-31,1,4,2,Folha de Comissões,14310.26
4567,2025-10-31,6,8,2,ClimaFix,4232.59
4568,2025-10-31,6,7,3,TransLog Express,7785.42
4569,2025-10-31,2,5,7,TikTok Ads,3097.22
4570,2025-10-31,5,17,8,Comissão de Marketplaces,1660.65
4571,2025-11-01,1,3,1,Benefícios Corporativos (VR/VA/Plano),4770.02
4572,2025-11-01,1,13,1,Agência de Viagens Rota,18495.79
4573,2025-11-01,2,3,1,Benefícios Corporativos (VR/VA/Plano),5948.34
4574,2025-11-01,3,3,1,Benefícios Corporativos (VR/VA/Plano),6028.72
4575,2025-11-01,4,3,1,Benefícios Corporativos (VR/VA/Plano),3560.47
4576,2025-11-01,5,3,1,Benefícios Corporativos (VR/VA/Plano),4710.39
4577,2025-11-01,6,3,1,Benefícios Corporativos (VR/VA/Plano),2356.98
4578,2025-11-01,7,3,1,Benefícios Corporativos (VR/VA/Plano),3603.26
4579,2025-11-01,8,3,1,Benefícios Corporativos (VR/VA/Plano),7248.67
4580,2025-11-01,1,3,2,Benefícios Corporativos (VR/VA/Plano),2352.17
4581,2025-11-01,6,3,2,Benefícios Corporativos (VR/VA/Plano),2414.38
4582,2025-11-01,6,8,2,Manutec Serviços,6525.06
4583,2025-11-01,7,3,2,Benefícios Corporativos (VR/VA/Plano),1171.83
4584,2025-11-01,1,3,3,Benefícios Corporativos (VR/VA/Plano),2347.83
4585,2025-11-01,1,13,3,Locadora Frota Viva,8148.18
4586,2025-11-01,6,3,3,Benefícios Corporativos (VR/VA/Plano),2411.42
4587,2025-11-01,7,3,3,Benefícios Corporativos (VR/VA/Plano),1198.4
4588,2025-11-01,1,3,4,Benefícios Corporativos (VR/VA/Plano),2326.57
4589,2025-11-01,1,13,4,Agência de Viagens Rota,6301.35
4590,2025-11-01,6,3,4,Benefícios Corporativos (VR/VA/Plano),2393.27
4591,2025-11-01,7,3,4,Benefícios Corporativos (VR/VA/Plano),1170.02
4592,2025-11-01,1,3,5,Benefícios Corporativos (VR/VA/Plano),2394.09
4593,2025-11-01,6,3,5,Benefícios Corporativos (VR/VA/Plano),2371.24
4594,2025-11-01,7,3,5,Benefícios Corporativos (VR/VA/Plano),1190.11
4595,2025-11-01,1,3,6,Benefícios Corporativos (VR/VA/Plano),2386.28
4596,2025-11-01,6,3,6,Benefícios Corporativos (VR/VA/Plano),2369.22
4597,2025-11-01,7,3,6,Benefícios Corporativos (VR/VA/Plano),1161.11
4598,2025-11-01,1,3,7,Benefícios Corporativos (VR/VA/Plano),2351.73
4599,2025-11-01,6,3,7,Benefícios Corporativos (VR/VA/Plano),2404.0
4600,2025-11-01,7,3,7,Benefícios Corporativos (VR/VA/Plano),1170.04
4601,2025-11-01,1,3,8,Benefícios Corporativos (VR/VA/Plano),2350.61
4602,2025-11-01,6,3,8,Benefícios Corporativos (VR/VA/Plano),2337.23
4603,2025-11-01,6,7,8,RodoFácil Transportes,3823.05
4604,2025-11-01,7,3,8,Benefícios Corporativos (VR/VA/Plano),1168.34
4605,2025-11-02,1,4,1,Folha de Comissões,42459.43
4606,2025-11-02,6,7,2,RodoFácil Transportes,7697.53
4607,2025-11-02,2,5,4,TikTok Ads,5582.3
4608,2025-11-02,1,13,5,Locadora Frota Viva,4384.96
4609,2025-11-02,7,16,5,Papelaria Central,1183.94
4610,2025-11-02,1,13,7,Locadora Frota Viva,3912.85
4611,2025-11-03,5,12,1,Contabilidade & Cia,4886.11
4612,2025-11-03,6,7,2,TransLog Express,12829.22
4613,2025-11-03,1,4,3,Folha de Comissões,13651.04
4614,2025-11-03,2,5,4,Google Ads,15630.44
4615,2025-11-03,6,8,4,Manutec Serviços,2236.18
4616,2025-11-03,2,5,5,Influenciadores & Afiliados,2956.41
4617,2025-11-03,2,5,6,TikTok Ads,4596.95
4618,2025-11-03,2,5,7,Meta Ads,9906.27
4619,2025-11-03,5,17,8,Comissão de Marketplaces,9578.72
4620,2025-11-04,2,6,3,Feira Office Brasil,7202.64
4621,2025-11-04,1,4,4,Folha de Comissões,14028.85
4622,2025-11-05,1,1,1,Folha de Pagamento,18519.15
4623,2025-11-05,2,1,1,Folha de Pagamento,38315.33
4624,2025-11-05,3,1,1,Folha de Pagamento,57497.49
4625,2025-11-05,4,1,1,Folha de Pagamento,20354.98
4626,2025-11-05,5,1,1,Folha de Pagamento,34073.66
4627,2025-11-05,6,1,1,Folha de Pagamento,7459.03
4628,2025-11-05,7,1,1,Folha de Pagamento,12916.35
4629,2025-11-05,8,1,1,Folha de Pagamento,76466.99
4630,2025-11-05,1,1,2,Folha de Pagamento,9227.54
4631,2025-11-05,6,1,2,Folha de Pagamento,7523.66
4632,2025-11-05,7,1,2,Folha de Pagamento,4293.04
4633,2025-11-05,1,1,3,Folha de Pagamento,9290.87
4634,2025-11-05,2,5,3,Influenciadores & Afiliados,4767.29
4635,2025-11-05,6,1,3,Folha de Pagamento,7445.63
4636,2025-11-05,7,1,3,Folha de Pagamento,4258.09
4637,2025-11-05,1,1,4,Folha de Pagamento,9265.53
4638,2025-11-05,6,1,4,Folha de Pagamento,7450.68
4639,2025-11-05,7,1,4,Folha de Pagamento,4307.48
4640,2025-11-05,1,1,5,Folha de Pagamento,9201.4
4641,2025-11-05,6,1,5,Folha de Pagamento,7517.01
4642,2025-11-05,7,1,5,Folha de Pagamento,4277.09
4643,2025-11-05,1,1,6,Folha de Pagamento,9303.18
4644,2025-11-05,6,1,6,Folha de Pagamento,7524.65
4645,2025-11-05,7,1,6,Folha de Pagamento,4316.79
4646,2025-11-05,1,1,7,Folha de Pagamento,9195.52
4647,2025-11-05,6,1,7,Folha de Pagamento,7435.81
4648,2025-11-05,7,1,7,Folha de Pagamento,4280.72
4649,2025-11-05,1,1,8,Folha de Pagamento,9250.4
4650,2025-11-05,6,1,8,Folha de Pagamento,7442.47
4651,2025-11-05,7,1,8,Folha de Pagamento,4291.52
4652,2025-11-06,3,12,1,Contabilidade & Cia,16338.28
4653,2025-11-06,5,17,1,Adquirentes (cartão/PIX),22247.34
4654,2025-11-06,5,17,2,Adquirentes (cartão/PIX),10144.07
4655,2025-11-07,6,8,1,Predial Total,4157.97
4656,2025-11-07,2,5,2,Meta Ads,18155.39
4657,2025-11-07,2,6,2,Patrocínio Esporte Local,8517.71
4658,2025-11-07,1,4,5,Folha de Comissões,12314.98
4659,2025-11-08,3,11,1,CloudSoft Infra,22739.2
4660,2025-11-08,3,11,1,Licenças Corp Brasil,12403.2
4661,2025-11-08,3,11,1,DevTools Pro,6201.6
4662,2025-11-08,2,5,8,Meta Ads,9178.18
4663,2025-11-10,7,9,1,Locadora Imóveis São Paulo,31260.0
4664,2025-11-10,7,9,2,Locadora Imóveis Rio de Janeiro,15630.0
4665,2025-11-10,6,7,3,Correios Corporativo,4052.39
4666,2025-11-10,7,9,3,Locadora Imóveis Belo Horizonte,10420.0
4667,2025-11-10,7,9,4,Locadora Imóveis Curitiba,9899.0
4668,2025-11-10,7,9,5,Locadora Imóveis Porto Alegre,8857.0
4669,2025-11-10,7,9,6,Locadora Imóveis Brasília,10941.0
4670,2025-11-10,2,5,7,Google Ads,12607.97
4671,2025-11-10,5,17,7,Comissão de Marketplaces,4544.47
4672,2025-11-10,7,9,7,Locadora Imóveis Salvador,8857.0
4673,2025-11-10,7,9,8,Locadora Imóveis Recife,8857.0
4674,2025-11-11,6,7,5,Correios Corporativo,3393.25
4675,2025-11-12,2,5,1,Meta Ads,40731.09
4676,2025-11-12,5,17,1,Comissão de Marketplaces,26841.73
4677,2025-11-12,7,15,1,Seguradora Aliança,4800.0
4678,2025-11-12,7,15,2,Seguradora Aliança,3000.0
4679,2025-11-12,7,15,3,Seguradora Aliança,2520.0
4680,2025-11-12,7,15,4,Seguradora Aliança,2400.0
4681,2025-11-12,7,15,5,Seguradora Aliança,2160.0
4682,2025-11-12,7,15,6,Seguradora Aliança,2280.0
4683,2025-11-12,2,5,7,TikTok Ads,4502.85
4684,2025-11-12,7,15,7,Seguradora Aliança,2280.0
4685,2025-11-12,5,17,8,Adquirentes (cartão/PIX),5011.84
4686,2025-11-12,6,7,8,TransLog Express,6371.74
4687,2025-11-12,6,7,8,Correios Corporativo,2548.7
4688,2025-11-12,7,15,8,Seguradora Aliança,2160.0
4689,2025-11-13,6,7,7,TransLog Express,7651.81
4690,2025-11-14,2,5,1,Influenciadores & Afiliados,12342.75
4691,2025-11-14,6,7,3,TransLog Express,10130.98
4692,2025-11-14,6,7,5,RodoFácil Transportes,5089.88
4693,2025-11-14,6,8,7,Predial Total,2759.89
4694,2025-11-14,1,13,8,Locadora Frota Viva,4235.27
4695,2025-11-15,7,10,1,Concessionária Local SP,12784.89
4696,2025-11-15,7,10,2,Concessionária Local RJ,8397.47
4697,2025-11-15,7,10,3,Concessionária Local MG,6922.05
4698,2025-11-15,7,10,4,Concessionária Local PR,6296.32
4699,2025-11-15,7,10,5,Concessionária Local RS,6152.52
4700,2025-11-15,5,17,6,Comissão de Marketplaces,5280.85
4701,2025-11-15,6,7,6,Correios Corporativo,2570.55
4702,2025-11-15,7,10,6,Concessionária Local DF,6254.85
4703,2025-11-15,7,10,7,Concessionária Local BA,6758.63
4704,2025-11-15,7,10,8,Concessionária Local PE,5763.05
4705,2025-11-16,7,16,1,OfficeMax Atacado,2343.17
4706,2025-11-16,1,13,2,Agência de Viagens Rota,9465.06
4707,2025-11-16,2,5,2,Google Ads,23106.86
4708,2025-11-16,5,17,3,Adquirentes (cartão/PIX),6935.74
4709,2025-11-16,2,5,5,TikTok Ads,4434.61
4710,2025-11-16,2,6,7,Patrocínio Esporte Local,5158.87
4711,2025-11-17,2,6,1,Patrocínio Esporte Local,15433.09
4712,2025-11-17,5,17,3,Comissão de Marketplaces,9961.49
4713,2025-11-17,6,7,6,RodoFácil Transportes,3855.82
4714,2025-11-18,2,12,1,Consultoria Alvo,12488.1
4715,2025-11-18,6,7,2,Correios Corporativo,5131.69
4716,2025-11-18,6,7,4,Correios Corporativo,3833.34
4717,2025-11-18,6,8,6,Predial Total,2366.1
4718,2025-11-18,6,7,7,RodoFácil Transportes,4591.09
4719,2025-11-19,4,14,1,Instituto Aprender,4410.62
4720,2025-11-19,2,5,5,Meta Ads,9756.14
4721,2025-11-19,2,5,6,Google Ads,12871.45
4722,2025-11-19,2,5,8,TikTok Ads,4171.9
4723,2025-11-20,1,2,1,INSS / FGTS / Encargos,6666.9
4724,2025-11-20,2,2,1,INSS / FGTS / Encargos,13793.52
4725,2025-11-20,3,2,1,INSS / FGTS / Encargos,20699.1
4726,2025-11-20,4,2,1,INSS / FGTS / Encargos,7327.79
4727,2025-11-20,5,2,1,INSS / FGTS / Encargos,12266.52
4728,2025-11-20,6,2,1,INSS / FGTS / Encargos,2685.25
4729,2025-11-20,7,2,1,INSS / FGTS / Encargos,4649.88
4730,2025-11-20,8,2,1,INSS / FGTS / Encargos,27528.12
4731,2025-11-20,1,2,2,INSS / FGTS / Encargos,3321.91
4732,2025-11-20,6,2,2,INSS / FGTS / Encargos,2708.52
4733,2025-11-20,7,2,2,INSS / FGTS / Encargos,1545.49
4734,2025-11-20,1,2,3,INSS / FGTS / Encargos,3344.71
4735,2025-11-20,6,2,3,INSS / FGTS / Encargos,2680.43
4736,2025-11-20,7,2,3,INSS / FGTS / Encargos,1532.91
4737,2025-11-20,1,2,4,INSS / FGTS / Encargos,3335.59
4738,2025-11-20,6,2,4,INSS / FGTS / Encargos,2682.24
4739,2025-11-20,7,2,4,INSS / FGTS / Encargos,1550.69
4740,2025-11-20,1,2,5,INSS / FGTS / Encargos,3312.51
4741,2025-11-20,6,2,5,INSS / FGTS / Encargos,2706.13
4742,2025-11-20,7,2,5,INSS / FGTS / Encargos,1539.75
4743,2025-11-20,1,2,6,INSS / FGTS / Encargos,3349.15
4744,2025-11-20,2,5,6,Influenciadores & Afiliados,3064.63
4745,2025-11-20,6,2,6,INSS / FGTS / Encargos,2708.87
4746,2025-11-20,7,2,6,INSS / FGTS / Encargos,1554.05
4747,2025-11-20,7,16,6,Papelaria Central,1157.28
4748,2025-11-20,1,2,7,INSS / FGTS / Encargos,3310.39
4749,2025-11-20,5,17,7,Adquirentes (cartão/PIX),6789.1
4750,2025-11-20,6,2,7,INSS / FGTS / Encargos,2676.89
4751,2025-11-20,7,2,7,INSS / FGTS / Encargos,1541.06
4752,2025-11-20,1,2,8,INSS / FGTS / Encargos,3330.15
4753,2025-11-20,6,2,8,INSS / FGTS / Encargos,2679.29
4754,2025-11-20,7,2,8,INSS / FGTS / Encargos,1544.95
4755,2025-11-21,6,7,1,Correios Corporativo,10772.96
4756,2025-11-21,6,7,3,RodoFácil Transportes,6078.59
4757,2025-11-21,1,4,8,Folha de Comissões,9747.86
4758,2025-11-22,2,5,2,TikTok Ads,8252.45
4759,2025-11-22,2,5,2,Influenciadores & Afiliados,5501.63
4760,2025-11-22,6,8,3,Predial Total,4140.65
4761,2025-11-22,7,16,3,Papelaria Central,1519.17
4762,2025-11-22,2,5,6,Meta Ads,10113.29
4763,2025-11-22,2,6,8,Patrocínio Esporte Local,4462.66
4764,2025-11-22,7,16,8,OfficeMax Atacado,893.38
4765,2025-11-23,2,5,1,Google Ads,51839.56
4766,2025-11-23,6,7,1,RodoFácil Transportes,16159.44
4767,2025-11-23,5,17,4,Comissão de Marketplaces,9402.98
4768,2025-11-23,7,16,4,Papelaria Central,1349.92
4769,2025-11-23,1,13,6,Locadora Frota Viva,4273.91
4770,2025-11-23,6,8,8,ClimaFix,4187.94
4771,2025-11-24,1,4,2,Folha de Comissões,19027.38
4772,2025-11-24,7,16,2,OfficeMax Atacado,1777.28
4773,2025-11-24,5,17,5,Comissão de Marketplaces,10383.53
4774,2025-11-25,2,5,1,TikTok Ads,18514.13
4775,2025-11-25,5,18,1,Banco Nacional,7538.17
4776,2025-11-25,5,18,1,Banco do Brasil Corporativo,4522.9
4777,2025-11-25,5,18,1,Cooperativa Crédito,3015.27
4778,2025-11-25,2,6,4,Congresso Varejo Tech,5922.42
4779,2025-11-25,5,17,4,Adquirentes (cartão/PIX),7250.75
4780,2025-11-25,6,7,6,TransLog Express,6426.37
4781,2025-11-26,2,5,4,Meta Ads,12281.06
4782,2025-11-26,2,6,6,Patrocínio Esporte Local,4376.24
4783,2025-11-26,1,4,7,Folha de Comissões,12445.08
4784,2025-11-27,2,5,3,Google Ads,20022.62
4785,2025-11-27,2,5,3,Meta Ads,15732.06
4786,2025-11-27,1,4,6,Folha de Comissões,10803.0
4787,2025-11-27,2,5,7,Influenciadores & Afiliados,3001.9
4788,2025-11-28,5,17,2,Comissão de Marketplaces,14716.96
4789,2025-11-28,6,7,4,RodoFácil Transportes,5750.01
4790,2025-11-28,6,8,5,ClimaFix,2832.5
4791,2025-11-28,6,7,7,Correios Corporativo,3060.73
4792,2025-11-28,7,16,7,Papelaria Central,1428.6
4793,2025-11-28,2,5,8,Influenciadores & Afiliados,2781.27
4794,2025-11-29,2,5,5,Google Ads,12416.91
4795,2025-11-29,2,6,5,Congresso Varejo Tech,4739.22
4796,2025-11-30,6,7,1,TransLog Express,26932.41
4797,2025-11-30,2,5,3,TikTok Ads,7150.93
4798,2025-11-30,2,5,4,Influenciadores & Afiliados,3721.53
4799,2025-11-30,6,7,4,TransLog Express,9583.34
4800,2025-11-30,5,17,5,Adquirentes (cartão/PIX),6802.73
4801,2025-11-30,6,7,5,TransLog Express,8483.13
4802,2025-11-30,5,17,6,Adquirentes (cartão/PIX),5667.37
4803,2025-11-30,2,5,8,Google Ads,11681.32
4804,2025-12-01,1,3,1,Benefícios Corporativos (VR/VA/Plano),4743.46
4805,2025-12-01,2,3,1,Benefícios Corporativos (VR/VA/Plano),6024.13
4806,2025-12-01,3,3,1,Benefícios Corporativos (VR/VA/Plano),5858.78
4807,2025-12-01,4,3,1,Benefícios Corporativos (VR/VA/Plano),3579.21
4808,2025-12-01,5,3,1,Benefícios Corporativos (VR/VA/Plano),4738.04
4809,2025-12-01,6,3,1,Benefícios Corporativos (VR/VA/Plano),2366.86
4810,2025-12-01,7,3,1,Benefícios Corporativos (VR/VA/Plano),3610.7
4811,2025-12-01,8,3,1,Benefícios Corporativos (VR/VA/Plano),6968.32
4812,2025-12-01,1,3,2,Benefícios Corporativos (VR/VA/Plano),2412.23
4813,2025-12-01,6,3,2,Benefícios Corporativos (VR/VA/Plano),2385.13
4814,2025-12-01,7,3,2,Benefícios Corporativos (VR/VA/Plano),1167.12
4815,2025-12-01,1,3,3,Benefícios Corporativos (VR/VA/Plano),2339.94
4816,2025-12-01,6,3,3,Benefícios Corporativos (VR/VA/Plano),2394.6
4817,2025-12-01,7,3,3,Benefícios Corporativos (VR/VA/Plano),1200.71
4818,2025-12-01,1,3,4,Benefícios Corporativos (VR/VA/Plano),2385.78
4819,2025-12-01,6,3,4,Benefícios Corporativos (VR/VA/Plano),2322.29
4820,2025-12-01,7,3,4,Benefícios Corporativos (VR/VA/Plano),1198.39
4821,2025-12-01,1,3,5,Benefícios Corporativos (VR/VA/Plano),2391.36
4822,2025-12-01,6,3,5,Benefícios Corporativos (VR/VA/Plano),2337.64
4823,2025-12-01,6,8,5,Manutec Serviços,3077.4
4824,2025-12-01,7,3,5,Benefícios Corporativos (VR/VA/Plano),1165.85
4825,2025-12-01,1,3,6,Benefícios Corporativos (VR/VA/Plano),2377.52
4826,2025-12-01,6,3,6,Benefícios Corporativos (VR/VA/Plano),2387.07
4827,2025-12-01,7,3,6,Benefícios Corporativos (VR/VA/Plano),1180.36
4828,2025-12-01,1,3,7,Benefícios Corporativos (VR/VA/Plano),2408.72
4829,2025-12-01,6,3,7,Benefícios Corporativos (VR/VA/Plano),2373.98
4830,2025-12-01,6,7,7,Correios Corporativo,2572.61
4831,2025-12-01,7,3,7,Benefícios Corporativos (VR/VA/Plano),1192.62
4832,2025-12-01,1,3,8,Benefícios Corporativos (VR/VA/Plano),2358.23
4833,2025-12-01,6,3,8,Benefícios Corporativos (VR/VA/Plano),2334.56
4834,2025-12-01,7,3,8,Benefícios Corporativos (VR/VA/Plano),1206.1
4835,2025-12-02,6,8,1,Manutec Serviços,4357.45
4836,2025-12-02,6,7,4,Correios Corporativo,2707.56
4837,2025-12-02,2,5,6,Meta Ads,8274.34
4838,2025-12-02,2,5,8,Google Ads,9181.89
4839,2025-12-03,5,17,1,Adquirentes (cartão/PIX),21195.78
4840,2025-12-03,6,7,1,Correios Corporativo,9421.5
4841,2025-12-03,6,8,4,Manutec Serviços,3693.59
4842,2025-12-03,6,7,8,Correios Corporativo,2081.58
4843,2025-12-04,2,5,1,Influenciadores & Afiliados,8568.76
4844,2025-12-04,6,7,3,RodoFácil Transportes,5215.89
4845,2025-12-04,6,7,4,RodoFácil Transportes,4061.34
4846,2025-12-05,1,1,1,Folha de Pagamento,18394.75
4847,2025-12-05,2,1,1,Folha de Pagamento,38494.42
4848,2025-12-05,3,1,1,Folha de Pagamento,57534.99
4849,2025-12-05,4,1,1,Folha de Pagamento,20480.95
4850,2025-12-05,5,1,1,Folha de Pagamento,34115.86
4851,2025-12-05,6,1,1,Folha de Pagamento,7429.44
4852,2025-12-05,7,1,1,Folha de Pagamento,12904.97
4853,2025-12-05,8,1,1,Folha de Pagamento,76399.6
4854,2025-12-05,1,1,2,Folha de Pagamento,9233.32
4855,2025-12-05,6,1,2,Folha de Pagamento,7474.31
4856,2025-12-05,7,1,2,Folha de Pagamento,4317.83
4857,2025-12-05,1,1,3,Folha de Pagamento,9187.73
4858,2025-12-05,6,1,3,Folha de Pagamento,7439.34
4859,2025-12-05,7,1,3,Folha de Pagamento,4296.34
4860,2025-12-05,1,1,4,Folha de Pagamento,9230.23
4861,2025-12-05,6,1,4,Folha de Pagamento,7459.06
4862,2025-12-05,6,7,4,TransLog Express,6768.9
4863,2025-12-05,7,1,4,Folha de Pagamento,4290.09
4864,2025-12-05,1,1,5,Folha de Pagamento,9268.0
4865,2025-12-05,6,1,5,Folha de Pagamento,7463.06
4866,2025-12-05,6,7,5,TransLog Express,5372.26
4867,2025-12-05,7,1,5,Folha de Pagamento,4313.02
4868,2025-12-05,1,1,6,Folha de Pagamento,9268.46
4869,2025-12-05,6,1,6,Folha de Pagamento,7501.76
4870,2025-12-05,7,1,6,Folha de Pagamento,4309.72
4871,2025-12-05,1,1,7,Folha de Pagamento,9280.74
4872,2025-12-05,6,1,7,Folha de Pagamento,7518.1
4873,2025-12-05,7,1,7,Folha de Pagamento,4266.49
4874,2025-12-05,1,1,8,Folha de Pagamento,9299.55
4875,2025-12-05,2,5,8,Meta Ads,7214.35
4876,2025-12-05,2,5,8,TikTok Ads,3279.25
4877,2025-12-05,6,1,8,Folha de Pagamento,7451.59
4878,2025-12-05,7,1,8,Folha de Pagamento,4263.0
4879,2025-12-06,1,4,8,Folha de Comissões,7873.28
4880,2025-12-07,6,7,1,TransLog Express,23553.74
4881,2025-12-07,2,5,2,TikTok Ads,5983.27
4882,2025-12-07,1,13,3,Locadora Frota Viva,5616.44
4883,2025-12-07,2,5,5,Meta Ads,6934.27
4884,2025-12-07,6,8,8,ClimaFix,5163.28
4885,2025-12-08,2,5,1,Meta Ads,28276.9
4886,2025-12-08,3,11,1,CloudSoft Infra,22822.8
4887,2025-12-08,3,11,1,Licenças Corp Brasil,12448.8
4888,2025-12-08,3,11,1,DevTools Pro,6224.4
4889,2025-12-08,2,5,2,Influenciadores & Afiliados,3988.84
4890,2025-12-08,2,5,4,Google Ads,12774.33
4891,2025-12-08,2,5,4,Meta Ads,10036.97
4892,2025-12-08,2,5,7,Influenciadores & Afiliados,2404.83
4893,2025-12-08,5,17,7,Comissão de Marketplaces,7925.25
4894,2025-12-09,2,5,6,Influenciadores & Afiliados,2507.37
4895,2025-12-10,2,12,1,Contabilidade & Cia,5606.28
4896,2025-12-10,7,9,1,Locadora Imóveis São Paulo,31260.0
4897,2025-12-10,2,5,2,Meta Ads,13163.18
4898,2025-12-10,5,17,2,Comissão de Marketplaces,11217.53
4899,2025-12-10,7,9,2,Locadora Imóveis Rio de Janeiro,15630.0
4900,2025-12-10,2,5,3,Meta Ads,12115.36
4901,2025-12-10,7,9,3,Locadora Imóveis Belo Horizonte,10420.0
4902,2025-12-10,7,9,4,Locadora Imóveis Curitiba,9899.0
4903,2025-12-10,7,9,5,Locadora Imóveis Porto Alegre,8857.0
4904,2025-12-10,7,9,6,Locadora Imóveis Brasília,10941.0
4905,2025-12-10,1,13,7,Agência de Viagens Rota,3191.7
4906,2025-12-10,7,9,7,Locadora Imóveis Salvador,8857.0
4907,2025-12-10,7,9,8,Locadora Imóveis Recife,8857.0
4908,2025-12-11,2,5,7,Meta Ads,7935.92
4909,2025-12-11,5,17,8,Adquirentes (cartão/PIX),5034.25
4910,2025-12-12,7,15,1,Seguradora Aliança,4800.0
4911,2025-12-12,7,15,2,Seguradora Aliança,3000.0
4912,2025-12-12,7,15,3,Seguradora Aliança,2520.0
4913,2025-12-12,7,15,4,Seguradora Aliança,2400.0
4914,2025-12-12,7,15,5,Seguradora Aliança,2160.0
4915,2025-12-12,7,15,6,Seguradora Aliança,2280.0
4916,2025-12-12,2,5,7,TikTok Ads,3607.24
4917,2025-12-12,7,15,7,Seguradora Aliança,2280.0
4918,2025-12-12,7,15,8,Seguradora Aliança,2160.0
4919,2025-12-13,6,7,3,Correios Corporativo,3477.26
4920,2025-12-13,5,17,6,Adquirentes (cartão/PIX),5632.07
4921,2025-12-13,5,17,6,Comissão de Marketplaces,9127.49
4922,2025-12-13,6,7,8,TransLog Express,5203.96
4923,2025-12-14,2,5,3,Influenciadores & Afiliados,3671.32
4924,2025-12-14,6,7,6,RodoFácil Transportes,3823.36
4925,2025-12-15,1,13,1,Agência de Viagens Rota,18126.26
4926,2025-12-15,7,10,1,Concessionária Local SP,15259.53
4927,2025-12-15,7,10,2,Concessionária Local RJ,9967.37
4928,2025-12-15,7,10,3,Concessionária Local MG,8210.29
4929,2025-12-15,7,10,4,Concessionária Local PR,8295.93
4930,2025-12-15,2,5,5,TikTok Ads,3151.94
4931,2025-12-15,7,10,5,Concessionária Local RS,7028.3
4932,2025-12-15,7,10,6,Concessionária Local DF,8027.1
4933,2025-12-15,7,10,7,Concessionária Local BA,7917.9
4934,2025-12-15,7,10,8,Concessionária Local PE,6800.02
4935,2025-12-16,1,4,2,Folha de Comissões,15368.74
4936,2025-12-16,5,17,2,Adquirentes (cartão/PIX),9678.34
4937,2025-12-16,2,5,4,Influenciadores & Afiliados,3041.51
4938,2025-12-17,2,5,1,Google Ads,35988.78
4939,2025-12-17,6,7,2,Correios Corporativo,4195.94
4940,2025-12-17,5,17,8,Comissão de Marketplaces,9513.58
4941,2025-12-18,2,5,2,Google Ads,16753.14
4942,2025-12-18,6,7,2,TransLog Express,10489.86
4943,2025-12-18,2,5,3,TikTok Ads,5506.98
4944,2025-12-19,1,13,2,Locadora Frota Viva,10916.24
4945,2025-12-19,6,7,6,Correios Corporativo,2548.91
4946,2025-12-19,6,7,7,RodoFácil Transportes,3858.92
4947,2025-12-20,1,2,1,INSS / FGTS / Encargos,6622.11
4948,2025-12-20,2,2,1,INSS / FGTS / Encargos,13857.99
4949,2025-12-20,3,2,1,INSS / FGTS / Encargos,20712.6
4950,2025-12-20,4,2,1,INSS / FGTS / Encargos,7373.14
4951,2025-12-20,5,2,1,INSS / FGTS / Encargos,12281.71
4952,2025-12-20,6,2,1,INSS / FGTS / Encargos,2674.6
4953,2025-12-20,6,7,1,RodoFácil Transportes,14132.24
4954,2025-12-20,7,2,1,INSS / FGTS / Encargos,4645.79
4955,2025-12-20,8,2,1,INSS / FGTS / Encargos,27503.86
4956,2025-12-20,1,2,2,INSS / FGTS / Encargos,3324.0
4957,2025-12-20,6,2,2,INSS / FGTS / Encargos,2690.75
4958,2025-12-20,6,7,2,RodoFácil Transportes,6293.92
4959,2025-12-20,7,2,2,INSS / FGTS / Encargos,1554.42
4960,2025-12-20,1,2,3,INSS / FGTS / Encargos,3307.58
4961,2025-12-20,6,2,3,INSS / FGTS / Encargos,2678.16
4962,2025-12-20,6,7,3,TransLog Express,8693.15
4963,2025-12-20,7,2,3,INSS / FGTS / Encargos,1546.68
4964,2025-12-20,1,2,4,INSS / FGTS / Encargos,3322.88
4965,2025-12-20,6,2,4,INSS / FGTS / Encargos,2685.26
4966,2025-12-20,7,2,4,INSS / FGTS / Encargos,1544.43
4967,2025-12-20,1,2,5,INSS / FGTS / Encargos,3336.48
4968,2025-12-20,2,5,5,Google Ads,8825.43
4969,2025-12-20,6,2,5,INSS / FGTS / Encargos,2686.7
4970,2025-12-20,7,2,5,INSS / FGTS / Encargos,1552.69
4971,2025-12-20,1,2,6,INSS / FGTS / Encargos,3336.64
4972,2025-12-20,1,4,6,Folha de Comissões,9267.75
4973,2025-12-20,6,2,6,INSS / FGTS / Encargos,2700.63
4974,2025-12-20,7,2,6,INSS / FGTS / Encargos,1551.5
4975,2025-12-20,1,2,7,INSS / FGTS / Encargos,3341.07
4976,2025-12-20,5,17,7,Adquirentes (cartão/PIX),6928.7
4977,2025-12-20,6,2,7,INSS / FGTS / Encargos,2706.51
4978,2025-12-20,7,2,7,INSS / FGTS / Encargos,1535.94
4979,2025-12-20,1,2,8,INSS / FGTS / Encargos,3347.84
4980,2025-12-20,6,2,8,INSS / FGTS / Encargos,2682.57
4981,2025-12-20,7,2,8,INSS / FGTS / Encargos,1534.68
4982,2025-12-21,2,5,3,Google Ads,15419.55
4983,2025-12-21,5,17,3,Comissão de Marketplaces,8476.98
4984,2025-12-22,4,14,1,Instituto Aprender,5046.71
4985,2025-12-22,7,16,7,OfficeMax Atacado,939.29
4986,2025-12-23,7,16,1,Papelaria Central,2669.31
4987,2025-12-23,1,4,4,Folha de Comissões,9948.24
4988,2025-12-23,5,17,4,Comissão de Marketplaces,7525.29
4989,2025-12-23,7,16,5,Papelaria Central,1284.7
4990,2025-12-24,1,4,1,Folha de Comissões,32589.97
4991,2025-12-24,7,16,4,OfficeMax Atacado,1660.49
4992,2025-12-25,5,18,1,Banco Nacional,7926.21
4993,2025-12-25,5,18,1,Banco do Brasil Corporativo,4755.73
4994,2025-12-25,5,18,1,Cooperativa Crédito,3170.48
4995,2025-12-25,1,4,3,Folha de Comissões,13539.16
4996,2025-12-25,7,16,6,Papelaria Central,1484.28
4997,2025-12-26,5,17,1,Comissão de Marketplaces,31130.35
4998,2025-12-26,1,13,5,Agência de Viagens Rota,4889.31
4999,2025-12-26,1,13,6,Agência de Viagens Rota,4809.4
5000,2025-12-26,6,8,7,Predial Total,4261.83
5001,2025-12-27,7,16,2,OfficeMax Atacado,1221.26
5002,2025-12-27,2,5,4,TikTok Ads,4562.26
5003,2025-12-27,5,17,5,Adquirentes (cartão/PIX),5180.98
5004,2025-12-27,2,5,6,TikTok Ads,3761.06
5005,2025-12-28,2,5,1,TikTok Ads,12853.14
5006,2025-12-28,5,17,4,Adquirentes (cartão/PIX),6390.87
5007,2025-12-28,6,7,5,Correios Corporativo,2148.91
5008,2025-12-28,7,16,8,Papelaria Central,1548.86
5009,2025-12-29,6,8,2,Manutec Serviços,6116.04
5010,2025-12-29,5,17,3,Adquirentes (cartão/PIX),8808.05
5011,2025-12-29,1,4,5,Folha de Comissões,7461.3
5012,2025-12-29,2,5,5,Influenciadores & Afiliados,2101.29
5013,2025-12-29,2,5,6,Google Ads,10530.97
5014,2025-12-29,6,8,6,Predial Total,4564.76
5015,2025-12-29,1,13,8,Locadora Frota Viva,5335.89
5016,2025-12-29,2,5,8,Influenciadores & Afiliados,2186.17
5017,2025-12-29,6,7,8,RodoFácil Transportes,3122.38
5018,2025-12-30,6,8,3,ClimaFix,4151.04
5019,2025-12-30,1,13,4,Agência de Viagens Rota,4661.6
5020,2025-12-30,5,17,5,Comissão de Marketplaces,6843.49
5021,2025-12-30,6,7,6,TransLog Express,6372.27
5022,2025-12-30,1,4,7,Folha de Comissões,10621.67
5023,2025-12-30,2,5,7,Google Ads,10100.27
5024,2025-12-30,6,7,7,TransLog Express,6431.53
5025,2025-12-31,5,12,1,Contabilidade & Cia,10096.4
5026,2025-12-31,7,16,3,OfficeMax Atacado,1440.58
5027,2025-12-31,6,7,5,RodoFácil Transportes,3223.36
5028,2026-01-01,1,3,1,Benefícios Corporativos (VR/VA/Plano),3607.46
5029,2026-01-01,2,3,1,Benefícios Corporativos (VR/VA/Plano),6001.92
5030,2026-01-01,3,3,1,Benefícios Corporativos (VR/VA/Plano),6132.48
5031,2026-01-01,4,3,1,Benefícios Corporativos (VR/VA/Plano),3619.57
5032,2026-01-01,5,3,1,Benefícios Corporativos (VR/VA/Plano),4838.49
5033,2026-01-01,6,3,1,Benefícios Corporativos (VR/VA/Plano),2441.21
5034,2026-01-01,7,3,1,Benefícios Corporativos (VR/VA/Plano),3678.22
5035,2026-01-01,8,3,1,Benefícios Corporativos (VR/VA/Plano),7403.02
5036,2026-01-01,1,3,2,Benefícios Corporativos (VR/VA/Plano),2472.77
5037,2026-01-01,6,3,2,Benefícios Corporativos (VR/VA/Plano),2451.67
5038,2026-01-01,7,3,2,Benefícios Corporativos (VR/VA/Plano),1212.26
5039,2026-01-01,1,3,3,Benefícios Corporativos (VR/VA/Plano),2487.36
5040,2026-01-01,6,3,3,Benefícios Corporativos (VR/VA/Plano),2428.75
5041,2026-01-01,7,3,3,Benefícios Corporativos (VR/VA/Plano),1228.13
5042,2026-01-01,1,3,4,Benefícios Corporativos (VR/VA/Plano),2424.83
5043,2026-01-01,6,3,4,Benefícios Corporativos (VR/VA/Plano),2451.05
5044,2026-01-01,7,3,4,Benefícios Corporativos (VR/VA/Plano),1213.69
5045,2026-01-01,1,3,5,Benefícios Corporativos (VR/VA/Plano),2396.83
5046,2026-01-01,6,3,5,Benefícios Corporativos (VR/VA/Plano),2470.51
5047,2026-01-01,7,3,5,Benefícios Corporativos (VR/VA/Plano),1223.99
5048,2026-01-01,1,3,6,Benefícios Corporativos (VR/VA/Plano),2433.36
5049,2026-01-01,6,3,6,Benefícios Corporativos (VR/VA/Plano),2474.54
5050,2026-01-01,7,3,6,Benefícios Corporativos (VR/VA/Plano),1210.19
5051,2026-01-01,1,3,7,Benefícios Corporativos (VR/VA/Plano),2398.28
5052,2026-01-01,6,3,7,Benefícios Corporativos (VR/VA/Plano),2461.75
5053,2026-01-01,7,3,7,Benefícios Corporativos (VR/VA/Plano),1211.28
5054,2026-01-01,1,3,8,Benefícios Corporativos (VR/VA/Plano),2396.64
5055,2026-01-01,6,3,8,Benefícios Corporativos (VR/VA/Plano),2479.18
5056,2026-01-01,7,3,8,Benefícios Corporativos (VR/VA/Plano),1236.91
5057,2026-01-02,1,13,1,Locadora Frota Viva,12177.3
5058,2026-01-02,5,17,5,Adquirentes (cartão/PIX),3820.1
5059,2026-01-02,6,7,6,TransLog Express,5784.14
5060,2026-01-02,1,4,8,Folha de Comissões,4878.81
5061,2026-01-03,4,14,1,Academia Corporativa,5929.35
5062,2026-01-03,1,4,4,Folha de Comissões,8689.28
5063,2026-01-03,2,5,6,TikTok Ads,1500.49
5064,2026-01-04,6,7,2,RodoFácil Transportes,3872.1
5065,2026-01-04,1,4,3,Folha de Comissões,12825.34
5066,2026-01-04,2,5,4,TikTok Ads,1747.53
5067,2026-01-04,2,5,5,Meta Ads,3074.59
5068,2026-01-04,6,7,8,Correios Corporativo,1479.47
5069,2026-01-05,1,1,1,Folha de Pagamento,13904.02
5070,2026-01-05,2,1,1,Folha de Pagamento,38343.77
5071,2026-01-05,3,1,1,Folha de Pagamento,57900.77
5072,2026-01-05,4,1,1,Folha de Pagamento,20413.23
5073,2026-01-05,5,1,1,Folha de Pagamento,34109.96
5074,2026-01-05,6,1,1,Folha de Pagamento,7481.65
5075,2026-01-05,7,1,1,Folha de Pagamento,12838.83
5076,2026-01-05,8,1,1,Folha de Pagamento,76042.03
5077,2026-01-05,1,1,2,Folha de Pagamento,9244.04
5078,2026-01-05,6,1,2,Folha de Pagamento,7526.7
5079,2026-01-05,7,1,2,Folha de Pagamento,4272.44
5080,2026-01-05,1,1,3,Folha de Pagamento,9201.72
5081,2026-01-05,6,1,3,Folha de Pagamento,7507.53
5082,2026-01-05,7,1,3,Folha de Pagamento,4299.84
5083,2026-01-05,1,1,4,Folha de Pagamento,9284.94
5084,2026-01-05,6,1,4,Folha de Pagamento,7497.82
5085,2026-01-05,7,1,4,Folha de Pagamento,4310.81
5086,2026-01-05,1,1,5,Folha de Pagamento,9206.32
5087,2026-01-05,6,1,5,Folha de Pagamento,7474.36
5088,2026-01-05,7,1,5,Folha de Pagamento,4281.24
5089,2026-01-05,1,1,6,Folha de Pagamento,9296.98
5090,2026-01-05,6,1,6,Folha de Pagamento,7432.04
5091,2026-01-05,6,8,6,Predial Total,4145.64
5092,2026-01-05,7,1,6,Folha de Pagamento,4281.4
5093,2026-01-05,1,1,7,Folha de Pagamento,9282.69
5094,2026-01-05,6,1,7,Folha de Pagamento,7443.71
5095,2026-01-05,7,1,7,Folha de Pagamento,4293.91
5096,2026-01-05,1,1,8,Folha de Pagamento,9219.94
5097,2026-01-05,5,17,8,Adquirentes (cartão/PIX),3600.84
5098,2026-01-05,6,1,8,Folha de Pagamento,7509.31
5099,2026-01-05,6,7,8,RodoFácil Transportes,2219.2
5100,2026-01-05,7,1,8,Folha de Pagamento,4264.44
5101,2026-01-06,2,5,2,TikTok Ads,2469.8
5102,2026-01-06,5,17,4,Comissão de Marketplaces,8101.28
5103,2026-01-06,6,7,4,TransLog Express,5632.83
5104,2026-01-06,1,13,5,Agência de Viagens Rota,3045.16
5105,2026-01-06,2,5,7,Influenciadores & Afiliados,1040.63
5106,2026-01-07,6,8,4,ClimaFix,3040.94
5107,2026-01-07,7,16,5,Papelaria Central,1529.97
5108,2026-01-08,3,11,1,CloudSoft Infra,23708.12
5109,2026-01-08,3,11,1,Licenças Corp Brasil,12931.7
5110,2026-01-08,3,11,1,DevTools Pro,6465.85
5111,2026-01-08,6,7,1,Correios Corporativo,6031.4
5112,2026-01-08,5,17,3,Adquirentes (cartão/PIX),7661.87
5113,2026-01-08,5,17,4,Adquirentes (cartão/PIX),5259.5
5114,2026-01-08,6,7,4,RodoFácil Transportes,3379.7
5115,2026-01-08,5,17,7,Comissão de Marketplaces,2567.7
5116,2026-01-08,2,5,8,Google Ads,3630.79
5117,2026-01-09,2,5,4,Influenciadores & Afiliados,1165.02
5118,2026-01-09,7,16,4,Papelaria Central,947.89
5119,2026-01-09,6,7,5,TransLog Express,3567.71
5120,2026-01-09,6,7,7,RodoFácil Transportes,1821.02
5121,2026-01-09,5,17,8,Comissão de Marketplaces,2023.89
5122,2026-01-10,7,9,1,Locadora Imóveis São Paulo,32572.92
5123,2026-01-10,7,9,2,Locadora Imóveis Rio de Janeiro,16286.46
5124,2026-01-10,7,16,2,OfficeMax Atacado,1635.11
5125,2026-01-10,1,13,3,Locadora Frota Viva,4941.73
5126,2026-01-10,2,5,3,Influenciadores & Afiliados,1575.82
5127,2026-01-10,7,9,3,Locadora Imóveis Belo Horizonte,10857.64
5128,2026-01-10,7,9,4,Locadora Imóveis Curitiba,10314.76
5129,2026-01-10,7,9,5,Locadora Imóveis Porto Alegre,9228.99
5130,2026-01-10,2,5,6,Influenciadores & Afiliados,1000.33
5131,2026-01-10,7,9,6,Locadora Imóveis Brasília,11400.52
5132,2026-01-10,7,9,7,Locadora Imóveis Salvador,9228.99
5133,2026-01-10,7,9,8,Locadora Imóveis Recife,9228.99
5134,2026-01-11,6,8,1,Predial Total,5196.21
5135,2026-01-11,5,17,2,Adquirentes (cartão/PIX),5365.96
5136,2026-01-11,2,5,4,Google Ads,4893.1
5137,2026-01-12,2,5,1,Influenciadores & Afiliados,3590.93
5138,2026-01-12,5,12,1,Agência Pixel,17019.61
5139,2026-01-12,7,15,1,Seguradora Aliança,4800.0
5140,2026-01-12,7,16,1,Papelaria Central,2898.6
5141,2026-01-12,1,4,2,Folha de Comissões,9288.98
5142,2026-01-12,7,15,2,Seguradora Aliança,3000.0
5143,2026-01-12,6,7,3,RodoFácil Transportes,5186.96
5144,2026-01-12,7,15,3,Seguradora Aliança,2520.0
5145,2026-01-12,7,15,4,Seguradora Aliança,2400.0
5146,2026-01-12,7,15,5,Seguradora Aliança,2160.0
5147,2026-01-12,7,15,6,Seguradora Aliança,2280.0
5148,2026-01-12,7,15,7,Seguradora Aliança,2280.0
5149,2026-01-12,7,15,8,Seguradora Aliança,2160.0
5150,2026-01-13,2,5,5,Influenciadores & Afiliados,931.69
5151,2026-01-13,2,5,8,Meta Ads,2852.76
5152,2026-01-14,5,17,1,Comissão de Marketplaces,19478.69
5153,2026-01-14,2,5,2,Google Ads,6915.44
5154,2026-01-14,6,7,2,TransLog Express,6453.5
5155,2026-01-14,6,7,2,Correios Corporativo,2581.4
5156,2026-01-14,2,5,3,Meta Ads,5200.21
5157,2026-01-14,2,5,5,TikTok Ads,1397.54
5158,2026-01-14,6,7,6,RodoFácil Transportes,3470.48
5159,2026-01-15,2,5,1,TikTok Ads,5386.4
5160,2026-01-15,7,10,1,Concessionária Local SP,15253.46
5161,2026-01-15,2,5,2,Influenciadores & Afiliados,1646.53
5162,2026-01-15,7,10,2,Concessionária Local RJ,10682.32
5163,2026-01-15,2,5,3,Google Ads,6618.45
5164,2026-01-15,7,10,3,Concessionária Local MG,8152.92
5165,2026-01-15,7,10,4,Concessionária Local PR,8528.4
5166,2026-01-15,7,10,5,Concessionária Local RS,7475.14
5167,2026-01-15,7,10,6,Concessionária Local DF,7912.29
5168,2026-01-15,2,5,7,Google Ads,4370.66
5169,2026-01-15,7,10,7,Concessionária Local BA,8210.03
5170,2026-01-15,7,10,8,Concessionária Local PE,8007.78
5171,2026-01-17,5,17,1,Adquirentes (cartão/PIX),14278.3
5172,2026-01-17,5,17,6,Adquirentes (cartão/PIX),4659.5
5173,2026-01-17,5,17,6,Comissão de Marketplaces,6510.92
5174,2026-01-18,6,7,3,Correios Corporativo,3457.97
5175,2026-01-18,2,5,7,TikTok Ads,1560.95
5176,2026-01-18,2,5,8,TikTok Ads,1296.71
5177,2026-01-19,1,4,5,Folha de Comissões,5571.68
5178,2026-01-19,2,5,7,Meta Ads,3434.09
5179,2026-01-19,7,16,8,Papelaria Central,862.23
5180,2026-01-20,1,2,1,INSS / FGTS / Encargos,5005.45
5181,2026-01-20,2,2,1,INSS / FGTS / Encargos,13803.76
5182,2026-01-20,3,2,1,INSS / FGTS / Encargos,20844.28
5183,2026-01-20,4,2,1,INSS / FGTS / Encargos,7348.76
5184,2026-01-20,5,2,1,INSS / FGTS / Encargos,12279.59
5185,2026-01-20,6,2,1,INSS / FGTS / Encargos,2693.39
5186,2026-01-20,7,2,1,INSS / FGTS / Encargos,4621.98
5187,2026-01-20,8,2,1,INSS / FGTS / Encargos,27375.13
5188,2026-01-20,1,2,2,INSS / FGTS / Encargos,3327.85
5189,2026-01-20,6,2,2,INSS / FGTS / Encargos,2709.61
5190,2026-01-20,7,2,2,INSS / FGTS / Encargos,1538.08
5191,2026-01-20,1,2,3,INSS / FGTS / Encargos,3312.62
5192,2026-01-20,5,17,3,Comissão de Marketplaces,9898.02
5193,2026-01-20,6,2,3,INSS / FGTS / Encargos,2702.71
5194,2026-01-20,6,8,3,Predial Total,5801.85
5195,2026-01-20,7,2,3,INSS / FGTS / Encargos,1547.94
5196,2026-01-20,1,2,4,INSS / FGTS / Encargos,3342.58
5197,2026-01-20,6,2,4,INSS / FGTS / Encargos,2699.21
5198,2026-01-20,7,2,4,INSS / FGTS / Encargos,1551.89
5199,2026-01-20,1,2,5,INSS / FGTS / Encargos,3314.28
5200,2026-01-20,6,2,5,INSS / FGTS / Encargos,2690.77
5201,2026-01-20,7,2,5,INSS / FGTS / Encargos,1541.25
5202,2026-01-20,1,2,6,INSS / FGTS / Encargos,3346.91
5203,2026-01-20,6,2,6,INSS / FGTS / Encargos,2675.54
5204,2026-01-20,7,2,6,INSS / FGTS / Encargos,1541.3
5205,2026-01-20,1,2,7,INSS / FGTS / Encargos,3341.77
5206,2026-01-20,6,2,7,INSS / FGTS / Encargos,2679.73
5207,2026-01-20,7,2,7,INSS / FGTS / Encargos,1545.81
5208,2026-01-20,1,2,8,INSS / FGTS / Encargos,3319.18
5209,2026-01-20,6,2,8,INSS / FGTS / Encargos,2703.35
5210,2026-01-20,7,2,8,INSS / FGTS / Encargos,1535.2
5211,2026-01-21,6,8,2,Predial Total,6838.93
5212,2026-01-21,2,5,4,Meta Ads,3844.58
5213,2026-01-21,6,7,4,Correios Corporativo,2253.13
5214,2026-01-21,6,8,8,Manutec Serviços,2525.72
5215,2026-01-22,6,7,1,RodoFácil Transportes,9047.1
5216,2026-01-22,1,13,7,Locadora Frota Viva,3562.77
5217,2026-01-22,6,7,7,Correios Corporativo,1214.01
5218,2026-01-23,2,5,2,Meta Ads,5433.56
5219,2026-01-23,7,16,3,Papelaria Central,1335.38
5220,2026-01-24,2,12,1,Agência Pixel,4040.77
5221,2026-01-24,6,7,1,TransLog Express,15078.51
5222,2026-01-24,6,8,5,ClimaFix,4109.45
5223,2026-01-24,2,5,6,Google Ads,4201.39
5224,2026-01-25,5,18,1,Banco Nacional,7937.82
5225,2026-01-25,5,18,1,Banco do Brasil Corporativo,4762.69
5226,2026-01-25,5,18,1,Cooperativa Crédito,3175.13
5227,2026-01-25,5,17,5,Comissão de Marketplaces,1715.35
5228,2026-01-25,6,7,5,Correios Corporativo,1427.08
5229,2026-01-25,1,13,8,Agência de Viagens Rota,2536.5
5230,2026-01-25,2,5,8,Influenciadores & Afiliados,864.47
5231,2026-01-26,2,5,1,Google Ads,15081.92
5232,2026-01-26,2,5,1,Meta Ads,11850.08
5233,2026-01-26,5,17,2,Comissão de Marketplaces,9585.03
5234,2026-01-26,6,7,6,Correios Corporativo,2313.66
5235,2026-01-26,7,16,6,Papelaria Central,1284.55
5236,2026-01-26,1,4,7,Folha de Comissões,5464.79
5237,2026-01-26,6,7,8,TransLog Express,3698.67
5238,2026-01-27,6,7,5,RodoFácil Transportes,2140.63
5239,2026-01-27,1,4,6,Folha de Comissões,7881.66
5240,2026-01-27,2,5,6,Meta Ads,3301.09
5241,2026-01-28,3,12,1,Agência Pixel,22139.07
5242,2026-01-28,1,13,4,Locadora Frota Viva,4373.58
5243,2026-01-28,6,7,7,TransLog Express,3035.03
5244,2026-01-28,6,8,7,ClimaFix,4686.23
5245,2026-01-29,2,5,3,TikTok Ads,2363.73
5246,2026-01-29,2,5,5,Google Ads,3913.11
5247,2026-01-30,1,4,1,Folha de Comissões,22348.61
5248,2026-01-30,6,7,3,TransLog Express,8644.93
5249,2026-01-30,1,13,6,Locadora Frota Viva,2237.96
5250,2026-01-30,5,17,7,Adquirentes (cartão/PIX),3647.28
5251,2026-01-31,1,13,2,Agência de Viagens Rota,4833.36
5252,2026-01-31,7,16,7,OfficeMax Atacado,1422.8
5253,2026-02-01,1,3,1,Benefícios Corporativos (VR/VA/Plano),2473.47
5254,2026-02-01,2,3,1,Benefícios Corporativos (VR/VA/Plano),6129.9
5255,2026-02-01,3,3,1,Benefícios Corporativos (VR/VA/Plano),6158.48
5256,2026-02-01,4,3,1,Benefícios Corporativos (VR/VA/Plano),3730.14
5257,2026-02-01,5,3,1,Benefícios Corporativos (VR/VA/Plano),4869.77
5258,2026-02-01,6,3,1,Benefícios Corporativos (VR/VA/Plano),2475.71
5259,2026-02-01,7,3,1,Benefícios Corporativos (VR/VA/Plano),3630.52
5260,2026-02-01,8,3,1,Benefícios Corporativos (VR/VA/Plano),7311.62
5261,2026-02-01,1,3,2,Benefícios Corporativos (VR/VA/Plano),2481.55
5262,2026-02-01,6,3,2,Benefícios Corporativos (VR/VA/Plano),2463.68
5263,2026-02-01,7,3,2,Benefícios Corporativos (VR/VA/Plano),1234.95
5264,2026-02-01,1,3,3,Benefícios Corporativos (VR/VA/Plano),2485.56
5265,2026-02-01,6,3,3,Benefícios Corporativos (VR/VA/Plano),2450.23
5266,2026-02-01,7,3,3,Benefícios Corporativos (VR/VA/Plano),1226.55
5267,2026-02-01,1,3,4,Benefícios Corporativos (VR/VA/Plano),2479.44
5268,2026-02-01,6,3,4,Benefícios Corporativos (VR/VA/Plano),2461.92
5269,2026-02-01,7,3,4,Benefícios Corporativos (VR/VA/Plano),1225.57
5270,2026-02-01,1,3,5,Benefícios Corporativos (VR/VA/Plano),2445.28
5271,2026-02-01,2,5,5,Google Ads,3746.71
5272,2026-02-01,6,3,5,Benefícios Corporativos (VR/VA/Plano),2404.89
5273,2026-02-01,7,3,5,Benefícios Corporativos (VR/VA/Plano),1217.94
5274,2026-02-01,1,3,6,Benefícios Corporativos (VR/VA/Plano),2451.0
5275,2026-02-01,6,3,6,Benefícios Corporativos (VR/VA/Plano),2424.02
5276,2026-02-01,6,8,6,ClimaFix,4820.15
5277,2026-02-01,7,3,6,Benefícios Corporativos (VR/VA/Plano),1232.99
5278,2026-02-01,1,3,7,Benefícios Corporativos (VR/VA/Plano),2442.7
5279,2026-02-01,6,3,7,Benefícios Corporativos (VR/VA/Plano),2452.88
5280,2026-02-01,7,3,7,Benefícios Corporativos (VR/VA/Plano),1238.04
5281,2026-02-01,1,3,8,Benefícios Corporativos (VR/VA/Plano),2398.8
5282,2026-02-01,6,3,8,Benefícios Corporativos (VR/VA/Plano),2460.22
5283,2026-02-01,7,3,8,Benefícios Corporativos (VR/VA/Plano),1237.14
5284,2026-02-02,2,12,1,Contabilidade & Cia,10908.43
5285,2026-02-02,2,5,6,Influenciadores & Afiliados,907.81
5286,2026-02-02,6,7,7,Correios Corporativo,1902.23
5287,2026-02-02,1,13,8,Agência de Viagens Rota,1426.19
5288,2026-02-02,2,5,8,Google Ads,3602.33
5289,2026-02-02,2,5,8,Influenciadores & Afiliados,857.7
5290,2026-02-02,7,16,8,Papelaria Central,989.35
5291,2026-02-03,1,13,4,Agência de Viagens Rota,3301.44
5292,2026-02-03,6,7,4,RodoFácil Transportes,2979.67
5293,2026-02-03,7,16,4,Papelaria Central,1596.82
5294,2026-02-03,2,5,6,Google Ads,3812.8
5295,2026-02-03,2,5,6,Meta Ads,2995.77
5296,2026-02-03,7,16,6,Papelaria Central,1298.24
5297,2026-02-04,7,16,1,OfficeMax Atacado,2463.8
5298,2026-02-04,2,5,2,Meta Ads,5364.93
5299,2026-02-04,6,8,2,Predial Total,4227.8
5300,2026-02-04,2,5,3,Google Ads,6452.06
5301,2026-02-04,6,8,7,ClimaFix,3612.29
5302,2026-02-04,6,7,8,TransLog Express,3337.91
5303,2026-02-05,1,1,1,Folha de Pagamento,9252.99
5304,2026-02-05,2,1,1,Folha de Pagamento,38646.61
5305,2026-02-05,3,1,1,Folha de Pagamento,57367.64
5306,2026-02-05,4,1,1,Folha de Pagamento,20416.62
5307,2026-02-05,5,1,1,Folha de Pagamento,34362.3
5308,2026-02-05,6,1,1,Folha de Pagamento,7449.02
5309,2026-02-05,7,1,1,Folha de Pagamento,12920.71
5310,2026-02-05,8,1,1,Folha de Pagamento,75918.64
5311,2026-02-05,1,1,2,Folha de Pagamento,9220.64
5312,2026-02-05,5,17,2,Adquirentes (cartão/PIX),5818.57
5313,2026-02-05,6,1,2,Folha de Pagamento,7470.39
5314,2026-02-05,7,1,2,Folha de Pagamento,4263.22
5315,2026-02-05,1,1,3,Folha de Pagamento,9306.82
5316,2026-02-05,1,13,3,Locadora Frota Viva,3563.53
5317,2026-02-05,6,1,3,Folha de Pagamento,7518.46
5318,2026-02-05,7,1,3,Folha de Pagamento,4273.01
5319,2026-02-05,1,1,4,Folha de Pagamento,9216.74
5320,2026-02-05,6,1,4,Folha de Pagamento,7534.66
5321,2026-02-05,7,1,4,Folha de Pagamento,4270.62
5322,2026-02-05,1,1,5,Folha de Pagamento,9308.58
5323,2026-02-05,6,1,5,Folha de Pagamento,7448.99
5324,2026-02-05,7,1,5,Folha de Pagamento,4275.17
5325,2026-02-05,1,1,6,Folha de Pagamento,9277.32
5326,2026-02-05,6,1,6,Folha de Pagamento,7444.93
5327,2026-02-05,7,1,6,Folha de Pagamento,4298.47
5328,2026-02-05,1,1,7,Folha de Pagamento,9276.77
5329,2026-02-05,6,1,7,Folha de Pagamento,7486.64
5330,2026-02-05,7,1,7,Folha de Pagamento,4290.18
5331,2026-02-05,1,1,8,Folha de Pagamento,9217.83
5332,2026-02-05,6,1,8,Folha de Pagamento,7480.37
5333,2026-02-05,7,1,8,Folha de Pagamento,4282.61
5334,2026-02-06,6,7,1,Correios Corporativo,5548.05
5335,2026-02-06,6,7,5,Correios Corporativo,892.05
5336,2026-02-06,5,17,6,Comissão de Marketplaces,3164.06
5337,2026-02-07,6,7,4,Correios Corporativo,1986.45
5338,2026-02-07,6,7,5,TransLog Express,2230.12
5339,2026-02-07,5,17,7,Comissão de Marketplaces,3988.4
5340,2026-02-08,3,11,1,CloudSoft Infra,24599.3
5341,2026-02-08,3,11,1,Licenças Corp Brasil,13417.8
5342,2026-02-08,3,11,1,DevTools Pro,6708.9
5343,2026-02-08,6,7,7,TransLog Express,4755.57
5344,2026-02-09,1,4,1,Folha de Comissões,17024.2
5345,2026-02-09,6,7,2,TransLog Express,6134.63
5346,2026-02-09,2,5,3,Meta Ads,5069.48
5347,2026-02-09,6,7,3,TransLog Express,5085.69
5348,2026-02-09,2,5,7,Google Ads,4298.57
5349,2026-02-09,6,8,8,Manutec Serviços,2108.05
5350,2026-02-10,5,12,1,Consultoria Alvo,12138.33
5351,2026-02-10,7,9,1,Locadora Imóveis São Paulo,32572.92
5352,2026-02-10,6,7,2,RodoFácil Transportes,3680.78
5353,2026-02-10,7,9,2,Locadora Imóveis Rio de Janeiro,16286.46
5354,2026-02-10,1,4,3,Folha de Comissões,7051.27
5355,2026-02-10,5,17,3,Adquirentes (cartão/PIX),4561.31
5356,2026-02-10,7,9,3,Locadora Imóveis Belo Horizonte,10857.64
5357,2026-02-10,7,9,4,Locadora Imóveis Curitiba,10314.76
5358,2026-02-10,7,9,5,Locadora Imóveis Porto Alegre,9228.99
5359,2026-02-10,7,9,6,Locadora Imóveis Brasília,11400.52
5360,2026-02-10,7,9,7,Locadora Imóveis Salvador,9228.99
5361,2026-02-10,1,4,8,Folha de Comissões,4811.35
5362,2026-02-10,7,9,8,Locadora Imóveis Recife,9228.99
5363,2026-02-11,5,17,3,Comissão de Marketplaces,3386.24
5364,2026-02-11,1,13,5,Agência de Viagens Rota,2713.42
5365,2026-02-12,2,5,1,Influenciadores & Afiliados,3604.13
5366,2026-02-12,5,17,1,Adquirentes (cartão/PIX),10194.0
5367,2026-02-12,7,15,1,Seguradora Aliança,4800.0
5368,2026-02-12,7,15,2,Seguradora Aliança,3000.0
5369,2026-02-12,2,5,3,Influenciadores & Afiliados,1536.21
5370,2026-02-12,7,15,3,Seguradora Aliança,2520.0
5371,2026-02-12,2,5,4,Influenciadores & Afiliados,1181.83
5372,2026-02-12,7,15,4,Seguradora Aliança,2400.0
5373,2026-02-12,7,15,5,Seguradora Aliança,2160.0
5374,2026-02-12,7,15,6,Seguradora Aliança,2280.0
5375,2026-02-12,7,15,7,Seguradora Aliança,2280.0
5376,2026-02-12,7,15,8,Seguradora Aliança,2160.0
5377,2026-02-13,2,5,1,Meta Ads,11893.64
5378,2026-02-13,2,5,1,TikTok Ads,5406.2
5379,2026-02-13,6,7,6,RodoFácil Transportes,1736.08
5380,2026-02-13,5,17,7,Adquirentes (cartão/PIX),4692.7
5381,2026-02-14,4,14,1,Academia Corporativa,17076.09
5382,2026-02-14,5,17,1,Comissão de Marketplaces,22037.31
5383,2026-02-14,2,5,2,Influenciadores & Afiliados,1625.74
5384,2026-02-14,1,4,7,Folha de Comissões,6203.19
5385,2026-02-14,1,13,7,Agência de Viagens Rota,3570.31
5386,2026-02-14,2,5,8,TikTok Ads,1286.55
5387,2026-02-15,6,7,1,TransLog Express,13870.12
5388,2026-02-15,7,10,1,Concessionária Local SP,16258.39
5389,2026-02-15,7,10,2,Concessionária Local RJ,10029.45
5390,2026-02-15,7,10,3,Concessionária Local MG,8745.57
5391,2026-02-15,2,5,4,Meta Ads,3900.04
5392,2026-02-15,7,10,4,Concessionária Local PR,8411.25
5393,2026-02-15,7,10,5,Concessionária Local RS,7750.21
5394,2026-02-15,7,10,6,Concessionária Local DF,8275.73
5395,2026-02-15,2,5,7,TikTok Ads,1535.2
5396,2026-02-15,7,10,7,Concessionária Local BA,7682.59
5397,2026-02-15,5,17,8,Adquirentes (cartão/PIX),2976.42
5398,2026-02-15,7,10,8,Concessionária Local PE,7790.1
5399,2026-02-16,2,5,2,Google Ads,6828.09
5400,2026-02-16,2,5,5,Influenciadores & Afiliados,892.07
5401,2026-02-16,5,17,6,Adquirentes (cartão/PIX),3071.89
5402,2026-02-16,2,5,8,Meta Ads,2830.41
5403,2026-02-17,2,5,5,TikTok Ads,1338.11
5404,2026-02-17,5,17,5,Adquirentes (cartão/PIX),2264.41
5405,2026-02-17,6,7,5,RodoFácil Transportes,1338.07
5406,2026-02-17,6,7,7,RodoFácil Transportes,2853.34
5407,2026-02-17,6,7,8,Correios Corporativo,1335.16
5408,2026-02-18,6,7,1,RodoFácil Transportes,8322.07
5409,2026-02-18,6,7,6,TransLog Express,2893.47
5410,2026-02-19,5,17,4,Comissão de Marketplaces,8993.67
5411,2026-02-19,7,16,7,OfficeMax Atacado,1586.77
5412,2026-02-20,1,2,1,INSS / FGTS / Encargos,3331.08
5413,2026-02-20,2,2,1,INSS / FGTS / Encargos,13912.78
5414,2026-02-20,3,2,1,INSS / FGTS / Encargos,20652.35
5415,2026-02-20,4,2,1,INSS / FGTS / Encargos,7349.98
5416,2026-02-20,5,2,1,INSS / FGTS / Encargos,12370.43
5417,2026-02-20,6,2,1,INSS / FGTS / Encargos,2681.65
5418,2026-02-20,6,8,1,ClimaFix,7003.53
5419,2026-02-20,7,2,1,INSS / FGTS / Encargos,4651.45
5420,2026-02-20,8,2,1,INSS / FGTS / Encargos,27330.71
5421,2026-02-20,1,2,2,INSS / FGTS / Encargos,3319.43
5422,2026-02-20,1,4,2,Folha de Comissões,9196.37
5423,2026-02-20,6,2,2,INSS / FGTS / Encargos,2689.34
5424,2026-02-20,7,2,2,INSS / FGTS / Encargos,1534.76
5425,2026-02-20,7,16,2,Papelaria Central,1176.78
5426,2026-02-20,1,2,3,INSS / FGTS / Encargos,3350.45
5427,2026-02-20,6,2,3,INSS / FGTS / Encargos,2706.65
5428,2026-02-20,6,7,3,Correios Corporativo,2034.28
5429,2026-02-20,7,2,3,INSS / FGTS / Encargos,1538.28
5430,2026-02-20,1,2,4,INSS / FGTS / Encargos,3318.03
5431,2026-02-20,6,2,4,INSS / FGTS / Encargos,2712.48
5432,2026-02-20,7,2,4,INSS / FGTS / Encargos,1537.42
5433,2026-02-20,1,2,5,INSS / FGTS / Encargos,3351.09
5434,2026-02-20,6,2,5,INSS / FGTS / Encargos,2681.64
5435,2026-02-20,6,8,5,Predial Total,2384.84
5436,2026-02-20,7,2,5,INSS / FGTS / Encargos,1539.06
5437,2026-02-20,1,2,6,INSS / FGTS / Encargos,3339.83
5438,2026-02-20,6,2,6,INSS / FGTS / Encargos,2680.18
5439,2026-02-20,7,2,6,INSS / FGTS / Encargos,1547.45
5440,2026-02-20,1,2,7,INSS / FGTS / Encargos,3339.64
5441,2026-02-20,2,5,7,Meta Ads,3377.45
5442,2026-02-20,6,2,7,INSS / FGTS / Encargos,2695.19
5443,2026-02-20,7,2,7,INSS / FGTS / Encargos,1544.46
5444,2026-02-20,1,2,8,INSS / FGTS / Encargos,3318.42
5445,2026-02-20,5,17,8,Comissão de Marketplaces,5411.39
5446,2026-02-20,6,2,8,INSS / FGTS / Encargos,2692.93
5447,2026-02-20,7,2,8,INSS / FGTS / Encargos,1541.74
5448,2026-02-21,2,5,1,Google Ads,15137.36
5449,2026-02-22,2,5,6,TikTok Ads,1361.71
5450,2026-02-23,1,13,2,Agência de Viagens Rota,5884.17
5451,2026-02-23,7,16,3,OfficeMax Atacado,1496.22
5452,2026-02-23,1,4,4,Folha de Comissões,6409.37
5453,2026-02-23,1,13,6,Agência de Viagens Rota,3172.78
5454,2026-02-24,3,12,1,Agência Pixel,21294.74
5455,2026-02-24,6,7,3,RodoFácil Transportes,3051.41
5456,2026-02-24,2,5,4,Google Ads,4963.68
5457,2026-02-24,5,17,5,Comissão de Marketplaces,3084.02
5458,2026-02-24,1,4,6,Folha de Comissões,4398.62
5459,2026-02-24,2,5,7,Influenciadores & Afiliados,1023.47
5460,2026-02-25,1,13,1,Locadora Frota Viva,9155.73
5461,2026-02-25,5,18,1,Banco Nacional,8278.49
5462,2026-02-25,5,18,1,Banco do Brasil Corporativo,4967.09
5463,2026-02-25,5,18,1,Cooperativa Crédito,3311.39
5464,2026-02-25,2,5,2,TikTok Ads,2438.6
5465,2026-02-25,5,17,2,Comissão de Marketplaces,5792.15
5466,2026-02-25,6,7,2,Correios Corporativo,2453.85
5467,2026-02-25,2,5,3,TikTok Ads,2304.31
5468,2026-02-26,6,8,3,Predial Total,5258.01
5469,2026-02-26,5,17,4,Adquirentes (cartão/PIX),3224.81
5470,2026-02-26,6,7,4,TransLog Express,4966.12
5471,2026-02-26,2,5,5,Meta Ads,2943.84
5472,2026-02-27,6,7,8,RodoFácil Transportes,2002.74
5473,2026-02-28,2,5,4,TikTok Ads,1772.74
5474,2026-02-28,6,8,4,ClimaFix,2991.05
5475,2026-02-28,1,4,5,Folha de Comissões,3245.19
5476,2026-02-28,7,16,5,OfficeMax Atacado,1385.02
5477,2026-02-28,6,7,6,Correios Corporativo,1157.39
5478,2026-03-01,1,3,1,Benefícios Corporativos (VR/VA/Plano),3670.91
5479,2026-03-01,2,3,1,Benefícios Corporativos (VR/VA/Plano),6159.2
5480,2026-03-01,3,3,1,Benefícios Corporativos (VR/VA/Plano),8545.25
5481,2026-03-01,4,3,1,Benefícios Corporativos (VR/VA/Plano),3641.97
5482,2026-03-01,5,3,1,Benefícios Corporativos (VR/VA/Plano),4851.26
5483,2026-03-01,6,3,1,Benefícios Corporativos (VR/VA/Plano),2461.46
5484,2026-03-01,7,3,1,Benefícios Corporativos (VR/VA/Plano),3619.76
5485,2026-03-01,8,3,1,Benefícios Corporativos (VR/VA/Plano),7448.15
5486,2026-03-01,1,3,2,Benefícios Corporativos (VR/VA/Plano),2471.24
5487,2026-03-01,6,3,2,Benefícios Corporativos (VR/VA/Plano),2486.74
5488,2026-03-01,7,3,2,Benefícios Corporativos (VR/VA/Plano),1229.53
5489,2026-03-01,1,3,3,Benefícios Corporativos (VR/VA/Plano),2475.43
5490,2026-03-01,6,3,3,Benefícios Corporativos (VR/VA/Plano),2411.94
5491,2026-03-01,7,3,3,Benefícios Corporativos (VR/VA/Plano),1242.78
5492,2026-03-01,1,3,4,Benefícios Corporativos (VR/VA/Plano),2470.87
5493,2026-03-01,2,5,4,Meta Ads,5223.22
5494,2026-03-01,2,6,4,Congresso Varejo Tech,4765.22
5495,2026-03-01,6,3,4,Benefícios Corporativos (VR/VA/Plano),2440.39
5496,2026-03-01,7,3,4,Benefícios Corporativos (VR/VA/Plano),1228.42
5497,2026-03-01,1,3,5,Benefícios Corporativos (VR/VA/Plano),2402.1
5498,2026-03-01,5,17,5,Adquirentes (cartão/PIX),3784.07
5499,2026-03-01,6,3,5,Benefícios Corporativos (VR/VA/Plano),2397.98
5500,2026-03-01,7,3,5,Benefícios Corporativos (VR/VA/Plano),1206.98
5501,2026-03-01,1,3,6,Benefícios Corporativos (VR/VA/Plano),2449.1
5502,2026-03-01,6,3,6,Benefícios Corporativos (VR/VA/Plano),2485.48
5503,2026-03-01,7,3,6,Benefícios Corporativos (VR/VA/Plano),1223.52
5504,2026-03-01,1,3,7,Benefícios Corporativos (VR/VA/Plano),2427.6
5505,2026-03-01,2,5,7,Google Ads,5441.73
5506,2026-03-01,2,5,7,Meta Ads,4275.65
5507,2026-03-01,6,3,7,Benefícios Corporativos (VR/VA/Plano),2437.24
5508,2026-03-01,7,3,7,Benefícios Corporativos (VR/VA/Plano),1207.22
5509,2026-03-01,1,3,8,Benefícios Corporativos (VR/VA/Plano),2421.03
5510,2026-03-01,6,3,8,Benefícios Corporativos (VR/VA/Plano),2395.66
5511,2026-03-01,7,3,8,Benefícios Corporativos (VR/VA/Plano),1219.35
5512,2026-03-02,4,14,1,Instituto Aprender,4634.44
5513,2026-03-02,6,7,3,TransLog Express,6615.37
5514,2026-03-02,2,5,5,TikTok Ads,1882.98
5515,2026-03-02,1,4,7,Folha de Comissões,8936.52
5516,2026-03-02,1,13,7,Agência de Viagens Rota,2467.85
5517,2026-03-02,2,6,8,Patrocínio Esporte Local,3340.84
5518,2026-03-02,5,17,8,Adquirentes (cartão/PIX),4090.26
5519,2026-03-03,2,6,7,Feira Office Brasil,4060.82
5520,2026-03-03,5,17,7,Comissão de Marketplaces,4343.86
5521,2026-03-03,5,17,8,Comissão de Marketplaces,3368.66
5522,2026-03-04,2,5,4,Google Ads,6647.74
5523,2026-03-04,1,13,6,Locadora Frota Viva,3189.41
5524,2026-03-04,5,17,6,Comissão de Marketplaces,7134.57
5525,2026-03-04,1,13,8,Agência de Viagens Rota,2955.69
5526,2026-03-05,1,1,1,Folha de Pagamento,14529.48
5527,2026-03-05,2,1,1,Folha de Pagamento,40497.87
5528,2026-03-05,3,1,1,Folha de Pagamento,84256.64
5529,2026-03-05,4,1,1,Folha de Pagamento,21292.48
5530,2026-03-05,5,1,1,Folha de Pagamento,36180.62
5531,2026-03-05,6,1,1,Folha de Pagamento,7890.16
5532,2026-03-05,7,1,1,Folha de Pagamento,13473.59
5533,2026-03-05,8,1,1,Folha de Pagamento,79791.38
5534,2026-03-05,1,1,2,Folha de Pagamento,9664.98
5535,2026-03-05,1,4,2,Folha de Comissões,10009.55
5536,2026-03-05,6,1,2,Folha de Pagamento,7862.51
5537,2026-03-05,6,7,2,Correios Corporativo,2911.96
5538,2026-03-05,7,1,2,Folha de Pagamento,4506.72
5539,2026-03-05,1,1,3,Folha de Pagamento,9718.09
5540,2026-03-05,6,1,3,Folha de Pagamento,7839.66
5541,2026-03-05,7,1,3,Folha de Pagamento,4485.74
5542,2026-03-05,1,1,4,Folha de Pagamento,9646.34
5543,2026-03-05,6,1,4,Folha de Pagamento,7878.29
5544,2026-03-05,6,7,4,TransLog Express,7234.07
5545,2026-03-05,7,1,4,Folha de Pagamento,4475.52
5546,2026-03-05,1,1,5,Folha de Pagamento,9636.33
5547,2026-03-05,6,1,5,Folha de Pagamento,7863.64
5548,2026-03-05,7,1,5,Folha de Pagamento,4518.09
5549,2026-03-05,1,1,6,Folha de Pagamento,9664.6
5550,2026-03-05,6,1,6,Folha de Pagamento,7885.27
5551,2026-03-05,7,1,6,Folha de Pagamento,4497.31
5552,2026-03-05,1,1,7,Folha de Pagamento,9629.08
5553,2026-03-05,6,1,7,Folha de Pagamento,7817.24
5554,2026-03-05,6,8,7,Manutec Serviços,3012.66
5555,2026-03-05,7,1,7,Folha de Pagamento,4500.5
5556,2026-03-05,1,1,8,Folha de Pagamento,9623.32
5557,2026-03-05,6,1,8,Folha de Pagamento,7800.03
5558,2026-03-05,7,1,8,Folha de Pagamento,4515.15
5559,2026-03-06,2,12,1,Agência Pixel,11716.43
5560,2026-03-07,2,5,2,Google Ads,9474.49
5561,2026-03-08,3,11,1,CloudSoft Infra,25496.33
5562,2026-03-08,3,11,1,Licenças Corp Brasil,13907.09
5563,2026-03-08,3,11,1,DevTools Pro,6953.54
5564,2026-03-08,7,16,8,OfficeMax Atacado,1348.33
5565,2026-03-09,1,13,1,Locadora Frota Viva,17133.31
5566,2026-03-09,3,12,1,Agência Pixel,19145.28
5567,2026-03-09,6,7,1,Correios Corporativo,7050.09
5568,2026-03-09,2,5,4,Influenciadores & Afiliados,1582.79
5569,2026-03-10,1,4,1,Folha de Comissões,25755.92
5570,2026-03-10,7,9,1,Locadora Imóveis São Paulo,32572.92
5571,2026-03-10,7,9,2,Locadora Imóveis Rio de Janeiro,16286.46
5572,2026-03-10,7,9,3,Locadora Imóveis Belo Horizonte,10857.64
5573,2026-03-10,5,17,4,Adquirentes (cartão/PIX),6894.82
5574,2026-03-10,7,9,4,Locadora Imóveis Curitiba,10314.76
5575,2026-03-10,7,9,5,Locadora Imóveis Porto Alegre,9228.99
5576,2026-03-10,6,8,6,ClimaFix,5527.69
5577,2026-03-10,7,9,6,Locadora Imóveis Brasília,11400.52
5578,2026-03-10,7,9,7,Locadora Imóveis Salvador,9228.99
5579,2026-03-10,2,5,8,TikTok Ads,1685.62
5580,2026-03-10,6,8,8,Manutec Serviços,2119.26
5581,2026-03-10,7,9,8,Locadora Imóveis Recife,9228.99
5582,2026-03-11,6,8,1,ClimaFix,7093.18
5583,2026-03-11,7,16,1,OfficeMax Atacado,2847.46
5584,2026-03-11,5,17,3,Adquirentes (cartão/PIX),5837.3
5585,2026-03-11,7,16,4,Papelaria Central,1481.84
5586,2026-03-11,7,16,5,Papelaria Central,844.25
5587,2026-03-12,6,7,1,RodoFácil Transportes,10575.13
5588,2026-03-12,7,15,1,Seguradora Aliança,4800.0
5589,2026-03-12,1,13,2,Agência de Viagens Rota,6471.06
5590,2026-03-12,5,17,2,Comissão de Marketplaces,14090.15
5591,2026-03-12,7,15,2,Seguradora Aliança,3000.0
5592,2026-03-12,7,16,2,OfficeMax Atacado,1874.85
5593,2026-03-12,6,7,3,RodoFácil Transportes,3969.22
5594,2026-03-12,7,15,3,Seguradora Aliança,2520.0
5595,2026-03-12,7,15,4,Seguradora Aliança,2400.0
5596,2026-03-12,5,17,5,Comissão de Marketplaces,2636.34
5597,2026-03-12,7,15,5,Seguradora Aliança,2160.0
5598,2026-03-12,7,15,6,Seguradora Aliança,2280.0
5599,2026-03-12,7,16,6,OfficeMax Atacado,1474.34
5600,2026-03-12,2,5,7,Influenciadores & Afiliados,1295.65
5601,2026-03-12,7,15,7,Seguradora Aliança,2280.0
5602,2026-03-12,7,15,8,Seguradora Aliança,2160.0
5603,2026-03-13,2,6,1,Feira Office Brasil,13327.52
5604,2026-03-13,5,17,1,Comissão de Marketplaces,17922.92
5605,2026-03-13,6,8,3,ClimaFix,5586.75
5606,2026-03-13,1,13,4,Locadora Frota Viva,3395.25
5607,2026-03-13,6,7,5,TransLog Express,3274.09
5608,2026-03-14,6,7,1,TransLog Express,17625.22
5609,2026-03-14,2,6,2,Congresso Varejo Tech,6600.93
5610,2026-03-14,7,16,3,Papelaria Central,1400.04
5611,2026-03-14,2,5,5,Influenciadores & Afiliados,1255.32
5612,2026-03-14,2,5,6,TikTok Ads,1921.59
5613,2026-03-14,6,7,7,TransLog Express,6244.89
5614,2026-03-15,7,10,1,Concessionária Local SP,14908.5
5615,2026-03-15,2,5,2,TikTok Ads,3383.75
5616,2026-03-15,6,7,2,TransLog Express,7279.91
5617,2026-03-15,7,10,2,Concessionária Local RJ,10043.6
5618,2026-03-15,2,6,3,Congresso Varejo Tech,5700.92
5619,2026-03-15,7,10,3,Concessionária Local MG,8240.92
5620,2026-03-15,7,10,4,Concessionária Local PR,7797.24
5621,2026-03-15,1,4,5,Folha de Comissões,5251.42
5622,2026-03-15,2,5,5,Google Ads,5272.35
5623,2026-03-15,7,10,5,Concessionária Local RS,7416.27
5624,2026-03-15,7,10,6,Concessionária Local DF,7691.47
5625,2026-03-15,7,10,7,Concessionária Local BA,8242.66
5626,2026-03-15,7,10,8,Concessionária Local PE,8032.34
5627,2026-03-16,2,5,1,TikTok Ads,7545.73
5628,2026-03-16,2,5,2,Influenciadores & Afiliados,2255.83
5629,2026-03-16,2,5,3,Google Ads,8876.76
5630,2026-03-16,5,17,4,Comissão de Marketplaces,3940.13
5631,2026-03-16,2,5,5,Meta Ads,4142.56
5632,2026-03-17,2,5,1,Google Ads,21128.06
5633,2026-03-17,2,5,1,Meta Ads,16600.62
5634,2026-03-17,6,7,3,Correios Corporativo,2646.15
5635,2026-03-17,6,7,4,Correios Corporativo,2893.63
5636,2026-03-17,2,5,8,Influenciadores & Afiliados,1123.75
5637,2026-03-18,5,17,6,Adquirentes (cartão/PIX),5402.72
5638,2026-03-18,7,16,7,Papelaria Central,1114.6
5639,2026-03-19,1,4,6,Folha de Comissões,7654.24
5640,2026-03-20,1,2,1,INSS / FGTS / Encargos,5230.61
5641,2026-03-20,2,2,1,INSS / FGTS / Encargos,14579.23
5642,2026-03-20,3,2,1,INSS / FGTS / Encargos,30332.39
5643,2026-03-20,4,2,1,INSS / FGTS / Encargos,7665.29
5644,2026-03-20,5,2,1,INSS / FGTS / Encargos,13025.02
5645,2026-03-20,6,2,1,INSS / FGTS / Encargos,2840.46
5646,2026-03-20,7,2,1,INSS / FGTS / Encargos,4850.49
5647,2026-03-20,8,2,1,INSS / FGTS / Encargos,28724.9
5648,2026-03-20,1,2,2,INSS / FGTS / Encargos,3479.39
5649,2026-03-20,6,2,2,INSS / FGTS / Encargos,2830.5
5650,2026-03-20,7,2,2,INSS / FGTS / Encargos,1622.42
5651,2026-03-20,1,2,3,INSS / FGTS / Encargos,3498.51
5652,2026-03-20,6,2,3,INSS / FGTS / Encargos,2822.28
5653,2026-03-20,7,2,3,INSS / FGTS / Encargos,1614.87
5654,2026-03-20,1,2,4,INSS / FGTS / Encargos,3472.68
5655,2026-03-20,6,2,4,INSS / FGTS / Encargos,2836.19
5656,2026-03-20,6,8,4,Manutec Serviços,5257.13
5657,2026-03-20,7,2,4,INSS / FGTS / Encargos,1611.19
5658,2026-03-20,1,2,5,INSS / FGTS / Encargos,3469.08
5659,2026-03-20,6,2,5,INSS / FGTS / Encargos,2830.91
5660,2026-03-20,7,2,5,INSS / FGTS / Encargos,1626.51
5661,2026-03-20,1,2,6,INSS / FGTS / Encargos,3479.26
5662,2026-03-20,6,2,6,INSS / FGTS / Encargos,2838.7
5663,2026-03-20,7,2,6,INSS / FGTS / Encargos,1619.03
5664,2026-03-20,1,2,7,INSS / FGTS / Encargos,3466.47
5665,2026-03-20,6,2,7,INSS / FGTS / Encargos,2814.21
5666,2026-03-20,7,2,7,INSS / FGTS / Encargos,1620.18
5667,2026-03-20,1,2,8,INSS / FGTS / Encargos,3464.4
5668,2026-03-20,6,2,8,INSS / FGTS / Encargos,2808.01
5669,2026-03-20,7,2,8,INSS / FGTS / Encargos,1625.45
5670,2026-03-21,2,5,2,Meta Ads,7444.24
5671,2026-03-21,1,4,3,Folha de Comissões,9454.34
5672,2026-03-21,6,7,6,TransLog Express,5379.4
5673,2026-03-22,5,17,1,Adquirentes (cartão/PIX),16987.72
5674,2026-03-22,5,12,1,Agência Pixel,19074.94
5675,2026-03-22,2,5,6,Google Ads,5380.44
5676,2026-03-23,2,5,4,TikTok Ads,2374.19
5677,2026-03-23,6,7,5,Correios Corporativo,1309.63
5678,2026-03-23,2,5,7,TikTok Ads,1943.48
5679,2026-03-23,6,7,8,RodoFácil Transportes,2178.57
5680,2026-03-23,6,7,8,Correios Corporativo,1452.38
5681,2026-03-24,6,7,2,RodoFácil Transportes,4367.95
5682,2026-03-24,2,6,5,Feira Office Brasil,3491.63
5683,2026-03-24,6,7,6,Correios Corporativo,2151.76
5684,2026-03-25,2,5,1,Influenciadores & Afiliados,5030.49
5685,2026-03-25,5,18,1,Banco Nacional,8409.07
5686,2026-03-25,5,18,1,Banco do Brasil Corporativo,5045.44
5687,2026-03-25,5,18,1,Cooperativa Crédito,3363.63
5688,2026-03-25,1,13,5,Agência de Viagens Rota,4321.56
5689,2026-03-25,2,5,8,Meta Ads,3708.37
5690,2026-03-26,2,5,3,Influenciadores & Afiliados,2113.51
5691,2026-03-26,1,4,4,Folha de Comissões,10197.69
5692,2026-03-26,2,5,6,Influenciadores & Afiliados,1281.06
5693,2026-03-26,6,7,7,RodoFácil Transportes,3746.93
5694,2026-03-27,2,5,3,Meta Ads,6974.6
5695,2026-03-27,6,7,4,RodoFácil Transportes,4340.44
5696,2026-03-27,1,4,8,Folha de Comissões,5569.61
5697,2026-03-29,1,13,3,Agência de Viagens Rota,5849.79
5698,2026-03-29,5,17,3,Comissão de Marketplaces,7709.92
5699,2026-03-29,6,8,5,ClimaFix,4122.36
5700,2026-03-29,2,6,6,Patrocínio Esporte Local,3424.92
5701,2026-03-29,6,7,6,RodoFácil Transportes,3227.64
5702,2026-03-29,6,7,8,TransLog Express,3630.95
5703,2026-03-30,6,8,2,ClimaFix,3702.07
5704,2026-03-30,2,5,3,TikTok Ads,3170.27
5705,2026-03-30,6,7,5,RodoFácil Transportes,1964.45
5706,2026-03-30,2,5,6,Meta Ads,4227.49
5707,2026-03-30,5,17,7,Adquirentes (cartão/PIX),6326.01
5708,2026-03-30,2,5,8,Google Ads,4719.74
5709,2026-03-31,5,17,2,Adquirentes (cartão/PIX),6083.38
5710,2026-03-31,6,7,7,Correios Corporativo,2497.96
5711,2026-04-01,1,3,1,Benefícios Corporativos (VR/VA/Plano),3717.0
5712,2026-04-01,2,3,1,Benefícios Corporativos (VR/VA/Plano),6202.67
5713,2026-04-01,2,5,1,Meta Ads,16129.62
5714,2026-04-01,3,3,1,Benefícios Corporativos (VR/VA/Plano),8373.65
5715,2026-04-01,4,3,1,Benefícios Corporativos (VR/VA/Plano),3626.76
5716,2026-04-01,5,3,1,Benefícios Corporativos (VR/VA/Plano),4949.96
5717,2026-04-01,6,3,1,Benefícios Corporativos (VR/VA/Plano),2447.07
5718,2026-04-01,7,3,1,Benefícios Corporativos (VR/VA/Plano),3632.15
5719,2026-04-01,8,3,1,Benefícios Corporativos (VR/VA/Plano),7407.15
5720,2026-04-01,1,3,2,Benefícios Corporativos (VR/VA/Plano),2469.67
5721,2026-04-01,6,3,2,Benefícios Corporativos (VR/VA/Plano),2419.22
5722,2026-04-01,6,8,2,Manutec Serviços,3931.69
5723,2026-04-01,7,3,2,Benefícios Corporativos (VR/VA/Plano),1241.32
5724,2026-04-01,1,3,3,Benefícios Corporativos (VR/VA/Plano),2410.58
5725,2026-04-01,2,5,3,TikTok Ads,2972.89
5726,2026-04-01,6,3,3,Benefícios Corporativos (VR/VA/Plano),2423.38
5727,2026-04-01,7,3,3,Benefícios Corporativos (VR/VA/Plano),1230.16
5728,2026-04-01,1,3,4,Benefícios Corporativos (VR/VA/Plano),2447.34
5729,2026-04-01,6,3,4,Benefícios Corporativos (VR/VA/Plano),2483.85
5730,2026-04-01,7,3,4,Benefícios Corporativos (VR/VA/Plano),1198.26
5731,2026-04-01,1,3,5,Benefícios Corporativos (VR/VA/Plano),2434.03
5732,2026-04-01,6,3,5,Benefícios Corporativos (VR/VA/Plano),2459.62
5733,2026-04-01,7,3,5,Benefícios Corporativos (VR/VA/Plano),1225.99
5734,2026-04-01,1,3,6,Benefícios Corporativos (VR/VA/Plano),2476.49
5735,2026-04-01,6,3,6,Benefícios Corporativos (VR/VA/Plano),2470.41
5736,2026-04-01,7,3,6,Benefícios Corporativos (VR/VA/Plano),1239.35
5737,2026-04-01,1,3,7,Benefícios Corporativos (VR/VA/Plano),2432.47
5738,2026-04-01,6,3,7,Benefícios Corporativos (VR/VA/Plano),2465.54
5739,2026-04-01,7,3,7,Benefícios Corporativos (VR/VA/Plano),1207.23
5740,2026-04-01,1,3,8,Benefícios Corporativos (VR/VA/Plano),2471.88
5741,2026-04-01,6,3,8,Benefícios Corporativos (VR/VA/Plano),2398.33
5742,2026-04-01,7,3,8,Benefícios Corporativos (VR/VA/Plano),1232.85
5743,2026-04-02,1,13,2,Locadora Frota Viva,7170.73
5744,2026-04-02,1,4,4,Folha de Comissões,9016.8
5745,2026-04-03,2,5,1,Google Ads,20528.61
5746,2026-04-03,1,13,4,Agência de Viagens Rota,3909.32
5747,2026-04-03,2,5,5,Influenciadores & Afiliados,1136.48
5748,2026-04-03,5,17,6,Comissão de Marketplaces,5588.47
5749,2026-04-03,2,5,7,Influenciadores & Afiliados,1271.47
5750,2026-04-04,1,4,3,Folha de Comissões,9828.35
5751,2026-04-04,6,7,3,TransLog Express,6074.83
5752,2026-04-04,6,7,3,Correios Corporativo,2429.93
5753,2026-04-04,6,8,3,Predial Total,3274.82
5754,2026-04-04,6,7,6,Correios Corporativo,2016.43
5755,2026-04-04,6,8,8,Manutec Serviços,4611.58
5756,2026-04-05,1,1,1,Folha de Pagamento,14488.58
5757,2026-04-05,2,1,1,Folha de Pagamento,40173.42
5758,2026-04-05,3,1,1,Folha de Pagamento,84258.94
5759,2026-04-05,3,12,1,Agência Pixel,15143.93
5760,2026-04-05,4,1,1,Folha de Pagamento,21499.29
5761,2026-04-05,5,1,1,Folha de Pagamento,36176.06
5762,2026-04-05,6,1,1,Folha de Pagamento,7870.98
5763,2026-04-05,7,1,1,Folha de Pagamento,13497.37
5764,2026-04-05,8,1,1,Folha de Pagamento,80073.78
5765,2026-04-05,1,1,2,Folha de Pagamento,9679.93
5766,2026-04-05,2,5,2,TikTok Ads,3090.77
5767,2026-04-05,6,1,2,Folha de Pagamento,7792.43
5768,2026-04-05,7,1,2,Folha de Pagamento,4476.38
5769,2026-04-05,1,1,3,Folha de Pagamento,9742.25
5770,2026-04-05,6,1,3,Folha de Pagamento,7832.82
5771,2026-04-05,7,1,3,Folha de Pagamento,4493.47
5772,2026-04-05,1,1,4,Folha de Pagamento,9720.75
5773,2026-04-05,6,1,4,Folha de Pagamento,7879.8
5774,2026-04-05,6,7,4,TransLog Express,6892.16
5775,2026-04-05,7,1,4,Folha de Pagamento,4487.56
5776,2026-04-05,1,1,5,Folha de Pagamento,9636.01
5777,2026-04-05,6,1,5,Folha de Pagamento,7873.05
5778,2026-04-05,7,1,5,Folha de Pagamento,4491.73
5779,2026-04-05,1,1,6,Folha de Pagamento,9683.62
5780,2026-04-05,6,1,6,Folha de Pagamento,7857.94
5781,2026-04-05,7,1,6,Folha de Pagamento,4505.12
5782,2026-04-05,1,1,7,Folha de Pagamento,9747.1
5783,2026-04-05,6,1,7,Folha de Pagamento,7789.68
5784,2026-04-05,7,1,7,Folha de Pagamento,4477.32
5785,2026-04-05,1,1,8,Folha de Pagamento,9716.16
5786,2026-04-05,6,1,8,Folha de Pagamento,7848.8
5787,2026-04-05,7,1,8,Folha de Pagamento,4499.4
5788,2026-04-06,6,7,1,TransLog Express,15429.51
5789,2026-04-06,1,13,3,Agência de Viagens Rota,6610.89
5790,2026-04-06,1,4,5,Folha de Comissões,6923.71
5791,2026-04-06,6,7,5,RodoFácil Transportes,2721.84
5792,2026-04-06,1,13,7,Agência de Viagens Rota,3017.09
5793,2026-04-06,2,5,7,Meta Ads,4195.87
5794,2026-04-06,5,17,7,Adquirentes (cartão/PIX),4047.3
5795,2026-04-06,6,7,7,RodoFácil Transportes,2077.42
5796,2026-04-06,1,4,8,Folha de Comissões,5384.98
5797,2026-04-06,2,5,8,Influenciadores & Afiliados,1067.85
5798,2026-04-07,2,5,6,Influenciadores & Afiliados,1224.51
5799,2026-04-07,6,7,7,Correios Corporativo,1384.95
5800,2026-04-08,3,11,1,CloudSoft Infra,26399.21
5801,2026-04-08,3,11,1,Licenças Corp Brasil,14399.57
5802,2026-04-08,3,11,1,DevTools Pro,7199.78
5803,2026-04-08,7,16,5,Papelaria Central,1031.72
5804,2026-04-09,6,7,1,RodoFácil Transportes,9257.7
5805,2026-04-09,1,4,2,Folha de Comissões,11459.92
5806,2026-04-09,7,16,2,Papelaria Central,1697.51
5807,2026-04-09,2,5,4,Meta Ads,5111.22
5808,2026-04-09,6,7,6,TransLog Express,5041.08
5809,2026-04-09,1,13,8,Agência de Viagens Rota,1889.43
5810,2026-04-09,5,17,8,Comissão de Marketplaces,6325.35
5811,2026-04-09,6,7,8,Correios Corporativo,1479.42
5812,2026-04-10,2,5,1,Influenciadores & Afiliados,4887.76
5813,2026-04-10,5,12,1,Agência Pixel,10961.24
5814,2026-04-10,7,9,1,Locadora Imóveis São Paulo,32572.92
5815,2026-04-10,7,9,2,Locadora Imóveis Rio de Janeiro,16286.46
5816,2026-04-10,7,9,3,Locadora Imóveis Belo Horizonte,10857.64
5817,2026-04-10,6,7,4,Correios Corporativo,2756.87
5818,2026-04-10,7,9,4,Locadora Imóveis Curitiba,10314.76
5819,2026-04-10,5,17,5,Comissão de Marketplaces,5043.34
5820,2026-04-10,7,9,5,Locadora Imóveis Porto Alegre,9228.99
5821,2026-04-10,7,9,6,Locadora Imóveis Brasília,11400.52
5822,2026-04-10,7,9,7,Locadora Imóveis Salvador,9228.99
5823,2026-04-10,6,7,8,RodoFácil Transportes,2219.14
5824,2026-04-10,7,9,8,Locadora Imóveis Recife,9228.99
5825,2026-04-11,2,5,2,Google Ads,8654.17
5826,2026-04-11,6,7,2,RodoFácil Transportes,5066.24
5827,2026-04-11,2,5,5,TikTok Ads,1704.72
5828,2026-04-12,6,7,1,Correios Corporativo,6171.8
5829,2026-04-12,7,15,1,Seguradora Aliança,4800.0
5830,2026-04-12,7,16,1,OfficeMax Atacado,2287.86
5831,2026-04-12,7,15,2,Seguradora Aliança,3000.0
5832,2026-04-12,2,5,3,Meta Ads,6540.37
5833,2026-04-12,7,15,3,Seguradora Aliança,2520.0
5834,2026-04-12,7,15,4,Seguradora Aliança,2400.0
5835,2026-04-12,2,5,5,Meta Ads,3750.38
5836,2026-04-12,7,15,5,Seguradora Aliança,2160.0
5837,2026-04-12,7,15,6,Seguradora Aliança,2280.0
5838,2026-04-12,7,15,7,Seguradora Aliança,2280.0
5839,2026-04-12,7,15,8,Seguradora Aliança,2160.0
5840,2026-04-13,2,5,1,TikTok Ads,7331.65
5841,2026-04-13,5,17,1,Adquirentes (cartão/PIX),14558.07
5842,2026-04-13,5,17,2,Comissão de Marketplaces,14911.01
5843,2026-04-13,5,17,3,Adquirentes (cartão/PIX),6193.63
5844,2026-04-13,7,16,3,OfficeMax Atacado,1080.12
5845,2026-04-13,5,17,4,Adquirentes (cartão/PIX),6209.4
5846,2026-04-13,6,8,4,Manutec Serviços,5314.86
5847,2026-04-13,6,8,6,ClimaFix,3560.6
5848,2026-04-14,1,13,1,Locadora Frota Viva,8988.27
5849,2026-04-14,2,5,4,Google Ads,6505.19
5850,2026-04-14,1,13,6,Locadora Frota Viva,2019.44
5851,2026-04-14,2,5,7,TikTok Ads,1907.21
5852,2026-04-14,5,17,8,Adquirentes (cartão/PIX),2863.52
5853,2026-04-14,6,7,8,TransLog Express,3698.56
5854,2026-04-15,4,14,1,Academia Corporativa,5188.47
5855,2026-04-15,7,10,1,Concessionária Local SP,14138.05
5856,2026-04-15,7,10,2,Concessionária Local RJ,8791.67
5857,2026-04-15,7,10,3,Concessionária Local MG,7220.7
5858,2026-04-15,5,17,4,Comissão de Marketplaces,6907.63
5859,2026-04-15,7,10,4,Concessionária Local PR,6745.68
5860,2026-04-15,7,10,5,Concessionária Local RS,6721.89
5861,2026-04-15,1,4,6,Folha de Comissões,7071.04
5862,2026-04-15,7,10,6,Concessionária Local DF,6587.5
5863,2026-04-15,2,5,7,Google Ads,5340.19
5864,2026-04-15,7,10,7,Concessionária Local BA,7083.81
5865,2026-04-15,2,5,8,Meta Ads,3523.92
5866,2026-04-15,7,10,8,Concessionária Local PE,6044.27
5867,2026-04-16,6,8,7,ClimaFix,3056.21
5868,2026-04-16,2,5,8,TikTok Ads,1601.78
5869,2026-04-18,5,17,1,Comissão de Marketplaces,15242.74
5870,2026-04-18,2,5,2,Meta Ads,6799.7
5871,2026-04-18,6,7,5,TransLog Express,4536.39
5872,2026-04-18,6,7,6,RodoFácil Transportes,3024.65
5873,2026-04-18,5,17,7,Comissão de Marketplaces,2549.41
5874,2026-04-19,2,5,3,Google Ads,8324.1
5875,2026-04-19,6,8,5,ClimaFix,5353.41
5876,2026-04-20,1,2,1,INSS / FGTS / Encargos,5215.89
5877,2026-04-20,2,2,1,INSS / FGTS / Encargos,14462.43
5878,2026-04-20,2,12,1,Agência Pixel,12601.79
5879,2026-04-20,3,2,1,INSS / FGTS / Encargos,30333.22
5880,2026-04-20,4,2,1,INSS / FGTS / Encargos,7739.75
5881,2026-04-20,5,2,1,INSS / FGTS / Encargos,13023.38
5882,2026-04-20,6,2,1,INSS / FGTS / Encargos,2833.55
5883,2026-04-20,7,2,1,INSS / FGTS / Encargos,4859.05
5884,2026-04-20,8,2,1,INSS / FGTS / Encargos,28826.56
5885,2026-04-20,1,2,2,INSS / FGTS / Encargos,3484.77
5886,2026-04-20,6,2,2,INSS / FGTS / Encargos,2805.27
5887,2026-04-20,6,7,2,TransLog Express,8443.73
5888,2026-04-20,7,2,2,INSS / FGTS / Encargos,1611.5
5889,2026-04-20,1,2,3,INSS / FGTS / Encargos,3507.21
5890,2026-04-20,6,2,3,INSS / FGTS / Encargos,2819.81
5891,2026-04-20,7,2,3,INSS / FGTS / Encargos,1617.65
5892,2026-04-20,1,2,4,INSS / FGTS / Encargos,3499.47
5893,2026-04-20,6,2,4,INSS / FGTS / Encargos,2836.73
5894,2026-04-20,7,2,4,INSS / FGTS / Encargos,1615.52
5895,2026-04-20,1,2,5,INSS / FGTS / Encargos,3468.96
5896,2026-04-20,6,2,5,INSS / FGTS / Encargos,2834.3
5897,2026-04-20,7,2,5,INSS / FGTS / Encargos,1617.02
5898,2026-04-20,1,2,6,INSS / FGTS / Encargos,3486.1
5899,2026-04-20,6,2,6,INSS / FGTS / Encargos,2828.86
5900,2026-04-20,7,2,6,INSS / FGTS / Encargos,1621.84
5901,2026-04-20,1,2,7,INSS / FGTS / Encargos,3508.96
5902,2026-04-20,6,2,7,INSS / FGTS / Encargos,2804.29
5903,2026-04-20,7,2,7,INSS / FGTS / Encargos,1611.84
5904,2026-04-20,1,2,8,INSS / FGTS / Encargos,3497.82
5905,2026-04-20,6,2,8,INSS / FGTS / Encargos,2825.57
5906,2026-04-20,7,2,8,INSS / FGTS / Encargos,1619.78
5907,2026-04-21,6,7,5,Correios Corporativo,1814.56
5908,2026-04-21,1,4,7,Folha de Comissões,5484.55
5909,2026-04-21,7,16,7,OfficeMax Atacado,1071.98
5910,2026-04-22,1,4,1,Folha de Comissões,21838.77
5911,2026-04-22,6,8,1,Manutec Serviços,7882.29
5912,2026-04-22,6,7,2,Correios Corporativo,3377.49
5913,2026-04-22,1,13,5,Locadora Frota Viva,2682.5
5914,2026-04-22,5,17,5,Adquirentes (cartão/PIX),5288.51
5915,2026-04-22,2,5,6,Google Ads,5142.93
5916,2026-04-23,6,7,3,RodoFácil Transportes,3644.9
5917,2026-04-24,7,16,6,Papelaria Central,952.37
5918,2026-04-25,5,18,1,Banco Nacional,8190.64
5919,2026-04-25,5,18,1,Banco do Brasil Corporativo,4914.38
5920,2026-04-25,5,18,1,Cooperativa Crédito,3276.25
5921,2026-04-25,2,5,3,Influenciadores & Afiliados,1981.93
5922,2026-04-25,2,5,6,Meta Ads,4040.88
5923,2026-04-25,7,16,8,Papelaria Central,1473.17
5924,2026-04-26,2,5,6,TikTok Ads,1836.76
5925,2026-04-26,5,17,6,Adquirentes (cartão/PIX),5291.03
5926,2026-04-26,6,7,7,TransLog Express,3462.37
5927,2026-04-27,5,17,3,Comissão de Marketplaces,6308.32
5928,2026-04-27,2,5,4,TikTok Ads,2323.28
5929,2026-04-27,6,7,4,RodoFácil Transportes,4135.3
5930,2026-04-27,7,16,4,Papelaria Central,1525.63
5931,2026-04-28,5,17,2,Adquirentes (cartão/PIX),6989.68
5932,2026-04-28,2,5,5,Google Ads,4773.21
5933,2026-04-29,2,5,2,Influenciadores & Afiliados,2060.52
5934,2026-04-29,2,5,4,Influenciadores & Afiliados,1548.85
5935,2026-04-29,2,5,8,Google Ads,4484.99
5936,2026-05-01,1,3,1,Benefícios Corporativos (VR/VA/Plano),3602.39
5937,2026-05-01,2,3,1,Benefícios Corporativos (VR/VA/Plano),6040.28
5938,2026-05-01,3,3,1,Benefícios Corporativos (VR/VA/Plano),8383.24
5939,2026-05-01,4,3,1,Benefícios Corporativos (VR/VA/Plano),3630.53
5940,2026-05-01,5,3,1,Benefícios Corporativos (VR/VA/Plano),4919.39
5941,2026-05-01,6,3,1,Benefícios Corporativos (VR/VA/Plano),2471.84
5942,2026-05-01,7,3,1,Benefícios Corporativos (VR/VA/Plano),3703.5
5943,2026-05-01,8,3,1,Benefícios Corporativos (VR/VA/Plano),7185.08
5944,2026-05-01,1,3,2,Benefícios Corporativos (VR/VA/Plano),2461.72
5945,2026-05-01,6,3,2,Benefícios Corporativos (VR/VA/Plano),2404.95
5946,2026-05-01,6,8,2,Manutec Serviços,3276.29
5947,2026-05-01,7,3,2,Benefícios Corporativos (VR/VA/Plano),1202.2
5948,2026-05-01,1,3,3,Benefícios Corporativos (VR/VA/Plano),2449.71
5949,2026-05-01,2,5,3,Google Ads,8523.79
5950,2026-05-01,6,3,3,Benefícios Corporativos (VR/VA/Plano),2464.45
5951,2026-05-01,7,3,3,Benefícios Corporativos (VR/VA/Plano),1225.23
5952,2026-05-01,1,3,4,Benefícios Corporativos (VR/VA/Plano),2453.72
5953,2026-05-01,2,5,4,Influenciadores & Afiliados,1693.16
5954,2026-05-01,6,3,4,Benefícios Corporativos (VR/VA/Plano),2482.99
5955,2026-05-01,7,3,4,Benefícios Corporativos (VR/VA/Plano),1234.76
5956,2026-05-01,1,3,5,Benefícios Corporativos (VR/VA/Plano),2487.24
5957,2026-05-01,6,3,5,Benefícios Corporativos (VR/VA/Plano),2478.81
5958,2026-05-01,6,7,5,RodoFácil Transportes,2803.81
5959,2026-05-01,7,3,5,Benefícios Corporativos (VR/VA/Plano),1208.8
5960,2026-05-01,1,3,6,Benefícios Corporativos (VR/VA/Plano),2479.54
5961,2026-05-01,1,4,6,Folha de Comissões,9017.89
5962,2026-05-01,6,3,6,Benefícios Corporativos (VR/VA/Plano),2450.42
5963,2026-05-01,7,3,6,Benefícios Corporativos (VR/VA/Plano),1243.25
5964,2026-05-01,1,3,7,Benefícios Corporativos (VR/VA/Plano),2408.51
5965,2026-05-01,6,3,7,Benefícios Corporativos (VR/VA/Plano),2466.02
5966,2026-05-01,7,3,7,Benefícios Corporativos (VR/VA/Plano),1214.84
5967,2026-05-01,1,3,8,Benefícios Corporativos (VR/VA/Plano),2444.05
5968,2026-05-01,6,3,8,Benefícios Corporativos (VR/VA/Plano),2411.06
5969,2026-05-01,7,3,8,Benefícios Corporativos (VR/VA/Plano),1220.34
5970,2026-05-02,5,17,2,Adquirentes (cartão/PIX),9155.5
5971,2026-05-02,6,7,4,Correios Corporativo,2852.87
5972,2026-05-02,2,5,6,TikTok Ads,2049.57
5973,2026-05-02,7,16,6,Papelaria Central,1330.65
5974,2026-05-03,6,7,3,Correios Corporativo,2396.79
5975,2026-05-03,5,17,8,Comissão de Marketplaces,3982.28
5976,2026-05-04,1,4,2,Folha de Comissões,13479.4
5977,2026-05-04,2,5,2,Google Ads,9741.47
5978,2026-05-04,5,17,7,Adquirentes (cartão/PIX),5954.6
5979,2026-05-05,1,1,1,Folha de Pagamento,14423.91
5980,2026-05-05,2,1,1,Folha de Pagamento,40092.61
5981,2026-05-05,3,1,1,Folha de Pagamento,84739.89
5982,2026-05-05,4,1,1,Folha de Pagamento,21450.1
5983,2026-05-05,5,1,1,Folha de Pagamento,36146.44
5984,2026-05-05,6,1,1,Folha de Pagamento,7817.79
5985,2026-05-05,7,1,1,Folha de Pagamento,13400.66
5986,2026-05-05,7,16,1,Papelaria Central,1830.76
5987,2026-05-05,8,1,1,Folha de Pagamento,80131.6
5988,2026-05-05,1,1,2,Folha de Pagamento,9652.27
5989,2026-05-05,6,1,2,Folha de Pagamento,7894.84
5990,2026-05-05,7,1,2,Folha de Pagamento,4500.34
5991,2026-05-05,1,1,3,Folha de Pagamento,9671.61
5992,2026-05-05,6,1,3,Folha de Pagamento,7812.16
5993,2026-05-05,7,1,3,Folha de Pagamento,4466.03
5994,2026-05-05,1,1,4,Folha de Pagamento,9731.67
5995,2026-05-05,6,1,4,Folha de Pagamento,7880.01
5996,2026-05-05,7,1,4,Folha de Pagamento,4499.51
5997,2026-05-05,1,1,5,Folha de Pagamento,9630.63
5998,2026-05-05,5,17,5,Comissão de Marketplaces,5974.82
5999,2026-05-05,6,1,5,Folha de Pagamento,7873.4
6000,2026-05-05,7,1,5,Folha de Pagamento,4489.11
6001,2026-05-05,1,1,6,Folha de Pagamento,9611.94
6002,2026-05-05,6,1,6,Folha de Pagamento,7813.94
6003,2026-05-05,7,1,6,Folha de Pagamento,4506.39
6004,2026-05-05,1,1,7,Folha de Pagamento,9677.25
6005,2026-05-05,2,5,7,Meta Ads,4296.02
6006,2026-05-05,6,1,7,Folha de Pagamento,7813.51
6007,2026-05-05,7,1,7,Folha de Pagamento,4468.42
6008,2026-05-05,1,1,8,Folha de Pagamento,9696.4
6009,2026-05-05,6,1,8,Folha de Pagamento,7896.88
6010,2026-05-05,7,1,8,Folha de Pagamento,4474.21
6011,2026-05-06,1,4,7,Folha de Comissões,7491.64
6012,2026-05-06,2,5,8,Google Ads,4796.93
6013,2026-05-07,1,13,2,Locadora Frota Viva,7665.76
6014,2026-05-07,5,17,2,Comissão de Marketplaces,14816.32
6015,2026-05-07,2,5,5,Meta Ads,4250.51
6016,2026-05-08,3,11,1,CloudSoft Infra,27307.94
6017,2026-05-08,3,11,1,Licenças Corp Brasil,14895.24
6018,2026-05-08,3,11,1,DevTools Pro,7447.62
6019,2026-05-08,2,5,3,Influenciadores & Afiliados,2029.47
6020,2026-05-08,6,7,6,TransLog Express,6020.21
6021,2026-05-09,6,7,6,RodoFácil Transportes,3612.13
6022,2026-05-10,7,9,1,Locadora Imóveis São Paulo,32572.92
6023,2026-05-10,7,9,2,Locadora Imóveis Rio de Janeiro,16286.46
6024,2026-05-10,7,9,3,Locadora Imóveis Belo Horizonte,10857.64
6025,2026-05-10,7,9,4,Locadora Imóveis Curitiba,10314.76
6026,2026-05-10,7,9,5,Locadora Imóveis Porto Alegre,9228.99
6027,2026-05-10,7,9,6,Locadora Imóveis Brasília,11400.52
6028,2026-05-10,1,13,7,Agência de Viagens Rota,4544.94
6029,2026-05-10,2,5,7,Google Ads,5467.66
6030,2026-05-10,2,5,7,Influenciadores & Afiliados,1301.82
6031,2026-05-10,7,9,7,Locadora Imóveis Salvador,9228.99
6032,2026-05-10,2,5,8,Influenciadores & Afiliados,1142.13
6033,2026-05-10,7,9,8,Locadora Imóveis Recife,9228.99
6034,2026-05-11,2,5,1,Google Ads,21080.09
6035,2026-05-11,6,7,1,Correios Corporativo,6157.9
6036,2026-05-11,6,7,2,Correios Corporativo,4396.44
6037,2026-05-11,1,13,6,Agência de Viagens Rota,3892.32
6038,2026-05-12,7,15,1,Seguradora Aliança,4800.0
6039,2026-05-12,2,5,2,Meta Ads,7654.01
6040,2026-05-12,2,5,2,TikTok Ads,3479.1
6041,2026-05-12,7,15,2,Seguradora Aliança,3000.0
6042,2026-05-12,7,16,2,OfficeMax Atacado,1302.05
6043,2026-05-12,7,15,3,Seguradora Aliança,2520.0
6044,2026-05-12,7,15,4,Seguradora Aliança,2400.0
6045,2026-05-12,7,15,5,Seguradora Aliança,2160.0
6046,2026-05-12,7,15,6,Seguradora Aliança,2280.0
6047,2026-05-12,7,15,7,Seguradora Aliança,2280.0
6048,2026-05-12,6,7,8,TransLog Express,3564.6
6049,2026-05-12,7,15,8,Seguradora Aliança,2160.0
6050,2026-05-13,6,8,1,Predial Total,5777.0
6051,2026-05-13,5,17,8,Adquirentes (cartão/PIX),3861.8
6052,2026-05-14,2,5,1,Meta Ads,16562.93
6053,2026-05-14,5,17,3,Comissão de Marketplaces,3240.91
6054,2026-05-14,6,7,5,Correios Corporativo,1869.21
6055,2026-05-14,6,7,6,Correios Corporativo,2408.08
6056,2026-05-14,6,8,6,ClimaFix,5104.44
6057,2026-05-14,6,7,8,RodoFácil Transportes,2138.76
6058,2026-05-15,1,13,1,Locadora Frota Viva,14103.91
6059,2026-05-15,7,10,1,Concessionária Local SP,12647.44
6060,2026-05-15,2,5,2,Influenciadores & Afiliados,2319.4
6061,2026-05-15,7,10,2,Concessionária Local RJ,8340.24
6062,2026-05-15,7,10,3,Concessionária Local MG,7426.79
6063,2026-05-15,1,4,4,Folha de Comissões,10488.84
6064,2026-05-15,7,10,4,Concessionária Local PR,6720.76
6065,2026-05-15,7,10,5,Concessionária Local RS,6108.94
6066,2026-05-15,2,5,6,Google Ads,5738.78
6067,2026-05-15,7,10,6,Concessionária Local DF,6595.12
6068,2026-05-15,6,7,7,TransLog Express,5601.31
6069,2026-05-15,7,10,7,Concessionária Local BA,7096.04
6070,2026-05-15,7,10,8,Concessionária Local PE,6130.36
6071,2026-05-16,2,5,1,Influenciadores & Afiliados,5019.07
6072,2026-05-16,6,7,1,TransLog Express,15394.76
6073,2026-05-16,1,13,8,Locadora Frota Viva,3670.82
6074,2026-05-17,2,5,4,Google Ads,7111.27
6075,2026-05-17,6,7,4,TransLog Express,7132.17
6076,2026-05-17,2,5,5,TikTok Ads,1932.05
6077,2026-05-18,6,7,3,RodoFácil Transportes,3595.18
6078,2026-05-18,2,5,4,TikTok Ads,2539.74
6079,2026-05-18,5,17,4,Comissão de Marketplaces,5444.53
6080,2026-05-18,5,17,5,Adquirentes (cartão/PIX),4184.88
6081,2026-05-18,5,17,6,Comissão de Marketplaces,7470.21
6082,2026-05-19,1,13,3,Agência de Viagens Rota,3933.89
6083,2026-05-19,7,16,3,Papelaria Central,1412.64
6084,2026-05-19,6,8,5,Manutec Serviços,2458.45
6085,2026-05-19,2,5,7,TikTok Ads,1952.73
6086,2026-05-19,1,4,8,Folha de Comissões,4882.0
6087,2026-05-19,2,5,8,Meta Ads,3769.02
6088,2026-05-20,1,2,1,INSS / FGTS / Encargos,5192.61
6089,2026-05-20,2,2,1,INSS / FGTS / Encargos,14433.34
6090,2026-05-20,3,2,1,INSS / FGTS / Encargos,30506.36
6091,2026-05-20,4,2,1,INSS / FGTS / Encargos,7722.03
6092,2026-05-20,5,2,1,INSS / FGTS / Encargos,13012.72
6093,2026-05-20,6,2,1,INSS / FGTS / Encargos,2814.41
6094,2026-05-20,7,2,1,INSS / FGTS / Encargos,4824.24
6095,2026-05-20,8,2,1,INSS / FGTS / Encargos,28847.38
6096,2026-05-20,1,2,2,INSS / FGTS / Encargos,3474.82
6097,2026-05-20,6,2,2,INSS / FGTS / Encargos,2842.14
6098,2026-05-20,7,2,2,INSS / FGTS / Encargos,1620.12
6099,2026-05-20,1,2,3,INSS / FGTS / Encargos,3481.78
6100,2026-05-20,6,2,3,INSS / FGTS / Encargos,2812.38
6101,2026-05-20,7,2,3,INSS / FGTS / Encargos,1607.77
6102,2026-05-20,1,2,4,INSS / FGTS / Encargos,3503.4
6103,2026-05-20,6,2,4,INSS / FGTS / Encargos,2836.8
6104,2026-05-20,6,7,4,RodoFácil Transportes,4279.3
6105,2026-05-20,7,2,4,INSS / FGTS / Encargos,1619.82
6106,2026-05-20,1,2,5,INSS / FGTS / Encargos,3467.03
6107,2026-05-20,6,2,5,INSS / FGTS / Encargos,2834.42
6108,2026-05-20,7,2,5,INSS / FGTS / Encargos,1616.08
6109,2026-05-20,1,2,6,INSS / FGTS / Encargos,3460.3
6110,2026-05-20,6,2,6,INSS / FGTS / Encargos,2813.02
6111,2026-05-20,7,2,6,INSS / FGTS / Encargos,1622.3
6112,2026-05-20,1,2,7,INSS / FGTS / Encargos,3483.81
6113,2026-05-20,6,2,7,INSS / FGTS / Encargos,2812.86
6114,2026-05-20,7,2,7,INSS / FGTS / Encargos,1608.63
6115,2026-05-20,1,2,8,INSS / FGTS / Encargos,3490.7
6116,2026-05-20,6,2,8,INSS / FGTS / Encargos,2842.88
6117,2026-05-20,7,2,8,INSS / FGTS / Encargos,1610.72
6118,2026-05-21,5,12,1,Consultoria Alvo,7273.02
6119,2026-05-21,2,5,3,TikTok Ads,3044.21
6120,2026-05-21,7,16,8,Papelaria Central,986.57
6121,2026-05-22,2,12,1,Agência Pixel,5979.14
6122,2026-05-22,5,17,1,Comissão de Marketplaces,16793.08
6123,2026-05-22,6,7,5,TransLog Express,4673.01
6124,2026-05-22,6,7,8,Correios Corporativo,1425.84
6125,2026-05-23,6,7,1,RodoFácil Transportes,9236.85
6126,2026-05-23,5,17,3,Adquirentes (cartão/PIX),5507.84
6127,2026-05-23,6,7,7,RodoFácil Transportes,3360.79
6128,2026-05-24,4,14,1,Academia Corporativa,4982.77
6129,2026-05-24,7,16,4,OfficeMax Atacado,1549.44
6130,2026-05-24,2,5,5,Influenciadores & Afiliados,1288.03
6131,2026-05-24,5,17,6,Adquirentes (cartão/PIX),6029.45
6132,2026-05-24,7,16,7,Papelaria Central,982.69
6133,2026-05-25,1,4,1,Folha de Comissões,23126.97
6134,2026-05-25,5,18,1,Banco Nacional,8597.52
6135,2026-05-25,5,18,1,Banco do Brasil Corporativo,5158.51
6136,2026-05-25,5,18,1,Cooperativa Crédito,3439.01
6137,2026-05-25,2,5,4,Meta Ads,5587.42
6138,2026-05-25,7,16,5,Papelaria Central,1170.03
6139,2026-05-26,6,7,2,TransLog Express,10991.09
6140,2026-05-26,6,8,3,ClimaFix,3255.48
6141,2026-05-26,1,13,4,Agência de Viagens Rota,4512.76
6142,2026-05-26,5,17,4,Adquirentes (cartão/PIX),7472.89
6143,2026-05-26,2,5,5,Google Ads,5409.74
6144,2026-05-26,6,7,7,Correios Corporativo,2240.52
6145,2026-05-27,3,12,1,Agência Pixel,21614.76
6146,2026-05-27,6,8,7,Predial Total,5281.98
6147,2026-05-28,2,5,1,TikTok Ads,7528.6
6148,2026-05-28,5,17,1,Adquirentes (cartão/PIX),14429.23
6149,2026-05-28,1,4,3,Folha de Comissões,9283.3
6150,2026-05-28,2,5,3,Meta Ads,6697.26
6151,2026-05-28,1,13,5,Agência de Viagens Rota,4409.92
6152,2026-05-30,6,7,2,RodoFácil Transportes,6594.65
6153,2026-05-30,6,8,4,Manutec Serviços,3726.48
6154,2026-05-30,2,5,6,Meta Ads,4509.05
6155,2026-05-30,2,5,8,TikTok Ads,1713.19
6156,2026-05-30,6,8,8,ClimaFix,3369.47
6157,2026-05-31,6,7,3,TransLog Express,5991.97
6158,2026-05-31,1,4,5,Folha de Comissões,6299.35
6159,2026-05-31,2,5,6,Influenciadores & Afiliados,1366.38
6160,2026-05-31,5,17,7,Comissão de Marketplaces,4485.08
6161,2026-06-01,1,3,1,Benefícios Corporativos (VR/VA/Plano),3654.03
6162,2026-06-01,2,3,1,Benefícios Corporativos (VR/VA/Plano),6084.65
6163,2026-06-01,3,3,1,Benefícios Corporativos (VR/VA/Plano),8536.17
6164,2026-06-01,3,12,1,Agência Pixel,19614.89
6165,2026-06-01,4,3,1,Benefícios Corporativos (VR/VA/Plano),3709.56
6166,2026-06-01,5,3,1,Benefícios Corporativos (VR/VA/Plano),4900.74
6167,2026-06-01,6,3,1,Benefícios Corporativos (VR/VA/Plano),2447.26
6168,2026-06-01,7,3,1,Benefícios Corporativos (VR/VA/Plano),3709.81
6169,2026-06-01,8,3,1,Benefícios Corporativos (VR/VA/Plano),7356.26
6170,2026-06-01,1,3,2,Benefícios Corporativos (VR/VA/Plano),2440.12
6171,2026-06-01,2,5,2,Influenciadores & Afiliados,2283.27
6172,2026-06-01,6,3,2,Benefícios Corporativos (VR/VA/Plano),2465.34
6173,2026-06-01,7,3,2,Benefícios Corporativos (VR/VA/Plano),1199.47
6174,2026-06-01,1,3,3,Benefícios Corporativos (VR/VA/Plano),2405.81
6175,2026-06-01,6,3,3,Benefícios Corporativos (VR/VA/Plano),2430.95
6176,2026-06-01,7,3,3,Benefícios Corporativos (VR/VA/Plano),1226.24
6177,2026-06-01,1,3,4,Benefícios Corporativos (VR/VA/Plano),2452.98
6178,2026-06-01,6,3,4,Benefícios Corporativos (VR/VA/Plano),2449.18
6179,2026-06-01,7,3,4,Benefícios Corporativos (VR/VA/Plano),1214.49
6180,2026-06-01,1,3,5,Benefícios Corporativos (VR/VA/Plano),2416.75
6181,2026-06-01,6,3,5,Benefícios Corporativos (VR/VA/Plano),2396.71
6182,2026-06-01,7,3,5,Benefícios Corporativos (VR/VA/Plano),1230.53
6183,2026-06-01,1,3,6,Benefícios Corporativos (VR/VA/Plano),2415.89
6184,2026-06-01,6,3,6,Benefícios Corporativos (VR/VA/Plano),2448.83
6185,2026-06-01,7,3,6,Benefícios Corporativos (VR/VA/Plano),1240.19
6186,2026-06-01,1,3,7,Benefícios Corporativos (VR/VA/Plano),2415.97
6187,2026-06-01,6,3,7,Benefícios Corporativos (VR/VA/Plano),2444.97
6188,2026-06-01,6,7,7,TransLog Express,4980.73
6189,2026-06-01,7,3,7,Benefícios Corporativos (VR/VA/Plano),1236.14
6190,2026-06-01,1,3,8,Benefícios Corporativos (VR/VA/Plano),2442.61
6191,2026-06-01,6,3,8,Benefícios Corporativos (VR/VA/Plano),2401.44
6192,2026-06-01,7,3,8,Benefícios Corporativos (VR/VA/Plano),1204.48
6193,2026-06-02,6,7,2,RodoFácil Transportes,5052.42
6194,2026-06-02,2,5,3,Google Ads,8619.74
6195,2026-06-02,2,5,6,Meta Ads,4531.63
6196,2026-06-02,1,13,8,Locadora Frota Viva,2721.97
6197,2026-06-02,6,7,8,TransLog Express,5129.76
6198,2026-06-03,2,6,3,Patrocínio Esporte Local,6132.16
6199,2026-06-03,5,17,4,Comissão de Marketplaces,3951.7
6200,2026-06-03,1,13,7,Locadora Frota Viva,3108.92
6201,2026-06-03,2,5,7,TikTok Ads,2077.85
6202,2026-06-03,2,6,7,Feira Office Brasil,3354.39
6203,2026-06-03,5,17,7,Adquirentes (cartão/PIX),5290.55
6204,2026-06-05,1,1,1,Folha de Pagamento,14448.8
6205,2026-06-05,2,1,1,Folha de Pagamento,40113.31
6206,2026-06-05,3,1,1,Folha de Pagamento,84639.49
6207,2026-06-05,4,1,1,Folha de Pagamento,21455.61
6208,2026-06-05,5,1,1,Folha de Pagamento,35962.2
6209,2026-06-05,6,1,1,Folha de Pagamento,7881.83
6210,2026-06-05,6,7,1,Correios Corporativo,6855.33
6211,2026-06-05,7,1,1,Folha de Pagamento,13496.61
6212,2026-06-05,8,1,1,Folha de Pagamento,80036.44
6213,2026-06-05,1,1,2,Folha de Pagamento,9666.48
6214,2026-06-05,6,1,2,Folha de Pagamento,7798.68
6215,2026-06-05,6,7,2,TransLog Express,8420.7
6216,2026-06-05,7,1,2,Folha de Pagamento,4497.39
6217,2026-06-05,1,1,3,Folha de Pagamento,9647.52
6218,2026-06-05,6,1,3,Folha de Pagamento,7838.88
6219,2026-06-05,7,1,3,Folha de Pagamento,4516.88
6220,2026-06-05,1,1,4,Folha de Pagamento,9622.47
6221,2026-06-05,6,1,4,Folha de Pagamento,7781.11
6222,2026-06-05,7,1,4,Folha de Pagamento,4496.39
6223,2026-06-05,1,1,5,Folha de Pagamento,9633.76
6224,2026-06-05,6,1,5,Folha de Pagamento,7834.51
6225,2026-06-05,7,1,5,Folha de Pagamento,4492.56
6226,2026-06-05,1,1,6,Folha de Pagamento,9614.25
6227,2026-06-05,2,5,6,Google Ads,5767.52
6228,2026-06-05,6,1,6,Folha de Pagamento,7867.39
6229,2026-06-05,6,7,6,RodoFácil Transportes,3886.88
6230,2026-06-05,7,1,6,Folha de Pagamento,4515.2
6231,2026-06-05,1,1,7,Folha de Pagamento,9695.11
6232,2026-06-05,6,1,7,Folha de Pagamento,7853.1
6233,2026-06-05,7,1,7,Folha de Pagamento,4486.4
6234,2026-06-05,1,1,8,Folha de Pagamento,9644.46
6235,2026-06-05,6,1,8,Folha de Pagamento,7813.95
6236,2026-06-05,6,7,8,RodoFácil Transportes,3077.85
6237,2026-06-05,7,1,8,Folha de Pagamento,4492.85
6238,2026-06-06,2,5,1,Influenciadores & Afiliados,5132.71
6239,2026-06-06,2,5,2,TikTok Ads,3424.9
6240,2026-06-07,2,5,1,Meta Ads,16937.95
6241,2026-06-07,1,13,4,Locadora Frota Viva,4668.51
6242,2026-06-07,2,5,4,Meta Ads,4979.1
6243,2026-06-07,7,16,5,Papelaria Central,1075.98
6244,2026-06-08,2,5,1,TikTok Ads,7699.07
6245,2026-06-08,3,11,1,CloudSoft Infra,28222.52
6246,2026-06-08,3,11,1,Licenças Corp Brasil,15394.1
6247,2026-06-08,3,11,1,DevTools Pro,7697.05
6248,2026-06-08,5,17,1,Adquirentes (cartão/PIX),14843.16
6249,2026-06-08,6,7,2,Correios Corporativo,3368.28
6250,2026-06-08,6,7,5,RodoFácil Transportes,2411.27
6251,2026-06-09,6,8,1,Manutec Serviços,6254.87
6252,2026-06-09,7,16,4,Papelaria Central,1233.51
6253,2026-06-09,6,7,8,Correios Corporativo,2051.9
6254,2026-06-10,7,9,1,Locadora Imóveis São Paulo,32572.92
6255,2026-06-10,7,9,2,Locadora Imóveis Rio de Janeiro,16286.46
6256,2026-06-10,5,17,3,Comissão de Marketplaces,9076.32
6257,2026-06-10,7,9,3,Locadora Imóveis Belo Horizonte,10857.64
6258,2026-06-10,7,9,4,Locadora Imóveis Curitiba,10314.76
6259,2026-06-10,6,8,5,Manutec Serviços,3284.86
6260,2026-06-10,7,9,5,Locadora Imóveis Porto Alegre,9228.99
6261,2026-06-10,2,5,6,TikTok Ads,2059.83
6262,2026-06-10,7,9,6,Locadora Imóveis Brasília,11400.52
6263,2026-06-10,7,9,7,Locadora Imóveis Salvador,9228.99
6264,2026-06-10,2,5,8,TikTok Ads,1757.12
6265,2026-06-10,7,9,8,Locadora Imóveis Recife,9228.99
6266,2026-06-11,7,16,2,Papelaria Central,1901.92
6267,2026-06-11,7,16,7,OfficeMax Atacado,1104.31
6268,2026-06-11,2,5,8,Meta Ads,3865.66
6269,2026-06-12,5,17,1,Comissão de Marketplaces,19192.64
6270,2026-06-12,7,15,1,Seguradora Aliança,4800.0
6271,2026-06-12,7,16,1,Papelaria Central,1808.65
6272,2026-06-12,7,15,2,Seguradora Aliança,3000.0
6273,2026-06-12,7,15,3,Seguradora Aliança,2520.0
6274,2026-06-12,7,16,3,OfficeMax Atacado,1699.46
6275,2026-06-12,6,7,4,RodoFácil Transportes,3379.8
6276,2026-06-12,7,15,4,Seguradora Aliança,2400.0
6277,2026-06-12,5,17,5,Adquirentes (cartão/PIX),4603.13
6278,2026-06-12,7,15,5,Seguradora Aliança,2160.0
6279,2026-06-12,7,15,6,Seguradora Aliança,2280.0
6280,2026-06-12,7,15,7,Seguradora Aliança,2280.0
6281,2026-06-12,1,4,8,Folha de Comissões,6575.27
6282,2026-06-12,7,15,8,Seguradora Aliança,2160.0
6283,2026-06-14,2,6,1,Congresso Varejo Tech,13526.59
6284,2026-06-14,2,5,2,Google Ads,9589.73
6285,2026-06-14,6,8,4,ClimaFix,3645.55
6286,2026-06-14,5,17,5,Comissão de Marketplaces,3584.25
6287,2026-06-14,6,7,5,TransLog Express,4018.79
6288,2026-06-14,6,8,7,Manutec Serviços,4124.73
6289,2026-06-15,7,10,1,Concessionária Local SP,14120.28
6290,2026-06-15,7,10,2,Concessionária Local RJ,8265.08
6291,2026-06-15,5,17,3,Adquirentes (cartão/PIX),6519.35
6292,2026-06-15,7,10,3,Concessionária Local MG,7524.72
6293,2026-06-15,7,10,4,Concessionária Local PR,7086.04
6294,2026-06-15,7,10,5,Concessionária Local RS,6653.53
6295,2026-06-15,7,10,6,Concessionária Local DF,6957.0
6296,2026-06-15,7,10,7,Concessionária Local BA,6411.72
6297,2026-06-15,7,10,8,Concessionária Local PE,6512.33
6298,2026-06-16,2,6,2,Feira Office Brasil,5439.15
6299,2026-06-16,6,8,2,Predial Total,4483.37
6300,2026-06-16,2,5,3,Meta Ads,6772.65
6301,2026-06-16,2,5,5,TikTok Ads,1699.83
6302,2026-06-16,2,6,6,Congresso Varejo Tech,3617.3
6303,2026-06-17,1,13,1,Agência de Viagens Rota,9045.76
6304,2026-06-17,2,12,1,Agência Pixel,12192.0
6305,2026-06-17,1,4,5,Folha de Comissões,6515.5
6306,2026-06-17,1,13,5,Locadora Frota Viva,3932.9
6307,2026-06-17,7,16,8,Papelaria Central,1101.94
6308,2026-06-18,2,5,2,Meta Ads,7534.79
6309,2026-06-18,1,4,6,Folha de Comissões,8642.62
6310,2026-06-18,6,7,7,Correios Corporativo,1992.29
6311,2026-06-19,2,5,4,TikTok Ads,2263.23
6312,2026-06-19,2,5,7,Influenciadores & Afiliados,1385.23
6313,2026-06-19,6,7,7,RodoFácil Transportes,2988.44
6314,2026-06-19,5,17,8,Comissão de Marketplaces,4694.54
6315,2026-06-19,6,8,8,ClimaFix,4737.25
6316,2026-06-20,1,2,1,INSS / FGTS / Encargos,5201.57
6317,2026-06-20,2,2,1,INSS / FGTS / Encargos,14440.79
6318,2026-06-20,3,2,1,INSS / FGTS / Encargos,30470.22
6319,2026-06-20,4,2,1,INSS / FGTS / Encargos,7724.02
6320,2026-06-20,4,14,1,Academia Corporativa,5100.81
6321,2026-06-20,5,2,1,INSS / FGTS / Encargos,12946.39
6322,2026-06-20,6,2,1,INSS / FGTS / Encargos,2837.46
6323,2026-06-20,7,2,1,INSS / FGTS / Encargos,4858.78
6324,2026-06-20,8,2,1,INSS / FGTS / Encargos,28813.12
6325,2026-06-20,1,2,2,INSS / FGTS / Encargos,3479.93
6326,2026-06-20,1,4,2,Folha de Comissões,12862.17
6327,2026-06-20,6,2,2,INSS / FGTS / Encargos,2807.53
6328,2026-06-20,7,2,2,INSS / FGTS / Encargos,1619.06
6329,2026-06-20,1,2,3,INSS / FGTS / Encargos,3473.11
6330,2026-06-20,6,2,3,INSS / FGTS / Encargos,2822.0
6331,2026-06-20,6,7,3,TransLog Express,7554.11
6332,2026-06-20,7,2,3,INSS / FGTS / Encargos,1626.08
6333,2026-06-20,1,2,4,INSS / FGTS / Encargos,3464.09
6334,2026-06-20,6,2,4,INSS / FGTS / Encargos,2801.2
6335,2026-06-20,7,2,4,INSS / FGTS / Encargos,1618.7
6336,2026-06-20,1,2,5,INSS / FGTS / Encargos,3468.15
6337,2026-06-20,6,2,5,INSS / FGTS / Encargos,2820.42
6338,2026-06-20,7,2,5,INSS / FGTS / Encargos,1617.32
6339,2026-06-20,1,2,6,INSS / FGTS / Encargos,3461.13
6340,2026-06-20,2,5,6,Influenciadores & Afiliados,1373.22
6341,2026-06-20,6,2,6,INSS / FGTS / Encargos,2832.26
6342,2026-06-20,7,2,6,INSS / FGTS / Encargos,1625.47
6343,2026-06-20,1,2,7,INSS / FGTS / Encargos,3490.24
6344,2026-06-20,6,2,7,INSS / FGTS / Encargos,2827.11
6345,2026-06-20,7,2,7,INSS / FGTS / Encargos,1615.11
6346,2026-06-20,1,2,8,INSS / FGTS / Encargos,3472.01
6347,2026-06-20,6,2,8,INSS / FGTS / Encargos,2813.02
6348,2026-06-20,7,2,8,INSS / FGTS / Encargos,1617.42
6349,2026-06-21,2,5,3,TikTok Ads,3078.48
6350,2026-06-21,6,7,3,Correios Corporativo,3021.64
6351,2026-06-21,6,7,6,Correios Corporativo,2591.25
6352,2026-06-21,2,5,7,Google Ads,5817.97
6353,2026-06-21,5,17,8,Adquirentes (cartão/PIX),4546.97
6354,2026-06-22,6,7,4,TransLog Express,5633.01
6355,2026-06-22,2,5,8,Influenciadores & Afiliados,1171.41
6356,2026-06-23,1,13,6,Agência de Viagens Rota,4476.71
6357,2026-06-23,5,17,7,Comissão de Marketplaces,6490.14
6358,2026-06-23,2,5,8,Google Ads,4919.94
6359,2026-06-24,2,5,5,Google Ads,4759.52
6360,2026-06-25,5,18,1,Banco Nacional,8384.11
6361,2026-06-25,5,18,1,Banco do Brasil Corporativo,5030.47
6362,2026-06-25,5,18,1,Cooperativa Crédito,3353.65
6363,2026-06-25,1,4,4,Folha de Comissões,8455.71
6364,2026-06-26,2,5,3,Influenciadores & Afiliados,2052.32
6365,2026-06-26,6,7,3,RodoFácil Transportes,4532.46
6366,2026-06-26,2,6,4,Congresso Varejo Tech,4262.83
6367,2026-06-26,2,5,5,Influenciadores & Afiliados,1133.22
6368,2026-06-26,2,6,5,Congresso Varejo Tech,3028.95
6369,2026-06-27,1,4,1,Folha de Comissões,22846.09
6370,2026-06-27,1,13,2,Agência de Viagens Rota,7010.97
6371,2026-06-27,1,4,3,Folha de Comissões,10802.83
6372,2026-06-27,6,8,3,Predial Total,5378.78
6373,2026-06-27,2,5,4,Influenciadores & Afiliados,1508.82
6374,2026-06-27,5,17,6,Comissão de Marketplaces,5939.12
6375,2026-06-27,2,5,7,Meta Ads,4571.26
6376,2026-06-28,2,5,1,Google Ads,21557.39
6377,2026-06-28,6,7,1,RodoFácil Transportes,10282.99
6378,2026-06-28,5,17,2,Comissão de Marketplaces,11409.64
6379,2026-06-28,2,5,5,Meta Ads,3739.62
6380,2026-06-28,6,7,5,Correios Corporativo,1607.51
6381,2026-06-28,6,8,6,Manutec Serviços,2814.92
6382,2026-06-29,6,7,1,TransLog Express,17138.32
6383,2026-06-29,5,17,2,Adquirentes (cartão/PIX),7645.02
6384,2026-06-29,2,5,4,Google Ads,6337.03
6385,2026-06-29,5,17,4,Adquirentes (cartão/PIX),5303.45
6386,2026-06-29,5,17,6,Adquirentes (cartão/PIX),6207.43
6387,2026-06-29,6,7,6,TransLog Express,6478.13
6388,2026-06-29,1,4,7,Folha de Comissões,8029.84
6389,2026-06-29,2,6,8,Feira Office Brasil,3573.26
6390,2026-06-30,5,12,1,Agência Pixel,11267.34
6391,2026-06-30,1,13,3,Locadora Frota Viva,6446.25
6392,2026-06-30,6,7,4,Correios Corporativo,2253.2
6393,2026-06-30,7,16,6,OfficeMax Atacado,1163.0
6394,2026-07-01,1,3,1,Benefícios Corporativos (VR/VA/Plano),3633.73
6395,2026-07-01,2,3,1,Benefícios Corporativos (VR/VA/Plano),6077.21
6396,2026-07-01,3,3,1,Benefícios Corporativos (VR/VA/Plano),8371.96
6397,2026-07-01,4,3,1,Benefícios Corporativos (VR/VA/Plano),3680.12
6398,2026-07-01,5,3,1,Benefícios Corporativos (VR/VA/Plano),4970.48
6399,2026-07-01,6,3,1,Benefícios Corporativos (VR/VA/Plano),2449.63
6400,2026-07-01,7,3,1,Benefícios Corporativos (VR/VA/Plano),3669.63
6401,2026-07-01,8,3,1,Benefícios Corporativos (VR/VA/Plano),7318.49
6402,2026-07-01,1,3,2,Benefícios Corporativos (VR/VA/Plano),2420.71
6403,2026-07-01,2,5,2,Meta Ads,8135.28
6404,2026-07-01,6,3,2,Benefícios Corporativos (VR/VA/Plano),2413.12
6405,2026-07-01,7,3,2,Benefícios Corporativos (VR/VA/Plano),1240.71
6406,2026-07-01,1,3,3,Benefícios Corporativos (VR/VA/Plano),2410.31
6407,2026-07-01,6,3,3,Benefícios Corporativos (VR/VA/Plano),2421.92
6408,2026-07-01,7,3,3,Benefícios Corporativos (VR/VA/Plano),1223.95
6409,2026-07-01,7,16,3,OfficeMax Atacado,1215.0
6410,2026-07-01,1,3,4,Benefícios Corporativos (VR/VA/Plano),2422.95
6411,2026-07-01,6,3,4,Benefícios Corporativos (VR/VA/Plano),2463.06
6412,2026-07-01,7,3,4,Benefícios Corporativos (VR/VA/Plano),1204.29
6413,2026-07-01,1,3,5,Benefícios Corporativos (VR/VA/Plano),2396.92
6414,2026-07-01,6,3,5,Benefícios Corporativos (VR/VA/Plano),2439.48
6415,2026-07-01,7,3,5,Benefícios Corporativos (VR/VA/Plano),1237.46
6416,2026-07-01,1,3,6,Benefícios Corporativos (VR/VA/Plano),2391.82
6417,2026-07-01,6,3,6,Benefícios Corporativos (VR/VA/Plano),2471.09
6418,2026-07-01,7,3,6,Benefícios Corporativos (VR/VA/Plano),1206.83
6419,2026-07-01,1,3,7,Benefícios Corporativos (VR/VA/Plano),2421.8
6420,2026-07-01,6,3,7,Benefícios Corporativos (VR/VA/Plano),2458.06
6421,2026-07-01,7,3,7,Benefícios Corporativos (VR/VA/Plano),1230.22
6422,2026-07-01,1,3,8,Benefícios Corporativos (VR/VA/Plano),2392.82
6423,2026-07-01,6,3,8,Benefícios Corporativos (VR/VA/Plano),2468.63
6424,2026-07-01,7,3,8,Benefícios Corporativos (VR/VA/Plano),1216.99
6425,2026-07-02,2,12,1,Consultoria Alvo,4070.55
6426,2026-07-02,6,7,5,TransLog Express,5242.38
6427,2026-07-02,6,7,6,RodoFácil Transportes,3800.41
6428,2026-07-02,2,5,7,Meta Ads,4977.22
6429,2026-07-03,6,7,1,TransLog Express,18826.8
6430,2026-07-03,1,4,2,Folha de Comissões,12406.95
6431,2026-07-03,2,5,2,Google Ads,10353.99
6432,2026-07-03,6,7,2,RodoFácil Transportes,4460.07
6433,2026-07-03,1,13,3,Locadora Frota Viva,5867.98
6434,2026-07-03,6,7,4,TransLog Express,5085.55
6435,2026-07-04,1,13,1,Locadora Frota Viva,12120.14
6436,2026-07-04,5,12,1,Contabilidade & Cia,14962.2
6437,2026-07-04,1,4,8,Folha de Comissões,6059.08
6438,2026-07-04,7,16,8,OfficeMax Atacado,1012.05
6439,2026-07-05,1,1,1,Folha de Pagamento,14419.14
6440,2026-07-05,2,1,1,Folha de Pagamento,40576.3
6441,2026-07-05,3,1,1,Folha de Pagamento,84696.57
6442,2026-07-05,4,1,1,Folha de Pagamento,21346.49
6443,2026-07-05,5,1,1,Folha de Pagamento,35725.03
6444,2026-07-05,6,1,1,Folha de Pagamento,7829.35
6445,2026-07-05,7,1,1,Folha de Pagamento,13394.21
6446,2026-07-05,8,1,1,Folha de Pagamento,79679.42
6447,2026-07-05,1,1,2,Folha de Pagamento,9754.29
6448,2026-07-05,2,5,2,Influenciadores & Afiliados,2465.24
6449,2026-07-05,6,1,2,Folha de Pagamento,7793.63
6450,2026-07-05,7,1,2,Folha de Pagamento,4469.85
6451,2026-07-05,1,1,3,Folha de Pagamento,9672.42
6452,2026-07-05,6,1,3,Folha de Pagamento,7780.44
6453,2026-07-05,7,1,3,Folha de Pagamento,4529.09
6454,2026-07-05,1,1,4,Folha de Pagamento,9721.2
6455,2026-07-05,2,5,4,TikTok Ads,2601.31
6456,2026-07-05,6,1,4,Folha de Pagamento,7874.51
6457,2026-07-05,7,1,4,Folha de Pagamento,4511.26
6458,2026-07-05,1,1,5,Folha de Pagamento,9708.82
6459,2026-07-05,2,5,5,Influenciadores & Afiliados,1327.04
6460,2026-07-05,6,1,5,Folha de Pagamento,7828.09
6461,2026-07-05,7,1,5,Folha de Pagamento,4502.93
6462,2026-07-05,7,16,5,Papelaria Central,1524.39
6463,2026-07-05,1,1,6,Folha de Pagamento,9652.82
6464,2026-07-05,6,1,6,Folha de Pagamento,7808.67
6465,2026-07-05,7,1,6,Folha de Pagamento,4529.27
6466,2026-07-05,1,1,7,Folha de Pagamento,9660.65
6467,2026-07-05,6,1,7,Folha de Pagamento,7830.92
6468,2026-07-05,7,1,7,Folha de Pagamento,4499.21
6469,2026-07-05,1,1,8,Folha de Pagamento,9711.4
6470,2026-07-05,6,1,8,Folha de Pagamento,7789.08
6471,2026-07-05,7,1,8,Folha de Pagamento,4518.35
6472,2026-07-06,1,13,8,Locadora Frota Viva,4412.49
6473,2026-07-07,4,14,1,Instituto Aprender,5082.7
6474,2026-07-07,6,8,1,Manutec Serviços,4465.49
6475,2026-07-07,2,5,3,TikTok Ads,3457.46
6476,2026-07-07,1,13,4,Locadora Frota Viva,3060.36
6477,2026-07-08,3,11,1,CloudSoft Infra,29142.96
6478,2026-07-08,3,11,1,Licenças Corp Brasil,15896.16
6479,2026-07-08,3,11,1,DevTools Pro,7948.08
6480,2026-07-08,2,5,5,Google Ads,5573.55
6481,2026-07-08,2,5,6,TikTok Ads,2262.62
6482,2026-07-09,6,7,3,TransLog Express,8528.11
6483,2026-07-09,1,4,5,Folha de Comissões,6700.64
6484,2026-07-09,1,13,6,Locadora Frota Viva,5211.41
6485,2026-07-10,7,9,1,Locadora Imóveis São Paulo,32572.92
6486,2026-07-10,1,13,2,Locadora Frota Viva,7595.03
6487,2026-07-10,7,9,2,Locadora Imóveis Rio de Janeiro,16286.46
6488,2026-07-10,6,7,3,Correios Corporativo,3411.24
6489,2026-07-10,7,9,3,Locadora Imóveis Belo Horizonte,10857.64
6490,2026-07-10,2,5,4,Influenciadores & Afiliados,1734.21
6491,2026-07-10,7,9,4,Locadora Imóveis Curitiba,10314.76
6492,2026-07-10,7,9,5,Locadora Imóveis Porto Alegre,9228.99
6493,2026-07-10,7,9,6,Locadora Imóveis Brasília,11400.52
6494,2026-07-10,1,13,7,Locadora Frota Viva,3067.1
6495,2026-07-10,7,9,7,Locadora Imóveis Salvador,9228.99
6496,2026-07-10,7,9,8,Locadora Imóveis Recife,9228.99
6497,2026-07-11,6,7,1,Correios Corporativo,7530.72
6498,2026-07-11,6,7,2,Correios Corporativo,2973.38
6499,2026-07-11,2,5,3,Google Ads,9680.89
6500,2026-07-11,6,8,5,Predial Total,2616.43
6501,2026-07-11,6,7,8,TransLog Express,3883.34
6502,2026-07-11,6,7,8,Correios Corporativo,1553.34
6503,2026-07-12,2,5,1,Influenciadores & Afiliados,5146.06
6504,2026-07-12,7,15,1,Seguradora Aliança,4800.0
6505,2026-07-12,7,15,2,Seguradora Aliança,3000.0
6506,2026-07-12,7,15,3,Seguradora Aliança,2520.0
6507,2026-07-12,5,17,4,Adquirentes (cartão/PIX),5644.76
6508,2026-07-12,6,8,4,Manutec Serviços,2367.7
6509,2026-07-12,7,15,4,Seguradora Aliança,2400.0
6510,2026-07-12,7,16,4,Papelaria Central,1320.74
6511,2026-07-12,1,13,5,Agência de Viagens Rota,3192.21
6512,2026-07-12,7,15,5,Seguradora Aliança,2160.0
6513,2026-07-12,7,15,6,Seguradora Aliança,2280.0
6514,2026-07-12,7,15,7,Seguradora Aliança,2280.0
6515,2026-07-12,2,5,8,TikTok Ads,1815.9
6516,2026-07-12,7,15,8,Seguradora Aliança,2160.0
6517,2026-07-13,6,7,5,Correios Corporativo,2096.95
6518,2026-07-13,6,7,7,TransLog Express,5512.24
6519,2026-07-14,6,7,4,RodoFácil Transportes,3051.33
6520,2026-07-14,5,17,5,Comissão de Marketplaces,5515.25
6521,2026-07-14,6,7,6,Correios Corporativo,2533.61
6522,2026-07-14,2,5,8,Meta Ads,3994.97
6523,2026-07-15,7,10,1,Concessionária Local SP,14019.32
6524,2026-07-15,7,10,2,Concessionária Local RJ,8931.37
6525,2026-07-15,1,4,3,Folha de Comissões,11324.18
6526,2026-07-15,6,7,3,RodoFácil Transportes,5116.87
6527,2026-07-15,7,10,3,Concessionária Local MG,7559.92
6528,2026-07-15,7,10,4,Concessionária Local PR,7046.4
6529,2026-07-15,7,10,5,Concessionária Local RS,6186.53
6530,2026-07-15,7,10,6,Concessionária Local DF,6502.58
6531,2026-07-15,6,8,7,ClimaFix,5122.01
6532,2026-07-15,7,10,7,Concessionária Local BA,6500.06
6533,2026-07-15,7,10,8,Concessionária Local PE,6321.98
6534,2026-07-16,3,12,1,Contabilidade & Cia,14928.15
6535,2026-07-17,2,5,1,Meta Ads,16981.98
6536,2026-07-17,2,5,2,TikTok Ads,3697.85
6537,2026-07-17,5,17,2,Comissão de Marketplaces,8673.68
6538,2026-07-17,6,8,3,Manutec Serviços,2301.47
6539,2026-07-17,6,7,6,TransLog Express,6334.02
6540,2026-07-17,6,8,6,Manutec Serviços,2715.17
6541,2026-07-17,5,17,8,Adquirentes (cartão/PIX),3777.85
6542,2026-07-18,5,17,6,Comissão de Marketplaces,7227.09
6543,2026-07-19,7,16,2,Papelaria Central,1571.44
6544,2026-07-19,2,5,3,Influenciadores & Afiliados,2304.97
6545,2026-07-19,5,17,4,Comissão de Marketplaces,2973.46
6546,2026-07-19,5,17,5,Adquirentes (cartão/PIX),4433.21
6547,2026-07-19,7,16,7,OfficeMax Atacado,876.39
6548,2026-07-20,1,2,1,INSS / FGTS / Encargos,5190.89
6549,2026-07-20,2,2,1,INSS / FGTS / Encargos,14607.47
6550,2026-07-20,2,5,1,Google Ads,21613.43
6551,2026-07-20,3,2,1,INSS / FGTS / Encargos,30490.77
6552,2026-07-20,4,2,1,INSS / FGTS / Encargos,7684.73
6553,2026-07-20,5,2,1,INSS / FGTS / Encargos,12861.01
6554,2026-07-20,5,17,1,Comissão de Marketplaces,18835.56
6555,2026-07-20,6,2,1,INSS / FGTS / Encargos,2818.56
6556,2026-07-20,7,2,1,INSS / FGTS / Encargos,4821.92
6557,2026-07-20,7,16,1,OfficeMax Atacado,1619.34
6558,2026-07-20,8,2,1,INSS / FGTS / Encargos,28684.59
6559,2026-07-20,1,2,2,INSS / FGTS / Encargos,3511.55
6560,2026-07-20,6,2,2,INSS / FGTS / Encargos,2805.71
6561,2026-07-20,7,2,2,INSS / FGTS / Encargos,1609.15
6562,2026-07-20,1,2,3,INSS / FGTS / Encargos,3482.07
6563,2026-07-20,6,2,3,INSS / FGTS / Encargos,2800.96
6564,2026-07-20,7,2,3,INSS / FGTS / Encargos,1630.47
6565,2026-07-20,1,2,4,INSS / FGTS / Encargos,3499.63
6566,2026-07-20,2,5,4,Meta Ads,5722.89
6567,2026-07-20,6,2,4,INSS / FGTS / Encargos,2834.82
6568,2026-07-20,7,2,4,INSS / FGTS / Encargos,1624.06
6569,2026-07-20,1,2,5,INSS / FGTS / Encargos,3495.17
6570,2026-07-20,6,2,5,INSS / FGTS / Encargos,2818.11
6571,2026-07-20,7,2,5,INSS / FGTS / Encargos,1621.05
6572,2026-07-20,1,2,6,INSS / FGTS / Encargos,3475.01
6573,2026-07-20,6,2,6,INSS / FGTS / Encargos,2811.12
6574,2026-07-20,7,2,6,INSS / FGTS / Encargos,1630.54
6575,2026-07-20,1,2,7,INSS / FGTS / Encargos,3477.83
6576,2026-07-20,6,2,7,INSS / FGTS / Encargos,2819.13
6577,2026-07-20,7,2,7,INSS / FGTS / Encargos,1619.72
6578,2026-07-20,1,2,8,INSS / FGTS / Encargos,3496.11
6579,2026-07-20,6,2,8,INSS / FGTS / Encargos,2804.07
6580,2026-07-20,7,2,8,INSS / FGTS / Encargos,1626.61
6581,2026-07-21,2,5,5,Meta Ads,4379.22
6582,2026-07-21,1,4,7,Folha de Comissões,8110.2
6583,2026-07-22,5,17,2,Adquirentes (cartão/PIX),8348.83
6584,2026-07-22,5,17,3,Comissão de Marketplaces,10909.81
6585,2026-07-22,2,5,4,Google Ads,7283.67
6586,2026-07-22,2,5,5,TikTok Ads,1990.55
6587,2026-07-22,1,4,6,Folha de Comissões,9017.46
6588,2026-07-22,6,7,7,Correios Corporativo,2204.89
6589,2026-07-23,1,4,1,Folha de Comissões,25840.05
6590,2026-07-23,2,5,7,TikTok Ads,2262.37
6591,2026-07-23,6,8,8,Manutec Serviços,5180.98
6592,2026-07-24,5,17,1,Adquirentes (cartão/PIX),17721.35
6593,2026-07-24,2,5,6,Meta Ads,4977.77
6594,2026-07-25,5,18,1,Banco Nacional,8705.24
6595,2026-07-25,5,18,1,Banco do Brasil Corporativo,5223.14
6596,2026-07-25,5,18,1,Cooperativa Crédito,3482.09
6597,2026-07-25,5,17,3,Adquirentes (cartão/PIX),7230.5
6598,2026-07-25,6,7,5,RodoFácil Transportes,3145.43
6599,2026-07-25,2,5,6,Google Ads,6335.34
6600,2026-07-25,6,7,7,RodoFácil Transportes,3307.34
6601,2026-07-26,2,5,1,TikTok Ads,7719.08
6602,2026-07-26,6,7,2,TransLog Express,7433.46
6603,2026-07-26,2,5,7,Google Ads,6334.64
6604,2026-07-27,2,5,3,Meta Ads,7606.42
6605,2026-07-27,2,5,6,Influenciadores & Afiliados,1508.41
6606,2026-07-27,6,7,8,RodoFácil Transportes,2330.0
6607,2026-07-28,7,16,6,OfficeMax Atacado,1164.22
6608,2026-07-29,6,7,1,RodoFácil Transportes,11296.08
6609,2026-07-29,1,4,4,Folha de Comissões,7702.35
6610,2026-07-29,5,17,7,Adquirentes (cartão/PIX),5314.47
6611,2026-07-29,2,5,8,Google Ads,5084.51
6612,2026-07-30,6,7,4,Correios Corporativo,2034.22
6613,2026-07-30,2,5,8,Influenciadores & Afiliados,1210.6
6614,2026-07-30,5,17,8,Comissão de Marketplaces,3436.93
6615,2026-07-31,6,8,2,Manutec Serviços,6053.16
6616,2026-07-31,5,17,6,Adquirentes (cartão/PIX),6101.88
6617,2026-07-31,2,5,7,Influenciadores & Afiliados,1508.25
6618,2026-07-31,5,17,7,Comissão de Marketplaces,4638.32
6619,2026-08-01,1,3,1,Benefícios Corporativos (VR/VA/Plano),3599.13
6620,2026-08-01,2,3,1,Benefícios Corporativos (VR/VA/Plano),5979.46
6621,2026-08-01,3,3,1,Benefícios Corporativos (VR/VA/Plano),8611.95
6622,2026-08-01,4,3,1,Benefícios Corporativos (VR/VA/Plano),3597.44
6623,2026-08-01,5,3,1,Benefícios Corporativos (VR/VA/Plano),3590.19
6624,2026-08-01,6,3,1,Benefícios Corporativos (VR/VA/Plano),2408.67
6625,2026-08-01,7,3,1,Benefícios Corporativos (VR/VA/Plano),3709.95
6626,2026-08-01,8,3,1,Benefícios Corporativos (VR/VA/Plano),7398.82
6627,2026-08-01,1,3,2,Benefícios Corporativos (VR/VA/Plano),2433.12
6628,2026-08-01,6,3,2,Benefícios Corporativos (VR/VA/Plano),2456.02
6629,2026-08-01,7,3,2,Benefícios Corporativos (VR/VA/Plano),1199.63
6630,2026-08-01,1,3,3,Benefícios Corporativos (VR/VA/Plano),2401.5
6631,2026-08-01,5,17,3,Adquirentes (cartão/PIX),6543.01
6632,2026-08-01,6,3,3,Benefícios Corporativos (VR/VA/Plano),2442.8
6633,2026-08-01,7,3,3,Benefícios Corporativos (VR/VA/Plano),1226.94
6634,2026-08-01,1,3,4,Benefícios Corporativos (VR/VA/Plano),2476.79
6635,2026-08-01,6,3,4,Benefícios Corporativos (VR/VA/Plano),2451.63
6636,2026-08-01,7,3,4,Benefícios Corporativos (VR/VA/Plano),1217.24
6637,2026-08-01,1,3,5,Benefícios Corporativos (VR/VA/Plano),2441.99
6638,2026-08-01,6,3,5,Benefícios Corporativos (VR/VA/Plano),2402.01
6639,2026-08-01,7,3,5,Benefícios Corporativos (VR/VA/Plano),1227.42
6640,2026-08-01,1,3,6,Benefícios Corporativos (VR/VA/Plano),2415.82
6641,2026-08-01,6,3,6,Benefícios Corporativos (VR/VA/Plano),2427.7
6642,2026-08-01,6,7,6,TransLog Express,8183.73
6643,2026-08-01,7,3,6,Benefícios Corporativos (VR/VA/Plano),1236.03
6644,2026-08-01,7,16,6,Papelaria Central,1260.63
6645,2026-08-01,1,3,7,Benefícios Corporativos (VR/VA/Plano),2466.73
6646,2026-08-01,6,3,7,Benefícios Corporativos (VR/VA/Plano),2465.49
6647,2026-08-01,7,3,7,Benefícios Corporativos (VR/VA/Plano),1207.96
6648,2026-08-01,1,3,8,Benefícios Corporativos (VR/VA/Plano),2400.08
6649,2026-08-01,2,5,8,Influenciadores & Afiliados,1329.59
6650,2026-08-01,6,3,8,Benefícios Corporativos (VR/VA/Plano),2421.61
6651,2026-08-01,7,3,8,Benefícios Corporativos (VR/VA/Plano),1227.9
6652,2026-08-02,1,4,5,Folha de Comissões,6435.99
6653,2026-08-02,2,5,6,Google Ads,5727.94
6654,2026-08-02,6,8,7,ClimaFix,3803.33
6655,2026-08-02,5,17,8,Adquirentes (cartão/PIX),5657.72
6656,2026-08-03,1,13,3,Locadora Frota Viva,7853.39
6657,2026-08-04,6,7,8,Correios Corporativo,2223.74
6658,2026-08-05,1,1,1,Folha de Pagamento,14548.7
6659,2026-08-05,2,1,1,Folha de Pagamento,40344.67
6660,2026-08-05,2,5,1,Influenciadores & Afiliados,5614.93
6661,2026-08-05,3,1,1,Folha de Pagamento,84925.9
6662,2026-08-05,4,1,1,Folha de Pagamento,21405.36
6663,2026-08-05,4,14,1,Instituto Aprender,20932.22
6664,2026-08-05,5,1,1,Folha de Pagamento,26797.79
6665,2026-08-05,6,1,1,Folha de Pagamento,7856.07
6666,2026-08-05,7,1,1,Folha de Pagamento,13498.79
6667,2026-08-05,8,1,1,Folha de Pagamento,79440.08
6668,2026-08-05,1,1,2,Folha de Pagamento,9660.32
6669,2026-08-05,6,1,2,Folha de Pagamento,7807.61
6670,2026-08-05,7,1,2,Folha de Pagamento,4475.42
6671,2026-08-05,1,1,3,Folha de Pagamento,9755.32
6672,2026-08-05,6,1,3,Folha de Pagamento,7867.23
6673,2026-08-05,7,1,3,Folha de Pagamento,4473.54
6674,2026-08-05,1,1,4,Folha de Pagamento,9667.67
6675,2026-08-05,6,1,4,Folha de Pagamento,7843.38
6676,2026-08-05,7,1,4,Folha de Pagamento,4468.11
6677,2026-08-05,1,1,5,Folha de Pagamento,9683.47
6678,2026-08-05,6,1,5,Folha de Pagamento,7831.72
6679,2026-08-05,7,1,5,Folha de Pagamento,4497.83
6680,2026-08-05,1,1,6,Folha de Pagamento,9627.89
6681,2026-08-05,6,1,6,Folha de Pagamento,7810.93
6682,2026-08-05,7,1,6,Folha de Pagamento,4508.6
6683,2026-08-05,1,1,7,Folha de Pagamento,9653.3
6684,2026-08-05,6,1,7,Folha de Pagamento,7822.95
6685,2026-08-05,6,7,7,RodoFácil Transportes,2527.02
6686,2026-08-05,7,1,7,Folha de Pagamento,4519.96
6687,2026-08-05,1,1,8,Folha de Pagamento,9648.33
6688,2026-08-05,6,1,8,Folha de Pagamento,7793.21
6689,2026-08-05,7,1,8,Folha de Pagamento,4486.68
6690,2026-08-06,2,5,1,Meta Ads,18529.27
6691,2026-08-06,2,5,3,Influenciadores & Afiliados,2240.58
6692,2026-08-06,6,7,4,TransLog Express,6483.52
6693,2026-08-06,6,7,7,Correios Corporativo,1684.68
6694,2026-08-07,5,12,1,Agência Pixel,13629.97
6695,2026-08-07,6,7,1,Correios Corporativo,8062.88
6696,2026-08-07,6,7,3,TransLog Express,7901.52
6697,2026-08-07,2,5,7,Meta Ads,4939.52
6698,2026-08-08,1,13,1,Locadora Frota Viva,9781.04
6699,2026-08-08,3,11,1,CloudSoft Infra,30069.25
6700,2026-08-08,3,11,1,Licenças Corp Brasil,16401.41
6701,2026-08-08,3,11,1,DevTools Pro,8200.7
6702,2026-08-08,2,5,2,Meta Ads,7853.34
6703,2026-08-09,6,7,3,Correios Corporativo,3160.61
6704,2026-08-09,1,13,7,Locadora Frota Viva,4749.77
6705,2026-08-10,7,9,1,Locadora Imóveis São Paulo,32572.92
6706,2026-08-10,7,9,2,Locadora Imóveis Rio de Janeiro,16286.46
6707,2026-08-10,7,9,3,Locadora Imóveis Belo Horizonte,10857.64
6708,2026-08-10,7,9,4,Locadora Imóveis Curitiba,10314.76
6709,2026-08-10,7,9,5,Locadora Imóveis Porto Alegre,9228.99
6710,2026-08-10,6,7,6,Correios Corporativo,3273.49
6711,2026-08-10,7,9,6,Locadora Imóveis Brasília,11400.52
6712,2026-08-10,7,9,7,Locadora Imóveis Salvador,9228.99
6713,2026-08-10,2,5,8,Google Ads,5584.27
6714,2026-08-10,6,8,8,ClimaFix,2092.39
6715,2026-08-10,7,9,8,Locadora Imóveis Recife,9228.99
6716,2026-08-11,6,7,2,RodoFácil Transportes,6851.66
6717,2026-08-12,7,15,1,Seguradora Aliança,4800.0
6718,2026-08-12,7,15,2,Seguradora Aliança,3000.0
6719,2026-08-12,7,15,3,Seguradora Aliança,2520.0
6720,2026-08-12,7,15,4,Seguradora Aliança,2400.0
6721,2026-08-12,2,5,5,Google Ads,5411.55
6722,2026-08-12,7,15,5,Seguradora Aliança,2160.0
6723,2026-08-12,2,5,6,Meta Ads,4500.52
6724,2026-08-12,7,15,6,Seguradora Aliança,2280.0
6725,2026-08-12,7,15,7,Seguradora Aliança,2280.0
6726,2026-08-12,7,15,8,Seguradora Aliança,2160.0
6727,2026-08-13,6,7,4,RodoFácil Transportes,3890.11
6728,2026-08-14,5,17,2,Comissão de Marketplaces,19039.41
6729,2026-08-14,6,8,2,ClimaFix,6635.33
6730,2026-08-14,1,13,4,Locadora Frota Viva,4469.22
6731,2026-08-14,1,4,6,Folha de Comissões,11326.46
6732,2026-08-15,7,10,1,Concessionária Local SP,13011.1
6733,2026-08-15,7,10,2,Concessionária Local RJ,8229.8
6734,2026-08-15,7,16,2,Papelaria Central,1590.55
6735,2026-08-15,7,10,3,Concessionária Local MG,7407.62
6736,2026-08-15,7,10,4,Concessionária Local PR,7324.14
6737,2026-08-15,7,10,5,Concessionária Local RS,6791.97
6738,2026-08-15,1,13,6,Agência de Viagens Rota,4363.01
6739,2026-08-15,7,10,6,Concessionária Local DF,7136.05
6740,2026-08-15,7,10,7,Concessionária Local BA,7144.26
6741,2026-08-15,7,10,8,Concessionária Local PE,6092.23
6742,2026-08-16,2,5,2,Influenciadores & Afiliados,2379.8
6743,2026-08-16,5,17,3,Comissão de Marketplaces,10146.19
6744,2026-08-16,2,5,4,TikTok Ads,2676.99
6745,2026-08-16,7,16,7,OfficeMax Atacado,1221.15
6746,2026-08-16,1,4,8,Folha de Comissões,7921.6
6747,2026-08-16,2,5,8,TikTok Ads,1994.38
6748,2026-08-17,2,5,2,Google Ads,9995.15
6749,2026-08-17,2,5,7,Google Ads,6286.66
6750,2026-08-18,6,8,3,ClimaFix,4508.03
6751,2026-08-18,6,7,8,RodoFácil Transportes,3335.61
6752,2026-08-19,6,8,1,Manutec Serviços,5534.93
6753,2026-08-19,2,5,4,Google Ads,7495.58
6754,2026-08-19,5,17,4,Comissão de Marketplaces,6433.18
6755,2026-08-19,2,5,7,TikTok Ads,2245.24
6756,2026-08-20,1,2,1,INSS / FGTS / Encargos,5237.53
6757,2026-08-20,2,2,1,INSS / FGTS / Encargos,14524.08
6758,2026-08-20,3,2,1,INSS / FGTS / Encargos,30573.32
6759,2026-08-20,3,12,1,Agência Pixel,14811.18
6760,2026-08-20,4,2,1,INSS / FGTS / Encargos,7705.93
6761,2026-08-20,5,2,1,INSS / FGTS / Encargos,9647.2
6762,2026-08-20,6,2,1,INSS / FGTS / Encargos,2828.19
6763,2026-08-20,7,2,1,INSS / FGTS / Encargos,4859.57
6764,2026-08-20,8,2,1,INSS / FGTS / Encargos,28598.43
6765,2026-08-20,1,2,2,INSS / FGTS / Encargos,3477.71
6766,2026-08-20,6,2,2,INSS / FGTS / Encargos,2810.74
6767,2026-08-20,7,2,2,INSS / FGTS / Encargos,1611.15
6768,2026-08-20,1,2,3,INSS / FGTS / Encargos,3511.91
6769,2026-08-20,6,2,3,INSS / FGTS / Encargos,2832.2
6770,2026-08-20,7,2,3,INSS / FGTS / Encargos,1610.47
6771,2026-08-20,1,2,4,INSS / FGTS / Encargos,3480.36
6772,2026-08-20,2,5,4,Meta Ads,5889.39
6773,2026-08-20,6,2,4,INSS / FGTS / Encargos,2823.62
6774,2026-08-20,7,2,4,INSS / FGTS / Encargos,1608.52
6775,2026-08-20,1,2,5,INSS / FGTS / Encargos,3486.05
6776,2026-08-20,6,2,5,INSS / FGTS / Encargos,2819.42
6777,2026-08-20,7,2,5,INSS / FGTS / Encargos,1619.22
6778,2026-08-20,1,2,6,INSS / FGTS / Encargos,3466.04
6779,2026-08-20,6,2,6,INSS / FGTS / Encargos,2811.93
6780,2026-08-20,7,2,6,INSS / FGTS / Encargos,1623.1
6781,2026-08-20,1,2,7,INSS / FGTS / Encargos,3475.19
6782,2026-08-20,5,17,7,Comissão de Marketplaces,4915.04
6783,2026-08-20,6,2,7,INSS / FGTS / Encargos,2816.26
6784,2026-08-20,7,2,7,INSS / FGTS / Encargos,1627.19
6785,2026-08-20,1,2,8,INSS / FGTS / Encargos,3473.4
6786,2026-08-20,6,2,8,INSS / FGTS / Encargos,2805.56
6787,2026-08-20,7,2,8,INSS / FGTS / Encargos,1615.2
6788,2026-08-20,7,16,8,Papelaria Central,922.46
6789,2026-08-21,6,7,1,RodoFácil Transportes,12094.32
6790,2026-08-21,6,7,5,TransLog Express,3713.55
6791,2026-08-21,6,7,8,TransLog Express,5559.36
6792,2026-08-22,2,5,1,Google Ads,23582.7
6793,2026-08-22,2,5,1,TikTok Ads,8422.39
6794,2026-08-22,1,13,5,Agência de Viagens Rota,2158.28
6795,2026-08-22,2,5,5,TikTok Ads,1932.7
6796,2026-08-22,6,7,5,Correios Corporativo,1485.42
6797,2026-08-22,5,17,6,Adquirentes (cartão/PIX),7468.29
6798,2026-08-23,5,17,1,Adquirentes (cartão/PIX),19758.07
6799,2026-08-23,6,7,1,TransLog Express,20157.2
6800,2026-08-23,2,5,4,Influenciadores & Afiliados,1784.66
6801,2026-08-23,5,17,6,Comissão de Marketplaces,10421.51
6802,2026-08-23,6,8,6,Predial Total,2550.5
6803,2026-08-23,6,7,7,TransLog Express,4211.7
6804,2026-08-24,7,16,1,Papelaria Central,1742.05
6805,2026-08-24,1,13,2,Agência de Viagens Rota,6366.46
6806,2026-08-24,1,4,7,Folha de Comissões,6281.48
6807,2026-08-25,5,18,1,Banco Nacional,8617.35
6808,2026-08-25,5,18,1,Banco do Brasil Corporativo,5170.41
6809,2026-08-25,5,18,1,Cooperativa Crédito,3446.94
6810,2026-08-25,1,4,2,Folha de Comissões,14909.19
6811,2026-08-25,5,17,2,Adquirentes (cartão/PIX),9622.59
6812,2026-08-25,6,7,2,TransLog Express,11419.44
6813,2026-08-25,2,5,3,Google Ads,9410.43
6814,2026-08-25,5,17,4,Adquirentes (cartão/PIX),6035.93
6815,2026-08-25,6,8,4,Predial Total,4217.34
6816,2026-08-25,7,16,4,Papelaria Central,1314.88
6817,2026-08-25,2,5,5,Meta Ads,4251.93
6818,2026-08-25,5,17,5,Comissão de Marketplaces,6407.49
6819,2026-08-25,6,7,5,RodoFácil Transportes,2228.13
6820,2026-08-25,2,5,6,Influenciadores & Afiliados,1363.79
6821,2026-08-26,2,5,3,Meta Ads,7393.91
6822,2026-08-26,2,5,5,Influenciadores & Afiliados,1288.46
6823,2026-08-27,2,5,2,TikTok Ads,3569.7
6824,2026-08-27,1,4,3,Folha de Comissões,11886.45
6825,2026-08-27,2,5,3,TikTok Ads,3360.87
6826,2026-08-27,5,17,5,Adquirentes (cartão/PIX),4053.4
6827,2026-08-27,6,7,6,RodoFácil Transportes,4910.24
6828,2026-08-27,2,5,7,Influenciadores & Afiliados,1496.82
6829,2026-08-27,5,17,7,Adquirentes (cartão/PIX),4025.11
6830,2026-08-27,2,5,8,Meta Ads,4387.64
6831,2026-08-28,7,16,3,OfficeMax Atacado,1379.38
6832,2026-08-29,6,7,2,Correios Corporativo,4567.78
6833,2026-08-29,7,16,5,Papelaria Central,1327.59
6834,2026-08-29,1,13,8,Locadora Frota Viva,3314.33
6835,2026-08-29,5,17,8,Comissão de Marketplaces,5103.12
6836,2026-08-30,1,4,1,Folha de Comissões,30010.64
6837,2026-08-30,1,4,4,Folha de Comissões,9176.08
6838,2026-08-30,6,7,4,Correios Corporativo,2593.41
6839,2026-08-31,5,17,1,Comissão de Marketplaces,20155.27
6840,2026-08-31,6,7,3,RodoFácil Transportes,4740.91
6841,2026-08-31,6,8,5,Manutec Serviços,4808.84
6842,2026-08-31,2,5,6,TikTok Ads,2045.69
6843,2026-09-01,1,3,1,Benefícios Corporativos (VR/VA/Plano),3613.38
6844,2026-09-01,2,3,1,Benefícios Corporativos (VR/VA/Plano),6201.89
6845,2026-09-01,2,5,1,Influenciadores & Afiliados,5579.14
6846,2026-09-01,3,3,1,Benefícios Corporativos (VR/VA/Plano),8522.42
6847,2026-09-01,4,3,1,Benefícios Corporativos (VR/VA/Plano),3703.37
6848,2026-09-01,5,3,1,Benefícios Corporativos (VR/VA/Plano),3712.07
6849,2026-09-01,6,3,1,Benefícios Corporativos (VR/VA/Plano),2451.05
6850,2026-09-01,7,3,1,Benefícios Corporativos (VR/VA/Plano),3636.88
6851,2026-09-01,8,3,1,Benefícios Corporativos (VR/VA/Plano),7209.16
6852,2026-09-01,1,3,2,Benefícios Corporativos (VR/VA/Plano),2453.43
6853,2026-09-01,2,5,2,Meta Ads,8416.46
6854,2026-09-01,6,3,2,Benefícios Corporativos (VR/VA/Plano),2469.32
6855,2026-09-01,6,8,2,ClimaFix,4492.55
6856,2026-09-01,7,3,2,Benefícios Corporativos (VR/VA/Plano),1213.05
6857,2026-09-01,1,3,3,Benefícios Corporativos (VR/VA/Plano),2435.76
6858,2026-09-01,2,5,3,Influenciadores & Afiliados,2372.7
6859,2026-09-01,6,3,3,Benefícios Corporativos (VR/VA/Plano),2466.28
6860,2026-09-01,7,3,3,Benefícios Corporativos (VR/VA/Plano),1228.13
6861,2026-09-01,1,3,4,Benefícios Corporativos (VR/VA/Plano),2454.39
6862,2026-09-01,6,3,4,Benefícios Corporativos (VR/VA/Plano),2458.19
6863,2026-09-01,7,3,4,Benefícios Corporativos (VR/VA/Plano),1208.82
6864,2026-09-01,1,3,5,Benefícios Corporativos (VR/VA/Plano),2444.94
6865,2026-09-01,6,3,5,Benefícios Corporativos (VR/VA/Plano),2413.38
6866,2026-09-01,7,3,5,Benefícios Corporativos (VR/VA/Plano),1196.03
6867,2026-09-01,1,3,6,Benefícios Corporativos (VR/VA/Plano),2474.88
6868,2026-09-01,6,3,6,Benefícios Corporativos (VR/VA/Plano),2400.38
6869,2026-09-01,7,3,6,Benefícios Corporativos (VR/VA/Plano),1236.76
6870,2026-09-01,1,3,7,Benefícios Corporativos (VR/VA/Plano),2424.39
6871,2026-09-01,1,4,7,Folha de Comissões,7761.64
6872,2026-09-01,6,3,7,Benefícios Corporativos (VR/VA/Plano),2418.34
6873,2026-09-01,7,3,7,Benefícios Corporativos (VR/VA/Plano),1223.58
6874,2026-09-01,1,3,8,Benefícios Corporativos (VR/VA/Plano),2445.85
6875,2026-09-01,6,3,8,Benefícios Corporativos (VR/VA/Plano),2422.3
6876,2026-09-01,7,3,8,Benefícios Corporativos (VR/VA/Plano),1208.3
6877,2026-09-02,6,7,4,Correios Corporativo,2752.94
6878,2026-09-02,6,7,6,Correios Corporativo,2535.38
6879,2026-09-02,5,17,7,Adquirentes (cartão/PIX),5097.58
6880,2026-09-02,2,5,8,TikTok Ads,1872.34
6881,2026-09-02,6,7,8,RodoFácil Transportes,2839.01
6882,2026-09-03,5,17,6,Comissão de Marketplaces,7386.48
6883,2026-09-03,5,17,8,Adquirentes (cartão/PIX),5252.57
6884,2026-09-03,7,16,8,OfficeMax Atacado,870.5
6885,2026-09-04,2,5,1,Google Ads,23432.38
6886,2026-09-04,6,7,3,RodoFácil Transportes,4104.14
6887,2026-09-04,1,13,6,Agência de Viagens Rota,3912.34
6888,2026-09-05,1,1,1,Folha de Pagamento,14578.91
6889,2026-09-05,2,1,1,Folha de Pagamento,40470.96
6890,2026-09-05,3,1,1,Folha de Pagamento,85313.93
6891,2026-09-05,4,1,1,Folha de Pagamento,21521.38
6892,2026-09-05,5,1,1,Folha de Pagamento,26790.65
6893,2026-09-05,6,1,1,Folha de Pagamento,7842.56
6894,2026-09-05,7,1,1,Folha de Pagamento,13584.22
6895,2026-09-05,8,1,1,Folha de Pagamento,79174.66
6896,2026-09-05,1,1,2,Folha de Pagamento,9669.56
6897,2026-09-05,6,1,2,Folha de Pagamento,7846.13
6898,2026-09-05,7,1,2,Folha de Pagamento,4500.91
6899,2026-09-05,1,1,3,Folha de Pagamento,9695.46
6900,2026-09-05,6,1,3,Folha de Pagamento,7816.88
6901,2026-09-05,7,1,3,Folha de Pagamento,4502.65
6902,2026-09-05,1,1,4,Folha de Pagamento,9673.54
6903,2026-09-05,1,4,4,Folha de Comissões,10479.21
6904,2026-09-05,6,1,4,Folha de Pagamento,7879.42
6905,2026-09-05,7,1,4,Folha de Pagamento,4487.47
6906,2026-09-05,1,1,5,Folha de Pagamento,9624.84
6907,2026-09-05,6,1,5,Folha de Pagamento,7890.89
6908,2026-09-05,7,1,5,Folha de Pagamento,4462.83
6909,2026-09-05,1,1,6,Folha de Pagamento,9712.71
6910,2026-09-05,6,1,6,Folha de Pagamento,7798.78
6911,2026-09-05,7,1,6,Folha de Pagamento,4516.65
6912,2026-09-05,1,1,7,Folha de Pagamento,9676.06
6913,2026-09-05,6,1,7,Folha de Pagamento,7794.73
6914,2026-09-05,7,1,7,Folha de Pagamento,4485.74
6915,2026-09-05,1,1,8,Folha de Pagamento,9731.86
6916,2026-09-05,6,1,8,Folha de Pagamento,7804.71
6917,2026-09-05,7,1,8,Folha de Pagamento,4501.32
6918,2026-09-06,2,12,1,Contabilidade & Cia,13982.9
6919,2026-09-06,2,5,2,TikTok Ads,3825.66
6920,2026-09-06,6,8,5,Manutec Serviços,2342.68
6921,2026-09-06,6,7,8,Correios Corporativo,1892.67
6922,2026-09-07,2,6,1,Patrocínio Esporte Local,16504.66
6923,2026-09-08,3,11,1,CloudSoft Infra,31001.39
6924,2026-09-08,3,11,1,Licenças Corp Brasil,16909.85
6925,2026-09-08,3,11,1,DevTools Pro,8454.92
6926,2026-09-08,3,12,1,Consultoria Alvo,6185.17
6927,2026-09-08,5,17,1,Adquirentes (cartão/PIX),19926.08
6928,2026-09-08,1,13,7,Agência de Viagens Rota,3206.59
6929,2026-09-09,2,5,2,Influenciadores & Afiliados,2550.44
6930,2026-09-09,2,6,2,Congresso Varejo Tech,6878.01
6931,2026-09-09,2,6,7,Patrocínio Esporte Local,4300.34
6932,2026-09-10,7,9,1,Locadora Imóveis São Paulo,32572.92
6933,2026-09-10,7,9,2,Locadora Imóveis Rio de Janeiro,16286.46
6934,2026-09-10,7,9,3,Locadora Imóveis Belo Horizonte,10857.64
6935,2026-09-10,7,9,4,Locadora Imóveis Curitiba,10314.76
6936,2026-09-10,2,5,5,TikTok Ads,2042.16
6937,2026-09-10,7,9,5,Locadora Imóveis Porto Alegre,9228.99
6938,2026-09-10,7,9,6,Locadora Imóveis Brasília,11400.52
6939,2026-09-10,7,9,7,Locadora Imóveis Salvador,9228.99
6940,2026-09-10,1,13,8,Agência de Viagens Rota,4685.07
6941,2026-09-10,7,9,8,Locadora Imóveis Recife,9228.99
6942,2026-09-11,6,7,3,Correios Corporativo,2736.09
6943,2026-09-12,7,15,1,Seguradora Aliança,4800.0
6944,2026-09-12,7,15,2,Seguradora Aliança,3000.0
6945,2026-09-12,7,15,3,Seguradora Aliança,2520.0
6946,2026-09-12,7,15,4,Seguradora Aliança,2400.0
6947,2026-09-12,7,15,5,Seguradora Aliança,2160.0
6948,2026-09-12,7,15,6,Seguradora Aliança,2280.0
6949,2026-09-12,6,8,7,ClimaFix,5470.2
6950,2026-09-12,7,15,7,Seguradora Aliança,2280.0
6951,2026-09-12,7,15,8,Seguradora Aliança,2160.0
6952,2026-09-13,2,5,4,Meta Ads,5678.9
6953,2026-09-13,5,17,4,Comissão de Marketplaces,9035.66
6954,2026-09-13,6,7,7,RodoFácil Transportes,3925.04
6955,2026-09-13,6,7,7,Correios Corporativo,2616.69
6956,2026-09-14,6,7,1,Correios Corporativo,10179.33
6957,2026-09-14,6,7,5,TransLog Express,5058.2
6958,2026-09-14,5,17,7,Comissão de Marketplaces,10263.1
6959,2026-09-15,7,10,1,Concessionária Local SP,13671.52
6960,2026-09-15,7,10,2,Concessionária Local RJ,8305.18
6961,2026-09-15,7,10,3,Concessionária Local MG,7574.23
6962,2026-09-15,2,5,4,TikTok Ads,2581.32
6963,2026-09-15,7,10,4,Concessionária Local PR,7242.07
6964,2026-09-15,7,10,5,Concessionária Local RS,6769.74
6965,2026-09-15,2,5,6,TikTok Ads,2054.56
6966,2026-09-15,7,10,6,Concessionária Local DF,6527.34
6967,2026-09-15,2,5,7,Google Ads,5936.57
6968,2026-09-15,7,10,7,Concessionária Local BA,6896.23
6969,2026-09-15,7,10,8,Concessionária Local PE,6309.49
6970,2026-09-16,2,5,1,Meta Ads,18411.16
6971,2026-09-16,2,5,4,Influenciadores & Afiliados,1720.88
6972,2026-09-16,6,8,4,Predial Total,3862.84
6973,2026-09-16,2,5,8,Meta Ads,4119.15
6974,2026-09-17,5,17,3,Adquirentes (cartão/PIX),5404.11
6975,2026-09-17,2,5,6,Influenciadores & Afiliados,1369.71
6976,2026-09-17,6,7,8,TransLog Express,4731.68
6977,2026-09-18,5,17,3,Comissão de Marketplaces,9858.25
6978,2026-09-18,5,17,5,Adquirentes (cartão/PIX),4848.93
6979,2026-09-18,5,17,6,Adquirentes (cartão/PIX),5729.98
6980,2026-09-18,7,16,7,OfficeMax Atacado,1587.45
6981,2026-09-18,6,8,8,Predial Total,3402.57
6982,2026-09-19,6,7,1,RodoFácil Transportes,15269.0
6983,2026-09-19,1,13,2,Locadora Frota Viva,5199.08
6984,2026-09-19,1,13,3,Locadora Frota Viva,4323.33
6985,2026-09-19,2,5,3,TikTok Ads,3559.05
6986,2026-09-19,6,8,3,Predial Total,4846.59
6987,2026-09-19,1,4,6,Folha de Comissões,8593.08
6988,2026-09-19,6,8,6,Manutec Serviços,3134.19
6989,2026-09-19,5,17,8,Comissão de Marketplaces,6182.06
6990,2026-09-20,1,2,1,INSS / FGTS / Encargos,5248.41
6991,2026-09-20,2,2,1,INSS / FGTS / Encargos,14569.55
6992,2026-09-20,3,2,1,INSS / FGTS / Encargos,30713.02
6993,2026-09-20,4,2,1,INSS / FGTS / Encargos,7747.7
6994,2026-09-20,5,2,1,INSS / FGTS / Encargos,9644.63
6995,2026-09-20,6,2,1,INSS / FGTS / Encargos,2823.32
6996,2026-09-20,7,2,1,INSS / FGTS / Encargos,4890.32
6997,2026-09-20,8,2,1,INSS / FGTS / Encargos,28502.88
6998,2026-09-20,1,2,2,INSS / FGTS / Encargos,3481.04
6999,2026-09-20,1,4,2,Folha de Comissões,12285.35
7000,2026-09-20,6,2,2,INSS / FGTS / Encargos,2824.61
7001,2026-09-20,7,2,2,INSS / FGTS / Encargos,1620.33
7002,2026-09-20,1,2,3,INSS / FGTS / Encargos,3490.36
7003,2026-09-20,6,2,3,INSS / FGTS / Encargos,2814.08
7004,2026-09-20,7,2,3,INSS / FGTS / Encargos,1620.95
7005,2026-09-20,7,16,3,Papelaria Central,993.23
7006,2026-09-20,1,2,4,INSS / FGTS / Encargos,3482.48
7007,2026-09-20,2,6,4,Feira Office Brasil,4386.25
7008,2026-09-20,6,2,4,INSS / FGTS / Encargos,2836.59
7009,2026-09-20,7,2,4,INSS / FGTS / Encargos,1615.49
7010,2026-09-20,1,2,5,INSS / FGTS / Encargos,3464.94
7011,2026-09-20,2,5,5,Google Ads,5718.06
7012,2026-09-20,2,5,5,Influenciadores & Afiliados,1361.44
7013,2026-09-20,6,2,5,INSS / FGTS / Encargos,2840.72
7014,2026-09-20,7,2,5,INSS / FGTS / Encargos,1606.62
7015,2026-09-20,1,2,6,INSS / FGTS / Encargos,3496.58
7016,2026-09-20,2,6,6,Patrocínio Esporte Local,3639.39
7017,2026-09-20,6,2,6,INSS / FGTS / Encargos,2807.56
7018,2026-09-20,6,7,6,TransLog Express,6338.45
7019,2026-09-20,7,2,6,INSS / FGTS / Encargos,1625.99
7020,2026-09-20,1,2,7,INSS / FGTS / Encargos,3483.38
7021,2026-09-20,6,2,7,INSS / FGTS / Encargos,2806.1
7022,2026-09-20,7,2,7,INSS / FGTS / Encargos,1614.87
7023,2026-09-20,1,2,8,INSS / FGTS / Encargos,3503.47
7024,2026-09-20,2,5,8,Google Ads,5242.55
7025,2026-09-20,6,2,8,INSS / FGTS / Encargos,2809.7
7026,2026-09-20,7,2,8,INSS / FGTS / Encargos,1620.47
7027,2026-09-21,6,7,1,TransLog Express,25448.33
7028,2026-09-21,7,16,2,OfficeMax Atacado,1325.78
7029,2026-09-22,1,4,1,Folha de Comissões,32344.75
7030,2026-09-22,5,17,5,Comissão de Marketplaces,4685.95
7031,2026-09-22,6,7,6,RodoFácil Transportes,3803.07
7032,2026-09-22,2,5,7,Meta Ads,4664.45
7033,2026-09-23,2,5,1,TikTok Ads,8368.71
7034,2026-09-23,4,14,1,Instituto Aprender,4267.93
7035,2026-09-23,5,17,4,Adquirentes (cartão/PIX),6747.07
7036,2026-09-24,5,17,1,Comissão de Marketplaces,39007.1
7037,2026-09-24,2,6,3,Congresso Varejo Tech,6605.13
7038,2026-09-24,6,7,4,TransLog Express,6882.35
7039,2026-09-24,2,5,7,TikTok Ads,2120.2
7040,2026-09-24,2,5,7,Influenciadores & Afiliados,1413.47
7041,2026-09-24,2,5,8,Influenciadores & Afiliados,1248.23
7042,2026-09-24,2,6,8,Congresso Varejo Tech,3333.53
7043,2026-09-25,5,18,1,Banco Nacional,9185.18
7044,2026-09-25,5,18,1,Banco do Brasil Corporativo,5511.11
7045,2026-09-25,5,18,1,Cooperativa Crédito,3674.07
7046,2026-09-25,2,5,2,Google Ads,10711.85
7047,2026-09-25,1,13,4,Agência de Viagens Rota,3138.26
7048,2026-09-25,6,7,5,RodoFácil Transportes,3034.92
7049,2026-09-25,7,16,5,Papelaria Central,1502.14
7050,2026-09-26,6,8,1,Predial Total,9955.67
7051,2026-09-26,6,7,2,TransLog Express,9247.6
7052,2026-09-26,6,7,2,Correios Corporativo,3699.04
7053,2026-09-26,2,5,3,Google Ads,9965.33
7054,2026-09-26,2,5,4,Google Ads,7227.69
7055,2026-09-26,7,16,4,OfficeMax Atacado,1002.45
7056,2026-09-26,6,7,5,Correios Corporativo,2023.28
7057,2026-09-26,2,5,6,Meta Ads,4520.03
7058,2026-09-26,6,7,7,TransLog Express,6541.73
7059,2026-09-27,5,17,2,Adquirentes (cartão/PIX),8238.6
7060,2026-09-27,2,5,3,Meta Ads,7829.9
7061,2026-09-27,1,4,5,Folha de Comissões,6569.52
7062,2026-09-28,1,13,1,Locadora Frota Viva,13906.32
7063,2026-09-28,7,16,1,OfficeMax Atacado,2755.62
7064,2026-09-28,5,17,2,Comissão de Marketplaces,11238.16
7065,2026-09-28,1,4,3,Folha de Comissões,9569.86
7066,2026-09-28,2,5,5,Meta Ads,4492.76
7067,2026-09-28,2,6,5,Patrocínio Esporte Local,3640.39
7068,2026-09-28,7,16,6,OfficeMax Atacado,1126.88
7069,2026-09-29,6,7,2,RodoFácil Transportes,5548.56
7070,2026-09-29,6,7,3,TransLog Express,6840.23
7071,2026-09-29,1,13,5,Agência de Viagens Rota,4330.25
7072,2026-09-29,2,5,6,Google Ads,5752.77
7073,2026-09-30,5,12,1,Contabilidade & Cia,18494.42
7074,2026-09-30,6,7,4,RodoFácil Transportes,4129.41
7075,2026-09-30,1,4,8,Folha de Comissões,7420.62
