mes,id_departamento,id_categoria_despesa,id_filial,valor_orcado
2024-01-01,1,1,1,8400.0
2024-01-01,1,2,1,3024.0
2024-01-01,1,3,1,2300.0
2024-01-01,2,1,1,28000.0
2024-01-01,2,2,1,10080.0
2024-01-01,2,3,1,4600.0
2024-01-01,3,1,1,42000.0
2024-01-01,3,2,1,15120.0
2024-01-01,3,3,1,4600.0
2024-01-01,4,1,1,18600.0
2024-01-01,4,2,1,6696.0
2024-01-01,4,3,1,3450.0
2024-01-01,5,1,1,31200.0
2024-01-01,5,2,1,11232.0
2024-01-01,5,3,1,4600.0
2024-01-01,6,1,1,6800.0
2024-01-01,6,2,1,2448.0
2024-01-01,6,3,1,2300.0
2024-01-01,7,1,1,11700.0
2024-01-01,7,2,1,4212.0
2024-01-01,7,3,1,3450.0
2024-01-01,8,1,1,57500.0
2024-01-01,8,2,1,20700.0
2024-01-01,8,3,1,5750.0
2024-01-01,1,4,1,17861.68
2024-01-01,2,5,1,28677.92
2024-01-01,6,7,1,21659.45
2024-01-01,5,17,1,17755.89
2024-01-01,7,9,1,30000.0
2024-01-01,7,10,1,11900.0
2024-01-01,7,15,1,4800.0
2024-01-01,7,16,1,2300.0
2024-01-01,6,8,1,7000.0
2024-01-01,1,13,1,8930.84
2024-01-01,1,1,2,8400.0
2024-01-01,1,2,2,3024.0
2024-01-01,1,3,2,2300.0
2024-01-01,6,1,2,6800.0
2024-01-01,6,2,2,2448.0
2024-01-01,6,3,2,2300.0
2024-01-01,7,1,2,3900.0
2024-01-01,7,2,2,1404.0
2024-01-01,7,3,2,1150.0
2024-01-01,1,4,2,8224.94
2024-01-01,2,5,2,13205.6
2024-01-01,6,7,2,9973.74
2024-01-01,5,17,2,8176.23
2024-01-01,7,9,2,15000.0
2024-01-01,7,10,2,7700.0
2024-01-01,7,15,2,3000.0
2024-01-01,7,16,2,1550.0
2024-01-01,6,8,2,4750.0
2024-01-01,1,13,2,4112.47
2024-01-01,1,1,3,8400.0
2024-01-01,1,2,3,3024.0
2024-01-01,1,3,3,2300.0
2024-01-01,6,1,3,6800.0
2024-01-01,6,2,3,2448.0
2024-01-01,6,3,3,2300.0
2024-01-01,7,1,3,3900.0
2024-01-01,7,2,3,1404.0
2024-01-01,7,3,3,1150.0
2024-01-01,1,4,3,7574.39
2024-01-01,2,5,3,12161.11
2024-01-01,6,7,3,9184.87
2024-01-01,5,17,3,7529.53
2024-01-01,7,9,3,10000.0
2024-01-01,7,10,3,6580.0
2024-01-01,7,15,3,2520.0
2024-01-01,7,16,3,1350.0
2024-01-01,6,8,3,4150.0
2024-01-01,1,13,3,3787.2
2024-01-01,1,1,4,8400.0
2024-01-01,1,2,4,3024.0
2024-01-01,1,3,4,2300.0
2024-01-01,6,1,4,6800.0
2024-01-01,6,2,4,2448.0
2024-01-01,6,3,4,2300.0
2024-01-01,7,1,4,3900.0
2024-01-01,7,2,4,1404.0
2024-01-01,7,3,4,1150.0
2024-01-01,1,4,4,5827.0
2024-01-01,2,5,4,9355.57
2024-01-01,6,7,4,7065.94
2024-01-01,5,17,4,5792.49
2024-01-01,7,9,4,9500.0
2024-01-01,7,10,4,6300.0
2024-01-01,7,15,4,2400.0
2024-01-01,7,16,4,1300.0
2024-01-01,6,8,4,4000.0
2024-01-01,1,13,4,2913.5
2024-01-01,1,1,5,8400.0
2024-01-01,1,2,5,3024.0
2024-01-01,1,3,5,2300.0
2024-01-01,6,1,5,6800.0
2024-01-01,6,2,5,2448.0
2024-01-01,6,3,5,2300.0
2024-01-01,7,1,5,3900.0
2024-01-01,7,2,5,1404.0
2024-01-01,7,3,5,1150.0
2024-01-01,1,4,5,4393.22
2024-01-01,2,5,5,7053.55
2024-01-01,6,7,5,5327.3
2024-01-01,5,17,5,4367.2
2024-01-01,7,9,5,8500.0
2024-01-01,7,10,5,5740.0
2024-01-01,7,15,5,2160.0
2024-01-01,7,16,5,1200.0
2024-01-01,6,8,5,3700.0
2024-01-01,1,13,5,2196.61
2024-01-01,1,1,6,8400.0
2024-01-01,1,2,6,3024.0
2024-01-01,1,3,6,2300.0
2024-01-01,6,1,6,6800.0
2024-01-01,6,2,6,2448.0
2024-01-01,6,3,6,2300.0
2024-01-01,7,1,6,3900.0
2024-01-01,7,2,6,1404.0
2024-01-01,7,3,6,1150.0
2024-01-01,1,4,6,4746.2
2024-01-01,2,5,6,7620.29
2024-01-01,6,7,6,5755.35
2024-01-01,5,17,6,4718.09
2024-01-01,7,9,6,10500.0
2024-01-01,7,10,6,6020.0
2024-01-01,7,15,6,2280.0
2024-01-01,7,16,6,1250.0
2024-01-01,6,8,6,3850.0
2024-01-01,1,13,6,2373.1
2024-01-01,3,11,1,38000.0
2024-01-01,5,12,1,12000.0
2024-01-01,3,12,1,15000.0
2024-01-01,2,12,1,10000.0
2024-01-01,4,14,1,5000.0
2024-01-01,5,18,1,13000.0
2024-02-01,1,1,1,8400.0
2024-02-01,1,2,1,3024.0
2024-02-01,1,3,1,2300.0
2024-02-01,2,1,1,28000.0
2024-02-01,2,2,1,10080.0
2024-02-01,2,3,1,4600.0
2024-02-01,3,1,1,42000.0
2024-02-01,3,2,1,15120.0
2024-02-01,3,3,1,4600.0
2024-02-01,4,1,1,18600.0
2024-02-01,4,2,1,6696.0
2024-02-01,4,3,1,3450.0
2024-02-01,5,1,1,31200.0
2024-02-01,5,2,1,11232.0
2024-02-01,5,3,1,4600.0
2024-02-01,6,1,1,6800.0
2024-02-01,6,2,1,2448.0
2024-02-01,6,3,1,2300.0
2024-02-01,7,1,1,11700.0
2024-02-01,7,2,1,4212.0
2024-02-01,7,3,1,3450.0
2024-02-01,8,1,1,57500.0
2024-02-01,8,2,1,20700.0
2024-02-01,8,3,1,5750.0
2024-02-01,1,4,1,15357.13
2024-02-01,2,5,1,29007.92
2024-02-01,6,7,1,18744.26
2024-02-01,5,17,1,14111.98
2024-02-01,7,9,1,30000.0
2024-02-01,7,10,1,11900.0
2024-02-01,7,15,1,4800.0
2024-02-01,7,16,1,2300.0
2024-02-01,6,8,1,7000.0
2024-02-01,1,13,1,7678.57
2024-02-01,1,1,2,8400.0
2024-02-01,1,2,2,3024.0
2024-02-01,1,3,2,2300.0
2024-02-01,6,1,2,6800.0
2024-02-01,6,2,2,2448.0
2024-02-01,6,3,2,2300.0
2024-02-01,7,1,2,3900.0
2024-02-01,7,2,2,1404.0
2024-02-01,7,3,2,1150.0
2024-02-01,1,4,2,7071.65
2024-02-01,2,5,2,13357.56
2024-02-01,6,7,2,8631.35
2024-02-01,5,17,2,6498.28
2024-02-01,7,9,2,15000.0
2024-02-01,7,10,2,7700.0
2024-02-01,7,15,2,3000.0
2024-02-01,7,16,2,1550.0
2024-02-01,6,8,2,4750.0
2024-02-01,1,13,2,3535.82
2024-02-01,1,1,3,8400.0
2024-02-01,1,2,3,3024.0
2024-02-01,1,3,3,2300.0
2024-02-01,6,1,3,6800.0
2024-02-01,6,2,3,2448.0
2024-02-01,6,3,3,2300.0
2024-02-01,7,1,3,3900.0
2024-02-01,7,2,3,1404.0
2024-02-01,7,3,3,1150.0
2024-02-01,1,4,3,6512.32
2024-02-01,2,5,3,12301.04
2024-02-01,6,7,3,7948.66
2024-02-01,5,17,3,5984.3
2024-02-01,7,9,3,10000.0
2024-02-01,7,10,3,6580.0
2024-02-01,7,15,3,2520.0
2024-02-01,7,16,3,1350.0
2024-02-01,6,8,3,4150.0
2024-02-01,1,13,3,3256.16
2024-02-01,1,1,4,8400.0
2024-02-01,1,2,4,3024.0
2024-02-01,1,3,4,2300.0
2024-02-01,6,1,4,6800.0
2024-02-01,6,2,4,2448.0
2024-02-01,6,3,4,2300.0
2024-02-01,7,1,4,3900.0
2024-02-01,7,2,4,1404.0
2024-02-01,7,3,4,1150.0
2024-02-01,1,4,4,5009.94
2024-02-01,2,5,4,9463.23
2024-02-01,6,7,4,6114.92
2024-02-01,5,17,4,4603.74
2024-02-01,7,9,4,9500.0
2024-02-01,7,10,4,6300.0
2024-02-01,7,15,4,2400.0
2024-02-01,7,16,4,1300.0
2024-02-01,6,8,4,4000.0
2024-02-01,1,13,4,2504.97
2024-02-01,1,1,5,8400.0
2024-02-01,1,2,5,3024.0
2024-02-01,1,3,5,2300.0
2024-02-01,6,1,5,6800.0
2024-02-01,6,2,5,2448.0
2024-02-01,6,3,5,2300.0
2024-02-01,7,1,5,3900.0
2024-02-01,7,2,5,1404.0
2024-02-01,7,3,5,1150.0
2024-02-01,1,4,5,3777.2
2024-02-01,2,5,5,7134.72
2024-02-01,6,7,5,4610.29
2024-02-01,5,17,5,3470.95
2024-02-01,7,9,5,8500.0
2024-02-01,7,10,5,5740.0
2024-02-01,7,15,5,2160.0
2024-02-01,7,16,5,1200.0
2024-02-01,6,8,5,3700.0
2024-02-01,1,13,5,1888.6
2024-02-01,1,1,6,8400.0
2024-02-01,1,2,6,3024.0
2024-02-01,1,3,6,2300.0
2024-02-01,6,1,6,6800.0
2024-02-01,6,2,6,2448.0
2024-02-01,6,3,6,2300.0
2024-02-01,7,1,6,3900.0
2024-02-01,7,2,6,1404.0
2024-02-01,7,3,6,1150.0
2024-02-01,1,4,6,4080.7
2024-02-01,2,5,6,7707.98
2024-02-01,6,7,6,4980.72
2024-02-01,5,17,6,3749.83
2024-02-01,7,9,6,10500.0
2024-02-01,7,10,6,6020.0
2024-02-01,7,15,6,2280.0
2024-02-01,7,16,6,1250.0
2024-02-01,6,8,6,3850.0
2024-02-01,1,13,6,2040.35
2024-02-01,3,11,1,38152.0
2024-02-01,5,12,1,12000.0
2024-02-01,3,12,1,15000.0
2024-02-01,2,12,1,10000.0
2024-02-01,4,14,1,20000.0
2024-02-01,5,18,1,13000.0
2024-03-01,1,1,1,8778.0
2024-03-01,1,2,1,3160.08
2024-03-01,1,3,1,2300.0
2024-03-01,2,1,1,29260.0
2024-03-01,2,2,1,10533.6
2024-03-01,2,3,1,4600.0
2024-03-01,3,1,1,43890.0
2024-03-01,3,2,1,15800.4
2024-03-01,3,3,1,4600.0
2024-03-01,4,1,1,19437.0
2024-03-01,4,2,1,6997.32
2024-03-01,4,3,1,3450.0
2024-03-01,5,1,1,32604.0
2024-03-01,5,2,1,11737.44
2024-03-01,5,3,1,4600.0
2024-03-01,6,1,1,7106.0
2024-03-01,6,2,1,2558.16
2024-03-01,6,3,1,2300.0
2024-03-01,7,1,1,12226.5
2024-03-01,7,2,1,4401.54
2024-03-01,7,3,1,3450.0
2024-03-01,8,1,1,60087.5
2024-03-01,8,2,1,21631.5
2024-03-01,8,3,1,5750.0
2024-03-01,1,4,1,18766.66
2024-03-01,2,5,1,35448.14
2024-03-01,2,6,1,9383.33
2024-03-01,6,7,1,23349.45
2024-03-01,5,17,1,19188.4
2024-03-01,7,9,1,30000.0
2024-03-01,7,10,1,11900.0
2024-03-01,7,15,1,4800.0
2024-03-01,7,16,1,2300.0
2024-03-01,6,8,1,7000.0
2024-03-01,1,13,1,9383.33
2024-03-01,1,1,2,8778.0
2024-03-01,1,2,2,3160.08
2024-03-01,1,3,2,2300.0
2024-03-01,6,1,2,7106.0
2024-03-01,6,2,2,2558.16
2024-03-01,6,3,2,2300.0
2024-03-01,7,1,2,4075.5
2024-03-01,7,2,2,1467.18
2024-03-01,7,3,2,1150.0
2024-03-01,1,4,2,8641.67
2024-03-01,2,5,2,16323.15
2024-03-01,2,6,2,4320.83
2024-03-01,6,7,2,10751.95
2024-03-01,5,17,2,8835.87
2024-03-01,7,9,2,15000.0
2024-03-01,7,10,2,7700.0
2024-03-01,7,15,2,3000.0
2024-03-01,7,16,2,1550.0
2024-03-01,6,8,2,4750.0
2024-03-01,1,13,2,4320.83
2024-03-01,1,1,3,8778.0
2024-03-01,1,2,3,3160.08
2024-03-01,1,3,3,2300.0
2024-03-01,6,1,3,7106.0
2024-03-01,6,2,3,2558.16
2024-03-01,6,3,3,2300.0
2024-03-01,7,1,3,4075.5
2024-03-01,7,2,3,1467.18
2024-03-01,7,3,3,1150.0
2024-03-01,1,4,3,7958.16
2024-03-01,2,5,3,15032.07
2024-03-01,2,6,3,3979.08
2024-03-01,6,7,3,9901.53
2024-03-01,5,17,3,8137.0
2024-03-01,7,9,3,10000.0
2024-03-01,7,10,3,6580.0
2024-03-01,7,15,3,2520.0
2024-03-01,7,16,3,1350.0
2024-03-01,6,8,3,4150.0
2024-03-01,1,13,3,3979.08
2024-03-01,1,1,4,8778.0
2024-03-01,1,2,4,3160.08
2024-03-01,1,3,4,2300.0
2024-03-01,6,1,4,7106.0
2024-03-01,6,2,4,2558.16
2024-03-01,6,3,4,2300.0
2024-03-01,7,1,4,4075.5
2024-03-01,7,2,4,1467.18
2024-03-01,7,3,4,1150.0
2024-03-01,1,4,4,6122.23
2024-03-01,2,5,4,11564.22
2024-03-01,2,6,4,3061.12
2024-03-01,6,7,4,7617.27
2024-03-01,5,17,4,6259.81
2024-03-01,7,9,4,9500.0
2024-03-01,7,10,4,6300.0
2024-03-01,7,15,4,2400.0
2024-03-01,7,16,4,1300.0
2024-03-01,6,8,4,4000.0
2024-03-01,1,13,4,3061.12
2024-03-01,1,1,5,8778.0
2024-03-01,1,2,5,3160.08
2024-03-01,1,3,5,2300.0
2024-03-01,6,1,5,7106.0
2024-03-01,6,2,5,2558.16
2024-03-01,6,3,5,2300.0
2024-03-01,7,1,5,4075.5
2024-03-01,7,2,5,1467.18
2024-03-01,7,3,5,1150.0
2024-03-01,1,4,5,4615.8
2024-03-01,2,5,5,8718.74
2024-03-01,2,6,5,2307.9
2024-03-01,6,7,5,5742.97
2024-03-01,5,17,5,4719.53
2024-03-01,7,9,5,8500.0
2024-03-01,7,10,5,5740.0
2024-03-01,7,15,5,2160.0
2024-03-01,7,16,5,1200.0
2024-03-01,6,8,5,3700.0
2024-03-01,1,13,5,2307.9
2024-03-01,1,1,6,8778.0
2024-03-01,1,2,6,3160.08
2024-03-01,1,3,6,2300.0
2024-03-01,6,1,6,7106.0
2024-03-01,6,2,6,2558.16
2024-03-01,6,3,6,2300.0
2024-03-01,7,1,6,4075.5
2024-03-01,7,2,6,1467.18
2024-03-01,7,3,6,1150.0
2024-03-01,1,4,6,4986.68
2024-03-01,2,5,6,9419.28
2024-03-01,2,6,6,2493.34
2024-03-01,6,7,6,6204.41
2024-03-01,5,17,6,5098.74
2024-03-01,7,9,6,10500.0
2024-03-01,7,10,6,6020.0
2024-03-01,7,15,6,2280.0
2024-03-01,7,16,6,1250.0
2024-03-01,6,8,6,3850.0
2024-03-01,1,13,6,2493.34
2024-03-01,3,11,1,38304.0
2024-03-01,5,12,1,12000.0
2024-03-01,3,12,1,15000.0
2024-03-01,2,12,1,10000.0
2024-03-01,4,14,1,5000.0
2024-03-01,5,18,1,13000.0
2024-04-01,1,1,1,8778.0
2024-04-01,1,2,1,3160.08
2024-04-01,1,3,1,2300.0
2024-04-01,2,1,1,29260.0
2024-04-01,2,2,1,10533.6
2024-04-01,2,3,1,4600.0
2024-04-01,3,1,1,43890.0
2024-04-01,3,2,1,15800.4
2024-04-01,3,3,1,4600.0
2024-04-01,4,1,1,19437.0
2024-04-01,4,2,1,6997.32
2024-04-01,4,3,1,3450.0
2024-04-01,5,1,1,32604.0
2024-04-01,5,2,1,11737.44
2024-04-01,5,3,1,4600.0
2024-04-01,6,1,1,7106.0
2024-04-01,6,2,1,2558.16
2024-04-01,6,3,1,2300.0
2024-04-01,7,1,1,12226.5
2024-04-01,7,2,1,4401.54
2024-04-01,7,3,1,3450.0
2024-04-01,8,1,1,60087.5
2024-04-01,8,2,1,21631.5
2024-04-01,8,3,1,5750.0
2024-04-01,1,4,1,19934.93
2024-04-01,2,5,1,37654.87
2024-04-01,6,7,1,23720.35
2024-04-01,5,17,1,19082.1
2024-04-01,7,9,1,30000.0
2024-04-01,7,10,1,11900.0
2024-04-01,7,15,1,4800.0
2024-04-01,7,16,1,2300.0
2024-04-01,6,8,1,7000.0
2024-04-01,1,13,1,9967.47
2024-04-01,1,1,2,8778.0
2024-04-01,1,2,2,3160.08
2024-04-01,1,3,2,2300.0
2024-04-01,6,1,2,7106.0
2024-04-01,6,2,2,2558.16
2024-04-01,6,3,2,2300.0
2024-04-01,7,1,2,4075.5
2024-04-01,7,2,2,1467.18
2024-04-01,7,3,2,1150.0
2024-04-01,1,4,2,9179.63
2024-04-01,2,5,2,17339.31
2024-04-01,6,7,2,10922.74
2024-04-01,5,17,2,8786.92
2024-04-01,7,9,2,15000.0
2024-04-01,7,10,2,7700.0
2024-04-01,7,15,2,3000.0
2024-04-01,7,16,2,1550.0
2024-04-01,6,8,2,4750.0
2024-04-01,1,13,2,4589.82
2024-04-01,1,1,3,8778.0
2024-04-01,1,2,3,3160.08
2024-04-01,1,3,3,2300.0
2024-04-01,6,1,3,7106.0
2024-04-01,6,2,3,2558.16
2024-04-01,6,3,3,2300.0
2024-04-01,7,1,3,4075.5
2024-04-01,7,2,3,1467.18
2024-04-01,7,3,3,1150.0
2024-04-01,1,4,3,8453.57
2024-04-01,2,5,3,15967.86
2024-04-01,6,7,3,10058.81
2024-04-01,5,17,3,8091.92
2024-04-01,7,9,3,10000.0
2024-04-01,7,10,3,6580.0
2024-04-01,7,15,3,2520.0
2024-04-01,7,16,3,1350.0
2024-04-01,6,8,3,4150.0
2024-04-01,1,13,3,4226.79
2024-04-01,1,1,4,8778.0
2024-04-01,1,2,4,3160.08
2024-04-01,1,3,4,2300.0
2024-04-01,6,1,4,7106.0
2024-04-01,6,2,4,2558.16
2024-04-01,6,3,4,2300.0
2024-04-01,7,1,4,4075.5
2024-04-01,7,2,4,1467.18
2024-04-01,7,3,4,1150.0
2024-04-01,1,4,4,6503.36
2024-04-01,2,5,4,12284.12
2024-04-01,6,7,4,7738.27
2024-04-01,5,17,4,6225.14
2024-04-01,7,9,4,9500.0
2024-04-01,7,10,4,6300.0
2024-04-01,7,15,4,2400.0
2024-04-01,7,16,4,1300.0
2024-04-01,6,8,4,4000.0
2024-04-01,1,13,4,3251.68
2024-04-01,1,1,5,8778.0
2024-04-01,1,2,5,3160.08
2024-04-01,1,3,5,2300.0
2024-04-01,6,1,5,7106.0
2024-04-01,6,2,5,2558.16
2024-04-01,6,3,5,2300.0
2024-04-01,7,1,5,4075.5
2024-04-01,7,2,5,1467.18
2024-04-01,7,3,5,1150.0
2024-04-01,1,4,5,4903.15
2024-04-01,2,5,5,9261.5
2024-04-01,6,7,5,5834.2
2024-04-01,5,17,5,4693.39
2024-04-01,7,9,5,8500.0
2024-04-01,7,10,5,5740.0
2024-04-01,7,15,5,2160.0
2024-04-01,7,16,5,1200.0
2024-04-01,6,8,5,3700.0
2024-04-01,1,13,5,2451.57
2024-04-01,1,1,6,8778.0
2024-04-01,1,2,6,3160.08
2024-04-01,1,3,6,2300.0
2024-04-01,6,1,6,7106.0
2024-04-01,6,2,6,2558.16
2024-04-01,6,3,6,2300.0
2024-04-01,7,1,6,4075.5
2024-04-01,7,2,6,1467.18
2024-04-01,7,3,6,1150.0
2024-04-01,1,4,6,5297.11
2024-04-01,2,5,6,10005.65
2024-04-01,6,7,6,6302.97
2024-04-01,5,17,6,5070.49
2024-04-01,7,9,6,10500.0
2024-04-01,7,10,6,6020.0
2024-04-01,7,15,6,2280.0
2024-04-01,7,16,6,1250.0
2024-04-01,6,8,6,3850.0
2024-04-01,1,13,6,2648.55
2024-04-01,3,11,1,38456.0
2024-04-01,5,12,1,12000.0
2024-04-01,3,12,1,15000.0
2024-04-01,2,12,1,10000.0
2024-04-01,4,14,1,5000.0
2024-04-01,5,18,1,13000.0
2024-05-01,1,1,1,8778.0
2024-05-01,1,2,1,3160.08
2024-05-01,1,3,1,2300.0
2024-05-01,2,1,1,29260.0
2024-05-01,2,2,1,10533.6
2024-05-01,2,3,1,4600.0
2024-05-01,3,1,1,43890.0
2024-05-01,3,2,1,15800.4
2024-05-01,3,3,1,4600.0
2024-05-01,4,1,1,19437.0
2024-05-01,4,2,1,6997.32
2024-05-01,4,3,1,3450.0
2024-05-01,5,1,1,32604.0
2024-05-01,5,2,1,11737.44
2024-05-01,5,3,1,4600.0
2024-05-01,6,1,1,7106.0
2024-05-01,6,2,1,2558.16
2024-05-01,6,3,1,2300.0
2024-05-01,7,1,1,12226.5
2024-05-01,7,2,1,4401.54
2024-05-01,7,3,1,3450.0
2024-05-01,8,1,1,60087.5
2024-05-01,8,2,1,21631.5
2024-05-01,8,3,1,5750.0
2024-05-01,1,4,1,20510.2
2024-05-01,2,5,1,38741.49
2024-05-01,6,7,1,26391.68
2024-05-01,5,17,1,22010.14
2024-05-01,7,9,1,30000.0
2024-05-01,7,10,1,11900.0
2024-05-01,7,15,1,4800.0
2024-05-01,7,16,1,2300.0
2024-05-01,6,8,1,7000.0
2024-05-01,1,13,1,10255.1
2024-05-01,1,1,2,8778.0
2024-05-01,1,2,2,3160.08
2024-05-01,1,3,2,2300.0
2024-05-01,6,1,2,7106.0
2024-05-01,6,2,2,2558.16
2024-05-01,6,3,2,2300.0
2024-05-01,7,1,2,4075.5
2024-05-01,7,2,2,1467.18
2024-05-01,7,3,2,1150.0
2024-05-01,1,4,2,9444.53
2024-05-01,2,5,2,17839.67
2024-05-01,6,7,2,12152.84
2024-05-01,5,17,2,10135.23
2024-05-01,7,9,2,15000.0
2024-05-01,7,10,2,7700.0
2024-05-01,7,15,2,3000.0
2024-05-01,7,16,2,1550.0
2024-05-01,6,8,2,4750.0
2024-05-01,1,13,2,4722.27
2024-05-01,1,1,3,8778.0
2024-05-01,1,2,3,3160.08
2024-05-01,1,3,3,2300.0
2024-05-01,6,1,3,7106.0
2024-05-01,6,2,3,2558.16
2024-05-01,6,3,3,2300.0
2024-05-01,7,1,3,4075.5
2024-05-01,7,2,3,1467.18
2024-05-01,7,3,3,1150.0
2024-05-01,1,4,3,8697.52
2024-05-01,2,5,3,16428.64
2024-05-01,6,7,3,11191.61
2024-05-01,5,17,3,9333.58
2024-05-01,7,9,3,10000.0
2024-05-01,7,10,3,6580.0
2024-05-01,7,15,3,2520.0
2024-05-01,7,16,3,1350.0
2024-05-01,6,8,3,4150.0
2024-05-01,1,13,3,4348.76
2024-05-01,1,1,4,8778.0
2024-05-01,1,2,4,3160.08
2024-05-01,1,3,4,2300.0
2024-05-01,6,1,4,7106.0
2024-05-01,6,2,4,2558.16
2024-05-01,6,3,4,2300.0
2024-05-01,7,1,4,4075.5
2024-05-01,7,2,4,1467.18
2024-05-01,7,3,4,1150.0
2024-05-01,1,4,4,6691.02
2024-05-01,2,5,4,12638.6
2024-05-01,6,7,4,8609.73
2024-05-01,5,17,4,7180.35
2024-05-01,7,9,4,9500.0
2024-05-01,7,10,4,6300.0
2024-05-01,7,15,4,2400.0
2024-05-01,7,16,4,1300.0
2024-05-01,6,8,4,4000.0
2024-05-01,1,13,4,3345.51
2024-05-01,1,1,5,8778.0
2024-05-01,1,2,5,3160.08
2024-05-01,1,3,5,2300.0
2024-05-01,6,1,5,7106.0
2024-05-01,6,2,5,2558.16
2024-05-01,6,3,5,2300.0
2024-05-01,7,1,5,4075.5
2024-05-01,7,2,5,1467.18
2024-05-01,7,3,5,1150.0
2024-05-01,1,4,5,5044.64
2024-05-01,2,5,5,9528.76
2024-05-01,6,7,5,6491.23
2024-05-01,5,17,5,5413.56
2024-05-01,7,9,5,8500.0
2024-05-01,7,10,5,5740.0
2024-05-01,7,15,5,2160.0
2024-05-01,7,16,5,1200.0
2024-05-01,6,8,5,3700.0
2024-05-01,1,13,5,2522.32
2024-05-01,1,1,6,8778.0
2024-05-01,1,2,6,3160.08
2024-05-01,1,3,6,2300.0
2024-05-01,6,1,6,7106.0
2024-05-01,6,2,6,2558.16
2024-05-01,6,3,6,2300.0
2024-05-01,7,1,6,4075.5
2024-05-01,7,2,6,1467.18
2024-05-01,7,3,6,1150.0
2024-05-01,1,4,6,5449.97
2024-05-01,2,5,6,10294.38
2024-05-01,6,7,6,7012.79
2024-05-01,5,17,6,5848.53
2024-05-01,7,9,6,10500.0
2024-05-01,7,10,6,6020.0
2024-05-01,7,15,6,2280.0
2024-05-01,7,16,6,1250.0
2024-05-01,6,8,6,3850.0
2024-05-01,1,13,6,2724.98
2024-05-01,1,1,8,8778.0
2024-05-01,1,2,8,3160.08
2024-05-01,1,3,8,2300.0
2024-05-01,6,1,8,7106.0
2024-05-01,6,2,8,2558.16
2024-05-01,6,3,8,2300.0
2024-05-01,7,1,8,4075.5
2024-05-01,7,2,8,1467.18
2024-05-01,7,3,8,1150.0
2024-05-01,7,9,8,8500.0
2024-05-01,7,10,8,5740.0
2024-05-01,7,15,8,2160.0
2024-05-01,7,16,8,1200.0
2024-05-01,6,8,8,3700.0
2024-05-01,3,11,1,38608.0
2024-05-01,5,12,1,12000.0
2024-05-01,3,12,1,15000.0
2024-05-01,2,12,1,10000.0
2024-05-01,4,14,1,5000.0
2024-05-01,5,18,1,13000.0
2024-06-01,1,1,1,8778.0
2024-06-01,1,2,1,3160.08
2024-06-01,1,3,1,2300.0
2024-06-01,2,1,1,29260.0
2024-06-01,2,2,1,10533.6
2024-06-01,2,3,1,4600.0
2024-06-01,3,1,1,43890.0
2024-06-01,3,2,1,15800.4
2024-06-01,3,3,1,4600.0
2024-06-01,4,1,1,19437.0
2024-06-01,4,2,1,6997.32
2024-06-01,4,3,1,3450.0
2024-06-01,5,1,1,32604.0
2024-06-01,5,2,1,11737.44
2024-06-01,5,3,1,4600.0
2024-06-01,6,1,1,7106.0
2024-06-01,6,2,1,2558.16
2024-06-01,6,3,1,2300.0
2024-06-01,7,1,1,12226.5
2024-06-01,7,2,1,4401.54
2024-06-01,7,3,1,3450.0
2024-06-01,8,1,1,60087.5
2024-06-01,8,2,1,21631.5
2024-06-01,8,3,1,5750.0
2024-06-01,1,4,1,19606.86
2024-06-01,2,5,1,37035.19
2024-06-01,2,6,1,9803.43
2024-06-01,6,7,1,25151.42
2024-06-01,5,17,1,22617.05
2024-06-01,7,9,1,30000.0
2024-06-01,7,10,1,11900.0
2024-06-01,7,15,1,4800.0
2024-06-01,7,16,1,2300.0
2024-06-01,6,8,1,7000.0
2024-06-01,1,13,1,9803.43
2024-06-01,1,1,2,8778.0
2024-06-01,1,2,2,3160.08
2024-06-01,1,3,2,2300.0
2024-06-01,6,1,2,7106.0
2024-06-01,6,2,2,2558.16
2024-06-01,6,3,2,2300.0
2024-06-01,7,1,2,4075.5
2024-06-01,7,2,2,1467.18
2024-06-01,7,3,2,1150.0
2024-06-01,1,4,2,9028.56
2024-06-01,2,5,2,17053.96
2024-06-01,2,6,2,4514.28
2024-06-01,6,7,2,11581.72
2024-06-01,5,17,2,10414.7
2024-06-01,7,9,2,15000.0
2024-06-01,7,10,2,7700.0
2024-06-01,7,15,2,3000.0
2024-06-01,7,16,2,1550.0
2024-06-01,6,8,2,4750.0
2024-06-01,1,13,2,4514.28
2024-06-01,1,1,3,8778.0
2024-06-01,1,2,3,3160.08
2024-06-01,1,3,3,2300.0
2024-06-01,6,1,3,7106.0
2024-06-01,6,2,3,2558.16
2024-06-01,6,3,3,2300.0
2024-06-01,7,1,3,4075.5
2024-06-01,7,2,3,1467.18
2024-06-01,7,3,3,1150.0
2024-06-01,1,4,3,8314.45
2024-06-01,2,5,3,15705.07
2024-06-01,2,6,3,4157.23
2024-06-01,6,7,3,10665.66
2024-06-01,5,17,3,9590.95
2024-06-01,7,9,3,10000.0
2024-06-01,7,10,3,6580.0
2024-06-01,7,15,3,2520.0
2024-06-01,7,16,3,1350.0
2024-06-01,6,8,3,4150.0
2024-06-01,1,13,3,4157.23
2024-06-01,1,1,4,8778.0
2024-06-01,1,2,4,3160.08
2024-06-01,1,3,4,2300.0
2024-06-01,6,1,4,7106.0
2024-06-01,6,2,4,2558.16
2024-06-01,6,3,4,2300.0
2024-06-01,7,1,4,4075.5
2024-06-01,7,2,4,1467.18
2024-06-01,7,3,4,1150.0
2024-06-01,1,4,4,6396.33
2024-06-01,2,5,4,12081.96
2024-06-01,2,6,4,3198.17
2024-06-01,6,7,4,8205.13
2024-06-01,5,17,4,7378.34
2024-06-01,7,9,4,9500.0
2024-06-01,7,10,4,6300.0
2024-06-01,7,15,4,2400.0
2024-06-01,7,16,4,1300.0
2024-06-01,6,8,4,4000.0
2024-06-01,1,13,4,3198.17
2024-06-01,1,1,5,8778.0
2024-06-01,1,2,5,3160.08
2024-06-01,1,3,5,2300.0
2024-06-01,6,1,5,7106.0
2024-06-01,6,2,5,2558.16
2024-06-01,6,3,5,2300.0
2024-06-01,7,1,5,4075.5
2024-06-01,7,2,5,1467.18
2024-06-01,7,3,5,1150.0
2024-06-01,1,4,5,4822.46
2024-06-01,2,5,5,9109.08
2024-06-01,2,6,5,2411.23
2024-06-01,6,7,5,6186.18
2024-06-01,5,17,5,5562.84
2024-06-01,7,9,5,8500.0
2024-06-01,7,10,5,5740.0
2024-06-01,7,15,5,2160.0
2024-06-01,7,16,5,1200.0
2024-06-01,6,8,5,3700.0
2024-06-01,1,13,5,2411.23
2024-06-01,1,1,6,8778.0
2024-06-01,1,2,6,3160.08
2024-06-01,1,3,6,2300.0
2024-06-01,6,1,6,7106.0
2024-06-01,6,2,6,2558.16
2024-06-01,6,3,6,2300.0
2024-06-01,7,1,6,4075.5
2024-06-01,7,2,6,1467.18
2024-06-01,7,3,6,1150.0
2024-06-01,1,4,6,5209.93
2024-06-01,2,5,6,9840.99
2024-06-01,2,6,6,2604.97
2024-06-01,6,7,6,6683.23
2024-06-01,5,17,6,6009.8
2024-06-01,7,9,6,10500.0
2024-06-01,7,10,6,6020.0
2024-06-01,7,15,6,2280.0
2024-06-01,7,16,6,1250.0
2024-06-01,6,8,6,3850.0
2024-06-01,1,13,6,2604.97
2024-06-01,1,1,8,8778.0
2024-06-01,1,2,8,3160.08
2024-06-01,1,3,8,2300.0
2024-06-01,6,1,8,7106.0
2024-06-01,6,2,8,2558.16
2024-06-01,6,3,8,2300.0
2024-06-01,7,1,8,4075.5
2024-06-01,7,2,8,1467.18
2024-06-01,7,3,8,1150.0
2024-06-01,1,4,8,1584.39
2024-06-01,2,5,8,2992.74
2024-06-01,2,6,8,792.2
2024-06-01,6,7,8,2032.44
2024-06-01,5,17,8,1827.64
2024-06-01,7,9,8,8500.0
2024-06-01,7,10,8,5740.0
2024-06-01,7,15,8,2160.0
2024-06-01,7,16,8,1200.0
2024-06-01,6,8,8,3700.0
2024-06-01,1,13,8,792.2
2024-06-01,3,11,1,38760.0
2024-06-01,5,12,1,12000.0
2024-06-01,3,12,1,15000.0
2024-06-01,2,12,1,10000.0
2024-06-01,4,14,1,5000.0
2024-06-01,5,18,1,13000.0
2024-07-01,1,1,1,8778.0
2024-07-01,1,2,1,3160.08
2024-07-01,1,3,1,2300.0
2024-07-01,2,1,1,29260.0
2024-07-01,2,2,1,10533.6
2024-07-01,2,3,1,4600.0
2024-07-01,3,1,1,43890.0
2024-07-01,3,2,1,15800.4
2024-07-01,3,3,1,4600.0
2024-07-01,4,1,1,19437.0
2024-07-01,4,2,1,6997.32
2024-07-01,4,3,1,3450.0
2024-07-01,5,1,1,32604.0
2024-07-01,5,2,1,11737.44
2024-07-01,5,3,1,4600.0
2024-07-01,6,1,1,7106.0
2024-07-01,6,2,1,2558.16
2024-07-01,6,3,1,2300.0
2024-07-01,7,1,1,12226.5
2024-07-01,7,2,1,4401.54
2024-07-01,7,3,1,3450.0
2024-07-01,8,1,1,60087.5
2024-07-01,8,2,1,21631.5
2024-07-01,8,3,1,5750.0
2024-07-01,1,4,1,21835.98
2024-07-01,2,5,1,41245.74
2024-07-01,6,7,1,27559.86
2024-07-01,5,17,1,23605.2
2024-07-01,7,9,1,30000.0
2024-07-01,7,10,1,11900.0
2024-07-01,7,15,1,4800.0
2024-07-01,7,16,1,2300.0
2024-07-01,6,8,1,7000.0
2024-07-01,1,13,1,10917.99
2024-07-01,1,1,2,8778.0
2024-07-01,1,2,2,3160.08
2024-07-01,1,3,2,2300.0
2024-07-01,6,1,2,7106.0
2024-07-01,6,2,2,2558.16
2024-07-01,6,3,2,2300.0
2024-07-01,7,1,2,4075.5
2024-07-01,7,2,2,1467.18
2024-07-01,7,3,2,1150.0
2024-07-01,1,4,2,10055.03
2024-07-01,2,5,2,18992.83
2024-07-01,6,7,2,12690.76
2024-07-01,5,17,2,10869.72
2024-07-01,7,9,2,15000.0
2024-07-01,7,10,2,7700.0
2024-07-01,7,15,2,3000.0
2024-07-01,7,16,2,1550.0
2024-07-01,6,8,2,4750.0
2024-07-01,1,13,2,5027.51
2024-07-01,1,1,3,8778.0
2024-07-01,1,2,3,3160.08
2024-07-01,1,3,3,2300.0
2024-07-01,6,1,3,7106.0
2024-07-01,6,2,3,2558.16
2024-07-01,6,3,3,2300.0
2024-07-01,7,1,3,4075.5
2024-07-01,7,2,3,1467.18
2024-07-01,7,3,3,1150.0
2024-07-01,1,4,3,9259.73
2024-07-01,2,5,3,17490.59
2024-07-01,6,7,3,11686.98
2024-07-01,5,17,3,10009.98
2024-07-01,7,9,3,10000.0
2024-07-01,7,10,3,6580.0
2024-07-01,7,15,3,2520.0
2024-07-01,7,16,3,1350.0
2024-07-01,6,8,3,4150.0
2024-07-01,1,13,3,4629.86
2024-07-01,1,1,4,8778.0
2024-07-01,1,2,4,3160.08
2024-07-01,1,3,4,2300.0
2024-07-01,6,1,4,7106.0
2024-07-01,6,2,4,2558.16
2024-07-01,6,3,4,2300.0
2024-07-01,7,1,4,4075.5
2024-07-01,7,2,4,1467.18
2024-07-01,7,3,4,1150.0
2024-07-01,1,4,4,7123.53
2024-07-01,2,5,4,13455.56
2024-07-01,6,7,4,8990.83
2024-07-01,5,17,4,7700.7
2024-07-01,7,9,4,9500.0
2024-07-01,7,10,4,6300.0
2024-07-01,7,15,4,2400.0
2024-07-01,7,16,4,1300.0
2024-07-01,6,8,4,4000.0
2024-07-01,1,13,4,3561.77
2024-07-01,1,1,5,8778.0
2024-07-01,1,2,5,3160.08
2024-07-01,1,3,5,2300.0
2024-07-01,6,1,5,7106.0
2024-07-01,6,2,5,2558.16
2024-07-01,6,3,5,2300.0
2024-07-01,7,1,5,4075.5
2024-07-01,7,2,5,1467.18
2024-07-01,7,3,5,1150.0
2024-07-01,1,4,5,5370.72
2024-07-01,2,5,5,10144.7
2024-07-01,6,7,5,6778.56
2024-07-01,5,17,5,5805.88
2024-07-01,7,9,5,8500.0
2024-07-01,7,10,5,5740.0
2024-07-01,7,15,5,2160.0
2024-07-01,7,16,5,1200.0
2024-07-01,6,8,5,3700.0
2024-07-01,1,13,5,2685.36
2024-07-01,1,1,6,8778.0
2024-07-01,1,2,6,3160.08
2024-07-01,1,3,6,2300.0
2024-07-01,6,1,6,7106.0
2024-07-01,6,2,6,2558.16
2024-07-01,6,3,6,2300.0
2024-07-01,7,1,6,4075.5
2024-07-01,7,2,6,1467.18
2024-07-01,7,3,6,1150.0
2024-07-01,1,4,6,5802.25
2024-07-01,2,5,6,10959.81
2024-07-01,6,7,6,7323.2
2024-07-01,5,17,6,6272.37
2024-07-01,7,9,6,10500.0
2024-07-01,7,10,6,6020.0
2024-07-01,7,15,6,2280.0
2024-07-01,7,16,6,1250.0
2024-07-01,6,8,6,3850.0
2024-07-01,1,13,6,2901.13
2024-07-01,1,1,8,8778.0
2024-07-01,1,2,8,3160.08
2024-07-01,1,3,8,2300.0
2024-07-01,6,1,8,7106.0
2024-07-01,6,2,8,2558.16
2024-07-01,6,3,8,2300.0
2024-07-01,7,1,8,4075.5
2024-07-01,7,2,8,1467.18
2024-07-01,7,3,8,1150.0
2024-07-01,1,4,8,2205.53
2024-07-01,2,5,8,4165.99
2024-07-01,6,7,8,2783.66
2024-07-01,5,17,8,2384.22
2024-07-01,7,9,8,8500.0
2024-07-01,7,10,8,5740.0
2024-07-01,7,15,8,2160.0
2024-07-01,7,16,8,1200.0
2024-07-01,6,8,8,3700.0
2024-07-01,1,13,8,1102.76
2024-07-01,3,11,1,38912.0
2024-07-01,5,12,1,12000.0
2024-07-01,3,12,1,15000.0
2024-07-01,2,12,1,10000.0
2024-07-01,4,14,1,5000.0
2024-07-01,5,18,1,13000.0
2024-08-01,1,1,1,13167.0
2024-08-01,1,2,1,4740.12
2024-08-01,1,3,1,3450.0
2024-08-01,2,1,1,29260.0
2024-08-01,2,2,1,10533.6
2024-08-01,2,3,1,4600.0
2024-08-01,3,1,1,43890.0
2024-08-01,3,2,1,15800.4
2024-08-01,3,3,1,4600.0
2024-08-01,4,1,1,19437.0
2024-08-01,4,2,1,6997.32
2024-08-01,4,3,1,3450.0
2024-08-01,5,1,1,32604.0
2024-08-01,5,2,1,11737.44
2024-08-01,5,3,1,4600.0
2024-08-01,6,1,1,7106.0
2024-08-01,6,2,1,2558.16
2024-08-01,6,3,1,2300.0
2024-08-01,7,1,1,12226.5
2024-08-01,7,2,1,4401.54
2024-08-01,7,3,1,3450.0
2024-08-01,8,1,1,60087.5
2024-08-01,8,2,1,21631.5
2024-08-01,8,3,1,5750.0
2024-08-01,1,4,1,22551.43
2024-08-01,2,5,1,42597.15
2024-08-01,6,7,1,30845.76
2024-08-01,5,17,1,27260.27
2024-08-01,7,9,1,30000.0
2024-08-01,7,10,1,11900.0
2024-08-01,7,15,1,4800.0
2024-08-01,7,16,1,2300.0
2024-08-01,6,8,1,7000.0
2024-08-01,1,13,1,11275.72
2024-08-01,1,1,2,8778.0
2024-08-01,1,2,2,3160.08
2024-08-01,1,3,2,2300.0
2024-08-01,6,1,2,7106.0
2024-08-01,6,2,2,2558.16
2024-08-01,6,3,2,2300.0
2024-08-01,7,1,2,4075.5
2024-08-01,7,2,2,1467.18
2024-08-01,7,3,2,1150.0
2024-08-01,1,4,2,10384.48
2024-08-01,2,5,2,19615.13
2024-08-01,6,7,2,14203.85
2024-08-01,5,17,2,12552.8
2024-08-01,7,9,2,15000.0
2024-08-01,7,10,2,7700.0
2024-08-01,7,15,2,3000.0
2024-08-01,7,16,2,1550.0
2024-08-01,6,8,2,4750.0
2024-08-01,1,13,2,5192.24
2024-08-01,1,1,3,8778.0
2024-08-01,1,2,3,3160.08
2024-08-01,1,3,3,2300.0
2024-08-01,6,1,3,7106.0
2024-08-01,6,2,3,2558.16
2024-08-01,6,3,3,2300.0
2024-08-01,7,1,3,4075.5
2024-08-01,7,2,3,1467.18
2024-08-01,7,3,3,1150.0
2024-08-01,1,4,3,9563.12
2024-08-01,2,5,3,18063.67
2024-08-01,6,7,3,13080.4
2024-08-01,5,17,3,11559.94
2024-08-01,7,9,3,10000.0
2024-08-01,7,10,3,6580.0
2024-08-01,7,15,3,2520.0
2024-08-01,7,16,3,1350.0
2024-08-01,6,8,3,4150.0
2024-08-01,1,13,3,4781.56
2024-08-01,1,1,4,8778.0
2024-08-01,1,2,4,3160.08
2024-08-01,1,3,4,2300.0
2024-08-01,6,1,4,7106.0
2024-08-01,6,2,4,2558.16
2024-08-01,6,3,4,2300.0
2024-08-01,7,1,4,4075.5
2024-08-01,7,2,4,1467.18
2024-08-01,7,3,4,1150.0
2024-08-01,1,4,4,7356.93
2024-08-01,2,5,4,13896.43
2024-08-01,6,7,4,10062.79
2024-08-01,5,17,4,8893.09
2024-08-01,7,9,4,9500.0
2024-08-01,7,10,4,6300.0
2024-08-01,7,15,4,2400.0
2024-08-01,7,16,4,1300.0
2024-08-01,6,8,4,4000.0
2024-08-01,1,13,4,3678.47
2024-08-01,1,1,5,8778.0
2024-08-01,1,2,5,3160.08
2024-08-01,1,3,5,2300.0
2024-08-01,6,1,5,7106.0
2024-08-01,6,2,5,2558.16
2024-08-01,6,3,5,2300.0
2024-08-01,7,1,5,4075.5
2024-08-01,7,2,5,1467.18
2024-08-01,7,3,5,1150.0
2024-08-01,1,4,5,5546.7
2024-08-01,2,5,5,10477.09
2024-08-01,6,7,5,7586.75
2024-08-01,5,17,5,6704.87
2024-08-01,7,9,5,8500.0
2024-08-01,7,10,5,5740.0
2024-08-01,7,15,5,2160.0
2024-08-01,7,16,5,1200.0
2024-08-01,6,8,5,3700.0
2024-08-01,1,13,5,2773.35
2024-08-01,1,1,6,8778.0
2024-08-01,1,2,6,3160.08
2024-08-01,1,3,6,2300.0
2024-08-01,6,1,6,7106.0
2024-08-01,6,2,6,2558.16
2024-08-01,6,3,6,2300.0
2024-08-01,7,1,6,4075.5
2024-08-01,7,2,6,1467.18
2024-08-01,7,3,6,1150.0
2024-08-01,1,4,6,5992.36
2024-08-01,2,5,6,11318.91
2024-08-01,6,7,6,8196.33
2024-08-01,5,17,6,7243.6
2024-08-01,7,9,6,10500.0
2024-08-01,7,10,6,6020.0
2024-08-01,7,15,6,2280.0
2024-08-01,7,16,6,1250.0
2024-08-01,6,8,6,3850.0
2024-08-01,1,13,6,2996.18
2024-08-01,1,1,8,8778.0
2024-08-01,1,2,8,3160.08
2024-08-01,1,3,8,2300.0
2024-08-01,6,1,8,7106.0
2024-08-01,6,2,8,2558.16
2024-08-01,6,3,8,2300.0
2024-08-01,7,1,8,4075.5
2024-08-01,7,2,8,1467.18
2024-08-01,7,3,8,1150.0
2024-08-01,1,4,8,2667.41
2024-08-01,2,5,8,5038.44
2024-08-01,6,7,8,3648.48
2024-08-01,5,17,8,3224.38
2024-08-01,7,9,8,8500.0
2024-08-01,7,10,8,5740.0
2024-08-01,7,15,8,2160.0
2024-08-01,7,16,8,1200.0
2024-08-01,6,8,8,3700.0
2024-08-01,1,13,8,1333.71
2024-08-01,3,11,1,39064.0
2024-08-01,5,12,1,12000.0
2024-08-01,3,12,1,15000.0
2024-08-01,2,12,1,10000.0
2024-08-01,4,14,1,20000.0
2024-08-01,5,18,1,13000.0
2024-09-01,1,1,1,8778.0
2024-09-01,1,2,1,3160.08
2024-09-01,1,3,1,2300.0
2024-09-01,2,1,1,29260.0
2024-09-01,2,2,1,10533.6
2024-09-01,2,3,1,4600.0
2024-09-01,3,1,1,43890.0
2024-09-01,3,2,1,15800.4
2024-09-01,3,3,1,4600.0
2024-09-01,4,1,1,19437.0
2024-09-01,4,2,1,6997.32
2024-09-01,4,3,1,3450.0
2024-09-01,5,1,1,32604.0
2024-09-01,5,2,1,11737.44
2024-09-01,5,3,1,4600.0
2024-09-01,6,1,1,7106.0
2024-09-01,6,2,1,2558.16
2024-09-01,6,3,1,2300.0
2024-09-01,7,1,1,12226.5
2024-09-01,7,2,1,4401.54
2024-09-01,7,3,1,3450.0
2024-09-01,8,1,1,60087.5
2024-09-01,8,2,1,21631.5
2024-09-01,8,3,1,5750.0
2024-09-01,1,4,1,21471.67
2024-09-01,2,5,1,40557.61
2024-09-01,2,6,1,10735.84
2024-09-01,6,7,1,27342.89
2024-09-01,5,17,1,27001.03
2024-09-01,7,9,1,30000.0
2024-09-01,7,10,1,11900.0
2024-09-01,7,15,1,4800.0
2024-09-01,7,16,1,2300.0
2024-09-01,6,8,1,7000.0
2024-09-01,1,13,1,10735.84
2024-09-01,1,1,2,8778.0
2024-09-01,1,2,2,3160.08
2024-09-01,1,3,2,2300.0
2024-09-01,6,1,2,7106.0
2024-09-01,6,2,2,2558.16
2024-09-01,6,3,2,2300.0
2024-09-01,7,1,2,4075.5
2024-09-01,7,2,2,1467.18
2024-09-01,7,3,2,1150.0
2024-09-01,1,4,2,9887.27
2024-09-01,2,5,2,18675.96
2024-09-01,2,6,2,4943.64
2024-09-01,6,7,2,12590.85
2024-09-01,5,17,2,12433.43
2024-09-01,7,9,2,15000.0
2024-09-01,7,10,2,7700.0
2024-09-01,7,15,2,3000.0
2024-09-01,7,16,2,1550.0
2024-09-01,6,8,2,4750.0
2024-09-01,1,13,2,4943.64
2024-09-01,1,1,3,8778.0
2024-09-01,1,2,3,3160.08
2024-09-01,1,3,3,2300.0
2024-09-01,6,1,3,7106.0
2024-09-01,6,2,3,2558.16
2024-09-01,6,3,3,2300.0
2024-09-01,7,1,3,4075.5
2024-09-01,7,2,3,1467.18
2024-09-01,7,3,3,1150.0
2024-09-01,1,4,3,9105.24
2024-09-01,2,5,3,17198.79
2024-09-01,2,6,3,4552.62
2024-09-01,6,7,3,11594.98
2024-09-01,5,17,3,11450.01
2024-09-01,7,9,3,10000.0
2024-09-01,7,10,3,6580.0
2024-09-01,7,15,3,2520.0
2024-09-01,7,16,3,1350.0
2024-09-01,6,8,3,4150.0
2024-09-01,1,13,3,4552.62
2024-09-01,1,1,4,8778.0
2024-09-01,1,2,4,3160.08
2024-09-01,1,3,4,2300.0
2024-09-01,6,1,4,7106.0
2024-09-01,6,2,4,2558.16
2024-09-01,6,3,4,2300.0
2024-09-01,7,1,4,4075.5
2024-09-01,7,2,4,1467.18
2024-09-01,7,3,4,1150.0
2024-09-01,1,4,4,7004.69
2024-09-01,2,5,4,13231.07
2024-09-01,2,6,4,3502.34
2024-09-01,6,7,4,8920.05
2024-09-01,5,17,4,8808.52
2024-09-01,7,9,4,9500.0
2024-09-01,7,10,4,6300.0
2024-09-01,7,15,4,2400.0
2024-09-01,7,16,4,1300.0
2024-09-01,6,8,4,4000.0
2024-09-01,1,13,4,3502.34
2024-09-01,1,1,5,8778.0
2024-09-01,1,2,5,3160.08
2024-09-01,1,3,5,2300.0
2024-09-01,6,1,5,7106.0
2024-09-01,6,2,5,2558.16
2024-09-01,6,3,5,2300.0
2024-09-01,7,1,5,4075.5
2024-09-01,7,2,5,1467.18
2024-09-01,7,3,5,1150.0
2024-09-01,1,4,5,5281.12
2024-09-01,2,5,5,9975.45
2024-09-01,2,6,5,2640.56
2024-09-01,6,7,5,6725.19
2024-09-01,5,17,5,6641.11
2024-09-01,7,9,5,8500.0
2024-09-01,7,10,5,5740.0
2024-09-01,7,15,5,2160.0
2024-09-01,7,16,5,1200.0
2024-09-01,6,8,5,3700.0
2024-09-01,1,13,5,2640.56
2024-09-01,1,1,6,8778.0
2024-09-01,1,2,6,3160.08
2024-09-01,1,3,6,2300.0
2024-09-01,6,1,6,7106.0
2024-09-01,6,2,6,2558.16
2024-09-01,6,3,6,2300.0
2024-09-01,7,1,6,4075.5
2024-09-01,7,2,6,1467.18
2024-09-01,7,3,6,1150.0
2024-09-01,1,4,6,5705.45
2024-09-01,2,5,6,10776.96
2024-09-01,2,6,6,2852.73
2024-09-01,6,7,6,7265.55
2024-09-01,5,17,6,7174.71
2024-09-01,7,9,6,10500.0
2024-09-01,7,10,6,6020.0
2024-09-01,7,15,6,2280.0
2024-09-01,7,16,6,1250.0
2024-09-01,6,8,6,3850.0
2024-09-01,1,13,6,2852.73
2024-09-01,1,1,8,8778.0
2024-09-01,1,2,8,3160.08
2024-09-01,1,3,8,2300.0
2024-09-01,6,1,8,7106.0
2024-09-01,6,2,8,2558.16
2024-09-01,6,3,8,2300.0
2024-09-01,7,1,8,4075.5
2024-09-01,7,2,8,1467.18
2024-09-01,7,3,8,1150.0
2024-09-01,1,4,8,2910.66
2024-09-01,2,5,8,5497.92
2024-09-01,2,6,8,1455.33
2024-09-01,6,7,8,3706.56
2024-09-01,5,17,8,3660.21
2024-09-01,7,9,8,8500.0
2024-09-01,7,10,8,5740.0
2024-09-01,7,15,8,2160.0
2024-09-01,7,16,8,1200.0
2024-09-01,6,8,8,3700.0
2024-09-01,1,13,8,1455.33
2024-09-01,3,11,1,39216.0
2024-09-01,5,12,1,12000.0
2024-09-01,3,12,1,15000.0
2024-09-01,2,12,1,10000.0
2024-09-01,4,14,1,5000.0
2024-09-01,5,18,1,13000.0
2024-10-01,1,1,1,13167.0
2024-10-01,1,2,1,4740.12
2024-10-01,1,3,1,3450.0
2024-10-01,2,1,1,29260.0
2024-10-01,2,2,1,10533.6
2024-10-01,2,3,1,4600.0
2024-10-01,3,1,1,43890.0
2024-10-01,3,2,1,15800.4
2024-10-01,3,3,1,4600.0
2024-10-01,4,1,1,19437.0
2024-10-01,4,2,1,6997.32
2024-10-01,4,3,1,3450.0
2024-10-01,5,1,1,32604.0
2024-10-01,5,2,1,11737.44
2024-10-01,5,3,1,4600.0
2024-10-01,6,1,1,7106.0
2024-10-01,6,2,1,2558.16
2024-10-01,6,3,1,2300.0
2024-10-01,7,1,1,12226.5
2024-10-01,7,2,1,4401.54
2024-10-01,7,3,1,3450.0
2024-10-01,8,1,1,60087.5
2024-10-01,8,2,1,21631.5
2024-10-01,8,3,1,5750.0
2024-10-01,1,4,1,24505.59
2024-10-01,2,5,1,57860.42
2024-10-01,6,7,1,31821.18
2024-10-01,5,17,1,27015.86
2024-10-01,7,9,1,30000.0
2024-10-01,7,10,1,11900.0
2024-10-01,7,15,1,4800.0
2024-10-01,7,16,1,2300.0
2024-10-01,6,8,1,7000.0
2024-10-01,1,13,1,12252.79
2024-10-01,1,1,2,8778.0
2024-10-01,1,2,2,3160.08
2024-10-01,1,3,2,2300.0
2024-10-01,6,1,2,7106.0
2024-10-01,6,2,2,2558.16
2024-10-01,6,3,2,2300.0
2024-10-01,7,1,2,4075.5
2024-10-01,7,2,2,1467.18
2024-10-01,7,3,2,1150.0
2024-10-01,1,4,2,11284.33
2024-10-01,2,5,2,26643.55
2024-10-01,6,7,2,14653.01
2024-10-01,5,17,2,12440.26
2024-10-01,7,9,2,15000.0
2024-10-01,7,10,2,7700.0
2024-10-01,7,15,2,3000.0
2024-10-01,7,16,2,1550.0
2024-10-01,6,8,2,4750.0
2024-10-01,1,13,2,5642.16
2024-10-01,1,1,3,8778.0
2024-10-01,1,2,3,3160.08
2024-10-01,1,3,3,2300.0
2024-10-01,6,1,3,7106.0
2024-10-01,6,2,3,2558.16
2024-10-01,6,3,3,2300.0
2024-10-01,7,1,3,4075.5
2024-10-01,7,2,3,1467.18
2024-10-01,7,3,3,1150.0
2024-10-01,1,4,3,10391.79
2024-10-01,2,5,3,24536.18
2024-10-01,6,7,3,13494.03
2024-10-01,5,17,3,11456.3
2024-10-01,7,9,3,10000.0
2024-10-01,7,10,3,6580.0
2024-10-01,7,15,3,2520.0
2024-10-01,7,16,3,1350.0
2024-10-01,6,8,3,4150.0
2024-10-01,1,13,3,5195.9
2024-10-01,1,1,4,8778.0
2024-10-01,1,2,4,3160.08
2024-10-01,1,3,4,2300.0
2024-10-01,6,1,4,7106.0
2024-10-01,6,2,4,2558.16
2024-10-01,6,3,4,2300.0
2024-10-01,7,1,4,4075.5
2024-10-01,7,2,4,1467.18
2024-10-01,7,3,4,1150.0
2024-10-01,1,4,4,7994.44
2024-10-01,2,5,4,18875.75
2024-10-01,6,7,4,10380.99
2024-10-01,5,17,4,8813.36
2024-10-01,7,9,4,9500.0
2024-10-01,7,10,4,6300.0
2024-10-01,7,15,4,2400.0
2024-10-01,7,16,4,1300.0
2024-10-01,6,8,4,4000.0
2024-10-01,1,13,4,3997.22
2024-10-01,1,1,5,8778.0
2024-10-01,1,2,5,3160.08
2024-10-01,1,3,5,2300.0
2024-10-01,6,1,5,7106.0
2024-10-01,6,2,5,2558.16
2024-10-01,6,3,5,2300.0
2024-10-01,7,1,5,4075.5
2024-10-01,7,2,5,1467.18
2024-10-01,7,3,5,1150.0
2024-10-01,1,4,5,6027.33
2024-10-01,2,5,5,14231.21
2024-10-01,6,7,5,7826.66
2024-10-01,5,17,5,6644.75
2024-10-01,7,9,5,8500.0
2024-10-01,7,10,5,5740.0
2024-10-01,7,15,5,2160.0
2024-10-01,7,16,5,1200.0
2024-10-01,6,8,5,3700.0
2024-10-01,1,13,5,3013.67
2024-10-01,1,1,6,8778.0
2024-10-01,1,2,6,3160.08
2024-10-01,1,3,6,2300.0
2024-10-01,6,1,6,7106.0
2024-10-01,6,2,6,2558.16
2024-10-01,6,3,6,2300.0
2024-10-01,7,1,6,4075.5
2024-10-01,7,2,6,1467.18
2024-10-01,7,3,6,1150.0
2024-10-01,1,4,6,6511.62
2024-10-01,2,5,6,15374.66
2024-10-01,6,7,6,8455.52
2024-10-01,5,17,6,7178.65
2024-10-01,7,9,6,10500.0
2024-10-01,7,10,6,6020.0
2024-10-01,7,15,6,2280.0
2024-10-01,7,16,6,1250.0
2024-10-01,6,8,6,3850.0
2024-10-01,1,13,6,3255.81
2024-10-01,1,1,8,8778.0
2024-10-01,1,2,8,3160.08
2024-10-01,1,3,8,2300.0
2024-10-01,6,1,8,7106.0
2024-10-01,6,2,8,2558.16
2024-10-01,6,3,8,2300.0
2024-10-01,7,1,8,4075.5
2024-10-01,7,2,8,1467.18
2024-10-01,7,3,8,1150.0
2024-10-01,1,4,8,3745.32
2024-10-01,2,5,8,8843.12
2024-10-01,6,7,8,4863.4
2024-10-01,5,17,8,4128.98
2024-10-01,7,9,8,8500.0
2024-10-01,7,10,8,5740.0
2024-10-01,7,15,8,2160.0
2024-10-01,7,16,8,1200.0
2024-10-01,6,8,8,3700.0
2024-10-01,1,13,8,1872.66
2024-10-01,3,11,1,39368.0
2024-10-01,5,12,1,12000.0
2024-10-01,3,12,1,15000.0
2024-10-01,2,12,1,10000.0
2024-10-01,4,14,1,5000.0
2024-10-01,5,18,1,13000.0
2024-11-01,1,1,1,13167.0
2024-11-01,1,2,1,4740.12
2024-11-01,1,3,1,3450.0
2024-11-01,2,1,1,29260.0
2024-11-01,2,2,1,10533.6
2024-11-01,2,3,1,4600.0
2024-11-01,3,1,1,43890.0
2024-11-01,3,2,1,15800.4
2024-11-01,3,3,1,4600.0
2024-11-01,4,1,1,19437.0
2024-11-01,4,2,1,6997.32
2024-11-01,4,3,1,3450.0
2024-11-01,5,1,1,32604.0
2024-11-01,5,2,1,11737.44
2024-11-01,5,3,1,4600.0
2024-11-01,6,1,1,7106.0
2024-11-01,6,2,1,2558.16
2024-11-01,6,3,1,2300.0
2024-11-01,7,1,1,12226.5
2024-11-01,7,2,1,4401.54
2024-11-01,7,3,1,3450.0
2024-11-01,8,1,1,60087.5
2024-11-01,8,2,1,21631.5
2024-11-01,8,3,1,5750.0
2024-11-01,1,4,1,29357.56
2024-11-01,2,5,1,80407.09
2024-11-01,2,6,1,14678.78
2024-11-01,6,7,1,38485.71
2024-11-01,5,17,1,37225.82
2024-11-01,7,9,1,30000.0
2024-11-01,7,10,1,11900.0
2024-11-01,7,15,1,4800.0
2024-11-01,7,16,1,2300.0
2024-11-01,6,8,1,7000.0
2024-11-01,1,13,1,14678.78
2024-11-01,1,1,2,8778.0
2024-11-01,1,2,2,3160.08
2024-11-01,1,3,2,2300.0
2024-11-01,6,1,2,7106.0
2024-11-01,6,2,2,2558.16
2024-11-01,6,3,2,2300.0
2024-11-01,7,1,2,4075.5
2024-11-01,7,2,2,1467.18
2024-11-01,7,3,2,1150.0
2024-11-01,1,4,2,13518.56
2024-11-01,2,5,2,37025.84
2024-11-01,2,6,2,6759.28
2024-11-01,6,7,2,17721.89
2024-11-01,5,17,2,17141.74
2024-11-01,7,9,2,15000.0
2024-11-01,7,10,2,7700.0
2024-11-01,7,15,2,3000.0
2024-11-01,7,16,2,1550.0
2024-11-01,6,8,2,4750.0
2024-11-01,1,13,2,6759.28
2024-11-01,1,1,3,8778.0
2024-11-01,1,2,3,3160.08
2024-11-01,1,3,3,2300.0
2024-11-01,6,1,3,7106.0
2024-11-01,6,2,3,2558.16
2024-11-01,6,3,3,2300.0
2024-11-01,7,1,3,4075.5
2024-11-01,7,2,3,1467.18
2024-11-01,7,3,3,1150.0
2024-11-01,1,4,3,12449.31
2024-11-01,2,5,3,34097.28
2024-11-01,2,6,3,6224.66
2024-11-01,6,7,3,16320.18
2024-11-01,5,17,3,15785.91
2024-11-01,7,9,3,10000.0
2024-11-01,7,10,3,6580.0
2024-11-01,7,15,3,2520.0
2024-11-01,7,16,3,1350.0
2024-11-01,6,8,3,4150.0
2024-11-01,1,13,3,6224.66
2024-11-01,1,1,4,8778.0
2024-11-01,1,2,4,3160.08
2024-11-01,1,3,4,2300.0
2024-11-01,6,1,4,7106.0
2024-11-01,6,2,4,2558.16
2024-11-01,6,3,4,2300.0
2024-11-01,7,1,4,4075.5
2024-11-01,7,2,4,1467.18
2024-11-01,7,3,4,1150.0
2024-11-01,1,4,4,9577.29
2024-11-01,2,5,4,26231.13
2024-11-01,2,6,4,4788.64
2024-11-01,6,7,4,12555.16
2024-11-01,5,17,4,12144.15
2024-11-01,7,9,4,9500.0
2024-11-01,7,10,4,6300.0
2024-11-01,7,15,4,2400.0
2024-11-01,7,16,4,1300.0
2024-11-01,6,8,4,4000.0
2024-11-01,1,13,4,4788.64
2024-11-01,1,1,5,8778.0
2024-11-01,1,2,5,3160.08
2024-11-01,1,3,5,2300.0
2024-11-01,6,1,5,7106.0
2024-11-01,6,2,5,2558.16
2024-11-01,6,3,5,2300.0
2024-11-01,7,1,5,4075.5
2024-11-01,7,2,5,1467.18
2024-11-01,7,3,5,1150.0
2024-11-01,1,4,5,7220.71
2024-11-01,2,5,5,19776.73
2024-11-01,2,6,5,3610.36
2024-11-01,6,7,5,9465.85
2024-11-01,5,17,5,9155.97
2024-11-01,7,9,5,8500.0
2024-11-01,7,10,5,5740.0
2024-11-01,7,15,5,2160.0
2024-11-01,7,16,5,1200.0
2024-11-01,6,8,5,3700.0
2024-11-01,1,13,5,3610.36
2024-11-01,1,1,6,8778.0
2024-11-01,1,2,6,3160.08
2024-11-01,1,3,6,2300.0
2024-11-01,6,1,6,7106.0
2024-11-01,6,2,6,2558.16
2024-11-01,6,3,6,2300.0
2024-11-01,7,1,6,4075.5
2024-11-01,7,2,6,1467.18
2024-11-01,7,3,6,1150.0
2024-11-01,1,4,6,7800.89
2024-11-01,2,5,6,21365.76
2024-11-01,2,6,6,3900.44
2024-11-01,6,7,6,10226.42
2024-11-01,5,17,6,9891.64
2024-11-01,7,9,6,10500.0
2024-11-01,7,10,6,6020.0
2024-11-01,7,15,6,2280.0
2024-11-01,7,16,6,1250.0
2024-11-01,6,8,6,3850.0
2024-11-01,1,13,6,3900.44
2024-11-01,1,1,8,8778.0
2024-11-01,1,2,8,3160.08
2024-11-01,1,3,8,2300.0
2024-11-01,6,1,8,7106.0
2024-11-01,6,2,8,2558.16
2024-11-01,6,3,8,2300.0
2024-11-01,7,1,8,4075.5
2024-11-01,7,2,8,1467.18
2024-11-01,7,3,8,1150.0
2024-11-01,1,4,8,4994.08
2024-11-01,2,5,8,13678.24
2024-11-01,2,6,8,2497.04
2024-11-01,6,7,8,6546.9
2024-11-01,5,17,8,6332.57
2024-11-01,7,9,8,8500.0
2024-11-01,7,10,8,5740.0
2024-11-01,7,15,8,2160.0
2024-11-01,7,16,8,1200.0
2024-11-01,6,8,8,3700.0
2024-11-01,1,13,8,2497.04
2024-11-01,3,11,1,39520.0
2024-11-01,5,12,1,12000.0
2024-11-01,3,12,1,15000.0
2024-11-01,2,12,1,10000.0
2024-11-01,4,14,1,5000.0
2024-11-01,5,18,1,13000.0
2024-12-01,1,1,1,13167.0
2024-12-01,1,2,1,4740.12
2024-12-01,1,3,1,3450.0
2024-12-01,2,1,1,29260.0
2024-12-01,2,2,1,10533.6
2024-12-01,2,3,1,4600.0
2024-12-01,3,1,1,43890.0
2024-12-01,3,2,1,15800.4
2024-12-01,3,3,1,4600.0
2024-12-01,4,1,1,19437.0
2024-12-01,4,2,1,6997.32
2024-12-01,4,3,1,3450.0
2024-12-01,5,1,1,32604.0
2024-12-01,5,2,1,11737.44
2024-12-01,5,3,1,4600.0
2024-12-01,6,1,1,7106.0
2024-12-01,6,2,1,2558.16
2024-12-01,6,3,1,2300.0
2024-12-01,7,1,1,12226.5
2024-12-01,7,2,1,4401.54
2024-12-01,7,3,1,3450.0
2024-12-01,8,1,1,60087.5
2024-12-01,8,2,1,21631.5
2024-12-01,8,3,1,5750.0
2024-12-01,1,4,1,28804.79
2024-12-01,2,5,1,59849.96
2024-12-01,6,7,1,38044.36
2024-12-01,5,17,1,33907.48
2024-12-01,7,9,1,30000.0
2024-12-01,7,10,1,11900.0
2024-12-01,7,15,1,4800.0
2024-12-01,7,16,1,2300.0
2024-12-01,6,8,1,7000.0
2024-12-01,1,13,1,14402.4
2024-12-01,1,1,2,8778.0
2024-12-01,1,2,2,3160.08
2024-12-01,1,3,2,2300.0
2024-12-01,6,1,2,7106.0
2024-12-01,6,2,2,2558.16
2024-12-01,6,3,2,2300.0
2024-12-01,7,1,2,4075.5
2024-12-01,7,2,2,1467.18
2024-12-01,7,3,2,1150.0
2024-12-01,1,4,2,13264.03
2024-12-01,2,5,2,27559.7
2024-12-01,6,7,2,17518.66
2024-12-01,5,17,2,15613.71
2024-12-01,7,9,2,15000.0
2024-12-01,7,10,2,7700.0
2024-12-01,7,15,2,3000.0
2024-12-01,7,16,2,1550.0
2024-12-01,6,8,2,4750.0
2024-12-01,1,13,2,6632.01
2024-12-01,1,1,3,8778.0
2024-12-01,1,2,3,3160.08
2024-12-01,1,3,3,2300.0
2024-12-01,6,1,3,7106.0
2024-12-01,6,2,3,2558.16
2024-12-01,6,3,3,2300.0
2024-12-01,7,1,3,4075.5
2024-12-01,7,2,3,1467.18
2024-12-01,7,3,3,1150.0
2024-12-01,1,4,3,12214.91
2024-12-01,2,5,3,25379.86
2024-12-01,6,7,3,16133.02
2024-12-01,5,17,3,14378.74
2024-12-01,7,9,3,10000.0
2024-12-01,7,10,3,6580.0
2024-12-01,7,15,3,2520.0
2024-12-01,7,16,3,1350.0
2024-12-01,6,8,3,4150.0
2024-12-01,1,13,3,6107.45
2024-12-01,1,1,4,8778.0
2024-12-01,1,2,4,3160.08
2024-12-01,1,3,4,2300.0
2024-12-01,6,1,4,7106.0
2024-12-01,6,2,4,2558.16
2024-12-01,6,3,4,2300.0
2024-12-01,7,1,4,4075.5
2024-12-01,7,2,4,1467.18
2024-12-01,7,3,4,1150.0
2024-12-01,1,4,4,9396.96
2024-12-01,2,5,4,19524.8
2024-12-01,6,7,4,12411.18
2024-12-01,5,17,4,11061.61
2024-12-01,7,9,4,9500.0
2024-12-01,7,10,4,6300.0
2024-12-01,7,15,4,2400.0
2024-12-01,7,16,4,1300.0
2024-12-01,6,8,4,4000.0
2024-12-01,1,13,4,4698.48
2024-12-01,1,1,5,8778.0
2024-12-01,1,2,5,3160.08
2024-12-01,1,3,5,2300.0
2024-12-01,6,1,5,7106.0
2024-12-01,6,2,5,2558.16
2024-12-01,6,3,5,2300.0
2024-12-01,7,1,5,4075.5
2024-12-01,7,2,5,1467.18
2024-12-01,7,3,5,1150.0
2024-12-01,1,4,5,7084.76
2024-12-01,2,5,5,14720.55
2024-12-01,6,7,5,9357.3
2024-12-01,5,17,5,8339.8
2024-12-01,7,9,5,8500.0
2024-12-01,7,10,5,5740.0
2024-12-01,7,15,5,2160.0
2024-12-01,7,16,5,1200.0
2024-12-01,6,8,5,3700.0
2024-12-01,1,13,5,3542.38
2024-12-01,1,1,6,8778.0
2024-12-01,1,2,6,3160.08
2024-12-01,1,3,6,2300.0
2024-12-01,6,1,6,7106.0
2024-12-01,6,2,6,2558.16
2024-12-01,6,3,6,2300.0
2024-12-01,7,1,6,4075.5
2024-12-01,7,2,6,1467.18
2024-12-01,7,3,6,1150.0
2024-12-01,1,4,6,7654.01
2024-12-01,2,5,6,15903.33
2024-12-01,6,7,6,10109.14
2024-12-01,5,17,6,9009.89
2024-12-01,7,9,6,10500.0
2024-12-01,7,10,6,6020.0
2024-12-01,7,15,6,2280.0
2024-12-01,7,16,6,1250.0
2024-12-01,6,8,6,3850.0
2024-12-01,1,13,6,3827.0
2024-12-01,1,1,8,8778.0
2024-12-01,1,2,8,3160.08
2024-12-01,1,3,8,2300.0
2024-12-01,6,1,8,7106.0
2024-12-01,6,2,8,2558.16
2024-12-01,6,3,8,2300.0
2024-12-01,7,1,8,4075.5
2024-12-01,7,2,8,1467.18
2024-12-01,7,3,8,1150.0
2024-12-01,1,4,8,5397.71
2024-12-01,2,5,8,11215.25
2024-12-01,6,7,8,7129.11
2024-12-01,5,17,8,6353.9
2024-12-01,7,9,8,8500.0
2024-12-01,7,10,8,5740.0
2024-12-01,7,15,8,2160.0
2024-12-01,7,16,8,1200.0
2024-12-01,6,8,8,3700.0
2024-12-01,1,13,8,2698.86
2024-12-01,3,11,1,39672.0
2024-12-01,5,12,1,12000.0
2024-12-01,3,12,1,15000.0
2024-12-01,2,12,1,10000.0
2024-12-01,4,14,1,5000.0
2024-12-01,5,18,1,13000.0
2025-01-01,1,1,1,8778.0
2025-01-01,1,2,1,3160.08
2025-01-01,1,3,1,2369.0
2025-01-01,2,1,1,29260.0
2025-01-01,2,2,1,10533.6
2025-01-01,2,3,1,4738.0
2025-01-01,3,1,1,43890.0
2025-01-01,3,2,1,15800.4
2025-01-01,3,3,1,4738.0
2025-01-01,4,1,1,19437.0
2025-01-01,4,2,1,6997.32
2025-01-01,4,3,1,3553.5
2025-01-01,5,1,1,32604.0
2025-01-01,5,2,1,11737.44
2025-01-01,5,3,1,4738.0
2025-01-01,6,1,1,7106.0
2025-01-01,6,2,1,2558.16
2025-01-01,6,3,1,2369.0
2025-01-01,7,1,1,12226.5
2025-01-01,7,2,1,4401.54
2025-01-01,7,3,1,3553.5
2025-01-01,8,1,1,72105.0
2025-01-01,8,2,1,25957.8
2025-01-01,8,3,1,7107.0
2025-01-01,1,4,1,20298.95
2025-01-01,2,5,1,32591.1
2025-01-01,6,7,1,25696.47
2025-01-01,5,17,1,24719.82
2025-01-01,7,9,1,31260.0
2025-01-01,7,10,1,12495.0
2025-01-01,7,15,1,4800.0
2025-01-01,7,16,1,2300.0
2025-01-01,6,8,1,7000.0
2025-01-01,1,13,1,10149.48
2025-01-01,1,1,2,8778.0
2025-01-01,1,2,2,3160.08
2025-01-01,1,3,2,2369.0
2025-01-01,6,1,2,7106.0
2025-01-01,6,2,2,2558.16
2025-01-01,6,3,2,2369.0
2025-01-01,7,1,2,4075.5
2025-01-01,7,2,2,1467.18
2025-01-01,7,3,2,1184.5
2025-01-01,1,4,2,9347.26
2025-01-01,2,5,2,15007.54
2025-01-01,6,7,2,11832.7
2025-01-01,5,17,2,11382.98
2025-01-01,7,9,2,15630.0
2025-01-01,7,10,2,8085.0
2025-01-01,7,15,2,3000.0
2025-01-01,7,16,2,1550.0
2025-01-01,6,8,2,4750.0
2025-01-01,1,13,2,4673.63
2025-01-01,1,1,3,8778.0
2025-01-01,1,2,3,3160.08
2025-01-01,1,3,3,2369.0
2025-01-01,6,1,3,7106.0
2025-01-01,6,2,3,2558.16
2025-01-01,6,3,3,2369.0
2025-01-01,7,1,3,4075.5
2025-01-01,7,2,3,1467.18
2025-01-01,7,3,3,1184.5
2025-01-01,1,4,3,8607.94
2025-01-01,2,5,3,13820.52
2025-01-01,6,7,3,10896.8
2025-01-01,5,17,3,10482.64
2025-01-01,7,9,3,10420.0
2025-01-01,7,10,3,6909.0
2025-01-01,7,15,3,2520.0
2025-01-01,7,16,3,1350.0
2025-01-01,6,8,3,4150.0
2025-01-01,1,13,3,4303.97
2025-01-01,1,1,4,8778.0
2025-01-01,1,2,4,3160.08
2025-01-01,1,3,4,2369.0
2025-01-01,6,1,4,7106.0
2025-01-01,6,2,4,2558.16
2025-01-01,6,3,4,2369.0
2025-01-01,7,1,4,4075.5
2025-01-01,7,2,4,1467.18
2025-01-01,7,3,4,1184.5
2025-01-01,1,4,4,6622.11
2025-01-01,2,5,4,10632.16
2025-01-01,6,7,4,8382.94
2025-01-01,5,17,4,8064.33
2025-01-01,7,9,4,9899.0
2025-01-01,7,10,4,6615.0
2025-01-01,7,15,4,2400.0
2025-01-01,7,16,4,1300.0
2025-01-01,6,8,4,4000.0
2025-01-01,1,13,4,3311.05
2025-01-01,1,1,5,8778.0
2025-01-01,1,2,5,3160.08
2025-01-01,1,3,5,2369.0
2025-01-01,6,1,5,7106.0
2025-01-01,6,2,5,2558.16
2025-01-01,6,3,5,2369.0
2025-01-01,7,1,5,4075.5
2025-01-01,7,2,5,1467.18
2025-01-01,7,3,5,1184.5
2025-01-01,1,4,5,4992.68
2025-01-01,2,5,5,8016.03
2025-01-01,6,7,5,6320.24
2025-01-01,5,17,5,6080.03
2025-01-01,7,9,5,8857.0
2025-01-01,7,10,5,6027.0
2025-01-01,7,15,5,2160.0
2025-01-01,7,16,5,1200.0
2025-01-01,6,8,5,3700.0
2025-01-01,1,13,5,2496.34
2025-01-01,1,1,6,8778.0
2025-01-01,1,2,6,3160.08
2025-01-01,1,3,6,2369.0
2025-01-01,6,1,6,7106.0
2025-01-01,6,2,6,2558.16
2025-01-01,6,3,6,2369.0
2025-01-01,7,1,6,4075.5
2025-01-01,7,2,6,1467.18
2025-01-01,7,3,6,1184.5
2025-01-01,1,4,6,5393.84
2025-01-01,2,5,6,8660.1
2025-01-01,6,7,6,6828.06
2025-01-01,5,17,6,6568.55
2025-01-01,7,9,6,10941.0
2025-01-01,7,10,6,6321.0
2025-01-01,7,15,6,2280.0
2025-01-01,7,16,6,1250.0
2025-01-01,6,8,6,3850.0
2025-01-01,1,13,6,2696.92
2025-01-01,1,1,7,8778.0
2025-01-01,1,2,7,3160.08
2025-01-01,1,3,7,2369.0
2025-01-01,6,1,7,7106.0
2025-01-01,6,2,7,2558.16
2025-01-01,6,3,7,2369.0
2025-01-01,7,1,7,4075.5
2025-01-01,7,2,7,1467.18
2025-01-01,7,3,7,1184.5
2025-01-01,7,9,7,8857.0
2025-01-01,7,10,7,6321.0
2025-01-01,7,15,7,2280.0
2025-01-01,7,16,7,1250.0
2025-01-01,6,8,7,3850.0
2025-01-01,1,1,8,8778.0
2025-01-01,1,2,8,3160.08
2025-01-01,1,3,8,2369.0
2025-01-01,6,1,8,7106.0
2025-01-01,6,2,8,2558.16
2025-01-01,6,3,8,2369.0
2025-01-01,7,1,8,4075.5
2025-01-01,7,2,8,1467.18
2025-01-01,7,3,8,1184.5
2025-01-01,1,4,8,4154.51
2025-01-01,2,5,8,6670.3
2025-01-01,6,7,8,5259.2
2025-01-01,5,17,8,5059.32
2025-01-01,7,9,8,8857.0
2025-01-01,7,10,8,6027.0
2025-01-01,7,15,8,2160.0
2025-01-01,7,16,8,1200.0
2025-01-01,6,8,8,3700.0
2025-01-01,1,13,8,2077.26
2025-01-01,3,11,1,39824.0
2025-01-01,5,12,1,12000.0
2025-01-01,3,12,1,15000.0
2025-01-01,2,12,1,10000.0
2025-01-01,4,14,1,5000.0
2025-01-01,5,18,1,13000.0
2025-02-01,1,1,1,8778.0
2025-02-01,1,2,1,3160.08
2025-02-01,1,3,1,2369.0
2025-02-01,2,1,1,29260.0
2025-02-01,2,2,1,10533.6
2025-02-01,2,3,1,4738.0
2025-02-01,3,1,1,43890.0
2025-02-01,3,2,1,15800.4
2025-02-01,3,3,1,4738.0
2025-02-01,4,1,1,19437.0
2025-02-01,4,2,1,6997.32
2025-02-01,4,3,1,3553.5
2025-02-01,5,1,1,32604.0
2025-02-01,5,2,1,11737.44
2025-02-01,5,3,1,4738.0
2025-02-01,6,1,1,7106.0
2025-02-01,6,2,1,2558.16
2025-02-01,6,3,1,2369.0
2025-02-01,7,1,1,12226.5
2025-02-01,7,2,1,4401.54
2025-02-01,7,3,1,3553.5
2025-02-01,8,1,1,72105.0
2025-02-01,8,2,1,25957.8
2025-02-01,8,3,1,7107.0
2025-02-01,1,4,1,17885.99
2025-02-01,2,5,1,33784.64
2025-02-01,6,7,1,23222.88
2025-02-01,5,17,1,24037.93
2025-02-01,7,9,1,31260.0
2025-02-01,7,10,1,12495.0
2025-02-01,7,15,1,4800.0
2025-02-01,7,16,1,2300.0
2025-02-01,6,8,1,7000.0
2025-02-01,1,13,1,8942.99
2025-02-01,1,1,2,8778.0
2025-02-01,1,2,2,3160.08
2025-02-01,1,3,2,2369.0
2025-02-01,6,1,2,7106.0
2025-02-01,6,2,2,2558.16
2025-02-01,6,3,2,2369.0
2025-02-01,7,1,2,4075.5
2025-02-01,7,2,2,1467.18
2025-02-01,7,3,2,1184.5
2025-02-01,1,4,2,8236.13
2025-02-01,2,5,2,15557.14
2025-02-01,6,7,2,10693.67
2025-02-01,5,17,2,11068.98
2025-02-01,7,9,2,15630.0
2025-02-01,7,10,2,8085.0
2025-02-01,7,15,2,3000.0
2025-02-01,7,16,2,1550.0
2025-02-01,6,8,2,4750.0
2025-02-01,1,13,2,4118.07
2025-02-01,1,1,3,8778.0
2025-02-01,1,2,3,3160.08
2025-02-01,1,3,3,2369.0
2025-02-01,6,1,3,7106.0
2025-02-01,6,2,3,2558.16
2025-02-01,6,3,3,2369.0
2025-02-01,7,1,3,4075.5
2025-02-01,7,2,3,1467.18
2025-02-01,7,3,3,1184.5
2025-02-01,1,4,3,7584.7
2025-02-01,2,5,3,14326.65
2025-02-01,6,7,3,9847.85
2025-02-01,5,17,3,10193.48
2025-02-01,7,9,3,10420.0
2025-02-01,7,10,3,6909.0
2025-02-01,7,15,3,2520.0
2025-02-01,7,16,3,1350.0
2025-02-01,6,8,3,4150.0
2025-02-01,1,13,3,3792.35
2025-02-01,1,1,4,8778.0
2025-02-01,1,2,4,3160.08
2025-02-01,1,3,4,2369.0
2025-02-01,6,1,4,7106.0
2025-02-01,6,2,4,2558.16
2025-02-01,6,3,4,2369.0
2025-02-01,7,1,4,4075.5
2025-02-01,7,2,4,1467.18
2025-02-01,7,3,4,1184.5
2025-02-01,1,4,4,5834.93
2025-02-01,2,5,4,11021.53
2025-02-01,6,7,4,7575.98
2025-02-01,5,17,4,7841.87
2025-02-01,7,9,4,9899.0
2025-02-01,7,10,4,6615.0
2025-02-01,7,15,4,2400.0
2025-02-01,7,16,4,1300.0
2025-02-01,6,8,4,4000.0
2025-02-01,1,13,4,2917.46
2025-02-01,1,1,5,8778.0
2025-02-01,1,2,5,3160.08
2025-02-01,1,3,5,2369.0
2025-02-01,6,1,5,7106.0
2025-02-01,6,2,5,2558.16
2025-02-01,6,3,5,2369.0
2025-02-01,7,1,5,4075.5
2025-02-01,7,2,5,1467.18
2025-02-01,7,3,5,1184.5
2025-02-01,1,4,5,4399.19
2025-02-01,2,5,5,8309.59
2025-02-01,6,7,5,5711.84
2025-02-01,5,17,5,5912.31
2025-02-01,7,9,5,8857.0
2025-02-01,7,10,5,6027.0
2025-02-01,7,15,5,2160.0
2025-02-01,7,16,5,1200.0
2025-02-01,6,8,5,3700.0
2025-02-01,1,13,5,2199.6
2025-02-01,1,1,6,8778.0
2025-02-01,1,2,6,3160.08
2025-02-01,1,3,6,2369.0
2025-02-01,6,1,6,7106.0
2025-02-01,6,2,6,2558.16
2025-02-01,6,3,6,2369.0
2025-02-01,7,1,6,4075.5
2025-02-01,7,2,6,1467.18
2025-02-01,7,3,6,1184.5
2025-02-01,1,4,6,4752.66
2025-02-01,2,5,6,8977.25
2025-02-01,6,7,6,6170.78
2025-02-01,5,17,6,6387.36
2025-02-01,7,9,6,10941.0
2025-02-01,7,10,6,6321.0
2025-02-01,7,15,6,2280.0
2025-02-01,7,16,6,1250.0
2025-02-01,6,8,6,3850.0
2025-02-01,1,13,6,2376.33
2025-02-01,1,1,7,8778.0
2025-02-01,1,2,7,3160.08
2025-02-01,1,3,7,2369.0
2025-02-01,6,1,7,7106.0
2025-02-01,6,2,7,2558.16
2025-02-01,6,3,7,2369.0
2025-02-01,7,1,7,4075.5
2025-02-01,7,2,7,1467.18
2025-02-01,7,3,7,1184.5
2025-02-01,1,4,7,1633.99
2025-02-01,2,5,7,3086.42
2025-02-01,6,7,7,2121.54
2025-02-01,5,17,7,2196.0
2025-02-01,7,9,7,8857.0
2025-02-01,7,10,7,6321.0
2025-02-01,7,15,7,2280.0
2025-02-01,7,16,7,1250.0
2025-02-01,6,8,7,3850.0
2025-02-01,1,13,7,816.99
2025-02-01,1,1,8,8778.0
2025-02-01,1,2,8,3160.08
2025-02-01,1,3,8,2369.0
2025-02-01,6,1,8,7106.0
2025-02-01,6,2,8,2558.16
2025-02-01,6,3,8,2369.0
2025-02-01,7,1,8,4075.5
2025-02-01,7,2,8,1467.18
2025-02-01,7,3,8,1184.5
2025-02-01,1,4,8,3969.68
2025-02-01,2,5,8,7498.28
2025-02-01,6,7,8,5154.17
2025-02-01,5,17,8,5335.06
2025-02-01,7,9,8,8857.0
2025-02-01,7,10,8,6027.0
2025-02-01,7,15,8,2160.0
2025-02-01,7,16,8,1200.0
2025-02-01,6,8,8,3700.0
2025-02-01,1,13,8,1984.84
2025-02-01,3,11,1,39976.0
2025-02-01,5,12,1,12000.0
2025-02-01,3,12,1,15000.0
2025-02-01,2,12,1,10000.0
2025-02-01,4,14,1,20000.0
2025-02-01,5,18,1,13000.0
2025-03-01,1,1,1,9216.9
2025-03-01,1,2,1,3318.08
2025-03-01,1,3,1,2369.0
2025-03-01,2,1,1,30723.0
2025-03-01,2,2,1,11060.28
2025-03-01,2,3,1,4738.0
2025-03-01,3,1,1,57605.62
2025-03-01,3,2,1,20738.02
2025-03-01,3,3,1,5922.5
2025-03-01,4,1,1,20408.85
2025-03-01,4,2,1,7347.19
2025-03-01,4,3,1,3553.5
2025-03-01,5,1,1,34234.2
2025-03-01,5,2,1,12324.31
2025-03-01,5,3,1,4738.0
2025-03-01,6,1,1,7461.3
2025-03-01,6,2,1,2686.07
2025-03-01,6,3,1,2369.0
2025-03-01,7,1,1,12837.83
2025-03-01,7,2,1,4621.62
2025-03-01,7,3,1,3553.5
2025-03-01,8,1,1,75710.25
2025-03-01,8,2,1,27255.69
2025-03-01,8,3,1,7107.0
2025-03-01,1,4,1,20719.35
2025-03-01,2,5,1,39136.56
2025-03-01,2,6,1,10359.68
2025-03-01,6,7,1,26368.08
2025-03-01,5,17,1,25311.05
2025-03-01,7,9,1,31260.0
2025-03-01,7,10,1,12495.0
2025-03-01,7,15,1,4800.0
2025-03-01,7,16,1,2300.0
2025-03-01,6,8,1,7000.0
2025-03-01,1,13,1,10359.68
2025-03-01,1,1,2,9216.9
2025-03-01,1,2,2,3318.08
2025-03-01,1,3,2,2369.0
2025-03-01,6,1,2,7461.3
2025-03-01,6,2,2,2686.07
2025-03-01,6,3,2,2369.0
2025-03-01,7,1,2,4279.28
2025-03-01,7,2,2,1540.54
2025-03-01,7,3,2,1184.5
2025-03-01,1,4,2,9540.84
2025-03-01,2,5,2,18021.59
2025-03-01,2,6,2,4770.42
2025-03-01,6,7,2,12141.97
2025-03-01,5,17,2,11655.23
2025-03-01,7,9,2,15630.0
2025-03-01,7,10,2,8085.0
2025-03-01,7,15,2,3000.0
2025-03-01,7,16,2,1550.0
2025-03-01,6,8,2,4750.0
2025-03-01,1,13,2,4770.42
2025-03-01,1,1,3,9216.9
2025-03-01,1,2,3,3318.08
2025-03-01,1,3,3,2369.0
2025-03-01,6,1,3,7461.3
2025-03-01,6,2,3,2686.07
2025-03-01,6,3,3,2369.0
2025-03-01,7,1,3,4279.28
2025-03-01,7,2,3,1540.54
2025-03-01,7,3,3,1184.5
2025-03-01,1,4,3,8786.21
2025-03-01,2,5,3,16596.18
2025-03-01,2,6,3,4393.11
2025-03-01,6,7,3,11181.6
2025-03-01,5,17,3,10733.36
2025-03-01,7,9,3,10420.0
2025-03-01,7,10,3,6909.0
2025-03-01,7,15,3,2520.0
2025-03-01,7,16,3,1350.0
2025-03-01,6,8,3,4150.0
2025-03-01,1,13,3,4393.11
2025-03-01,1,1,4,9216.9
2025-03-01,1,2,4,3318.08
2025-03-01,1,3,4,2369.0
2025-03-01,6,1,4,7461.3
2025-03-01,6,2,4,2686.07
2025-03-01,6,3,4,2369.0
2025-03-01,7,1,4,4279.28
2025-03-01,7,2,4,1540.54
2025-03-01,7,3,4,1184.5
2025-03-01,1,4,4,6759.26
2025-03-01,2,5,4,12767.48
2025-03-01,2,6,4,3379.63
2025-03-01,6,7,4,8602.04
2025-03-01,5,17,4,8257.2
2025-03-01,7,9,4,9899.0
2025-03-01,7,10,4,6615.0
2025-03-01,7,15,4,2400.0
2025-03-01,7,16,4,1300.0
2025-03-01,6,8,4,4000.0
2025-03-01,1,13,4,3379.63
2025-03-01,1,1,5,9216.9
2025-03-01,1,2,5,3318.08
2025-03-01,1,3,5,2369.0
2025-03-01,6,1,5,7461.3
2025-03-01,6,2,5,2686.07
2025-03-01,6,3,5,2369.0
2025-03-01,7,1,5,4279.28
2025-03-01,7,2,5,1540.54
2025-03-01,7,3,5,1184.5
2025-03-01,1,4,5,5096.08
2025-03-01,2,5,5,9625.93
2025-03-01,2,6,5,2548.04
2025-03-01,6,7,5,6485.43
2025-03-01,5,17,5,6225.44
2025-03-01,7,9,5,8857.0
2025-03-01,7,10,5,6027.0
2025-03-01,7,15,5,2160.0
2025-03-01,7,16,5,1200.0
2025-03-01,6,8,5,3700.0
2025-03-01,1,13,5,2548.04
2025-03-01,1,1,6,9216.9
2025-03-01,1,2,6,3318.08
2025-03-01,1,3,6,2369.0
2025-03-01,6,1,6,7461.3
2025-03-01,6,2,6,2686.07
2025-03-01,6,3,6,2369.0
2025-03-01,7,1,6,4279.28
2025-03-01,7,2,6,1540.54
2025-03-01,7,3,6,1184.5
2025-03-01,1,4,6,5505.54
2025-03-01,2,5,6,10399.36
2025-03-01,2,6,6,2752.77
2025-03-01,6,7,6,7006.52
2025-03-01,5,17,6,6725.65
2025-03-01,7,9,6,10941.0
2025-03-01,7,10,6,6321.0
2025-03-01,7,15,6,2280.0
2025-03-01,7,16,6,1250.0
2025-03-01,6,8,6,3850.0
2025-03-01,1,13,6,2752.77
2025-03-01,1,1,7,9216.9
2025-03-01,1,2,7,3318.08
2025-03-01,1,3,7,2369.0
2025-03-01,6,1,7,7461.3
2025-03-01,6,2,7,2686.07
2025-03-01,6,3,7,2369.0
2025-03-01,7,1,7,4279.28
2025-03-01,7,2,7,1540.54
2025-03-01,7,3,7,1184.5
2025-03-01,1,4,7,2368.99
2025-03-01,2,5,7,4474.77
2025-03-01,2,6,7,1184.5
2025-03-01,6,7,7,3014.85
2025-03-01,5,17,7,2894.0
2025-03-01,7,9,7,8857.0
2025-03-01,7,10,7,6321.0
2025-03-01,7,15,7,2280.0
2025-03-01,7,16,7,1250.0
2025-03-01,6,8,7,3850.0
2025-03-01,1,13,7,1184.5
2025-03-01,1,1,8,9216.9
2025-03-01,1,2,8,3318.08
2025-03-01,1,3,8,2369.0
2025-03-01,6,1,8,7461.3
2025-03-01,6,2,8,2686.07
2025-03-01,6,3,8,2369.0
2025-03-01,7,1,8,4279.28
2025-03-01,7,2,8,1540.54
2025-03-01,7,3,8,1184.5
2025-03-01,1,4,8,4956.49
2025-03-01,2,5,8,9362.27
2025-03-01,2,6,8,2478.25
2025-03-01,6,7,8,6307.79
2025-03-01,5,17,8,6054.92
2025-03-01,7,9,8,8857.0
2025-03-01,7,10,8,6027.0
2025-03-01,7,15,8,2160.0
2025-03-01,7,16,8,1200.0
2025-03-01,6,8,8,3700.0
2025-03-01,1,13,8,2478.25
2025-03-01,3,11,1,40128.0
2025-03-01,5,12,1,12000.0
2025-03-01,3,12,1,15000.0
2025-03-01,2,12,1,10000.0
2025-03-01,4,14,1,5000.0
2025-03-01,5,18,1,13000.0
2025-04-01,1,1,1,9216.9
2025-04-01,1,2,1,3318.08
2025-04-01,1,3,1,2369.0
2025-04-01,2,1,1,30723.0
2025-04-01,2,2,1,11060.28
2025-04-01,2,3,1,4738.0
2025-04-01,3,1,1,57605.62
2025-04-01,3,2,1,20738.02
2025-04-01,3,3,1,5922.5
2025-04-01,4,1,1,20408.85
2025-04-01,4,2,1,7347.19
2025-04-01,4,3,1,3553.5
2025-04-01,5,1,1,34234.2
2025-04-01,5,2,1,12324.31
2025-04-01,5,3,1,4738.0
2025-04-01,6,1,1,7461.3
2025-04-01,6,2,1,2686.07
2025-04-01,6,3,1,2369.0
2025-04-01,7,1,1,12837.83
2025-04-01,7,2,1,4621.62
2025-04-01,7,3,1,3553.5
2025-04-01,8,1,1,75710.25
2025-04-01,8,2,1,27255.69
2025-04-01,8,3,1,7107.0
2025-04-01,1,4,1,21682.91
2025-04-01,2,5,1,40956.62
2025-04-01,6,7,1,26903.86
2025-04-01,5,17,1,25255.24
2025-04-01,7,9,1,31260.0
2025-04-01,7,10,1,12495.0
2025-04-01,7,15,1,4800.0
2025-04-01,7,16,1,2300.0
2025-04-01,6,8,1,7000.0
2025-04-01,1,13,1,10841.46
2025-04-01,1,1,2,9216.9
2025-04-01,1,2,2,3318.08
2025-04-01,1,3,2,2369.0
2025-04-01,6,1,2,7461.3
2025-04-01,6,2,2,2686.07
2025-04-01,6,3,2,2369.0
2025-04-01,7,1,2,4279.28
2025-04-01,7,2,2,1540.54
2025-04-01,7,3,2,1184.5
2025-04-01,1,4,2,9984.54
2025-04-01,2,5,2,18859.69
2025-04-01,6,7,2,12388.68
2025-04-01,5,17,2,11629.53
2025-04-01,7,9,2,15630.0
2025-04-01,7,10,2,8085.0
2025-04-01,7,15,2,3000.0
2025-04-01,7,16,2,1550.0
2025-04-01,6,8,2,4750.0
2025-04-01,1,13,2,4992.27
2025-04-01,1,1,3,9216.9
2025-04-01,1,2,3,3318.08
2025-04-01,1,3,3,2369.0
2025-04-01,6,1,3,7461.3
2025-04-01,6,2,3,2686.07
2025-04-01,6,3,3,2369.0
2025-04-01,7,1,3,4279.28
2025-04-01,7,2,3,1540.54
2025-04-01,7,3,3,1184.5
2025-04-01,1,4,3,9194.82
2025-04-01,2,5,3,17367.99
2025-04-01,6,7,3,11408.8
2025-04-01,5,17,3,10709.69
2025-04-01,7,9,3,10420.0
2025-04-01,7,10,3,6909.0
2025-04-01,7,15,3,2520.0
2025-04-01,7,16,3,1350.0
2025-04-01,6,8,3,4150.0
2025-04-01,1,13,3,4597.41
2025-04-01,1,1,4,9216.9
2025-04-01,1,2,4,3318.08
2025-04-01,1,3,4,2369.0
2025-04-01,6,1,4,7461.3
2025-04-01,6,2,4,2686.07
2025-04-01,6,3,4,2369.0
2025-04-01,7,1,4,4279.28
2025-04-01,7,2,4,1540.54
2025-04-01,7,3,4,1184.5
2025-04-01,1,4,4,7073.6
2025-04-01,2,5,4,13361.24
2025-04-01,6,7,4,8776.82
2025-04-01,5,17,4,8238.99
2025-04-01,7,9,4,9899.0
2025-04-01,7,10,4,6615.0
2025-04-01,7,15,4,2400.0
2025-04-01,7,16,4,1300.0
2025-04-01,6,8,4,4000.0
2025-04-01,1,13,4,3536.8
2025-04-01,1,1,5,9216.9
2025-04-01,1,2,5,3318.08
2025-04-01,1,3,5,2369.0
2025-04-01,6,1,5,7461.3
2025-04-01,6,2,5,2686.07
2025-04-01,6,3,5,2369.0
2025-04-01,7,1,5,4279.28
2025-04-01,7,2,5,1540.54
2025-04-01,7,3,5,1184.5
2025-04-01,1,4,5,5333.08
2025-04-01,2,5,5,10073.59
2025-04-01,6,7,5,6617.21
2025-04-01,5,17,5,6211.72
2025-04-01,7,9,5,8857.0
2025-04-01,7,10,5,6027.0
2025-04-01,7,15,5,2160.0
2025-04-01,7,16,5,1200.0
2025-04-01,6,8,5,3700.0
2025-04-01,1,13,5,2666.54
2025-04-01,1,1,6,9216.9
2025-04-01,1,2,6,3318.08
2025-04-01,1,3,6,2369.0
2025-04-01,6,1,6,7461.3
2025-04-01,6,2,6,2686.07
2025-04-01,6,3,6,2369.0
2025-04-01,7,1,6,4279.28
2025-04-01,7,2,6,1540.54
2025-04-01,7,3,6,1184.5
2025-04-01,1,4,6,5761.58
2025-04-01,2,5,6,10882.99
2025-04-01,6,7,6,7148.89
2025-04-01,5,17,6,6710.82
2025-04-01,7,9,6,10941.0
2025-04-01,7,10,6,6321.0
2025-04-01,7,15,6,2280.0
2025-04-01,7,16,6,1250.0
2025-04-01,6,8,6,3850.0
2025-04-01,1,13,6,2880.79
2025-04-01,1,1,7,9216.9
2025-04-01,1,2,7,3318.08
2025-04-01,1,3,7,2369.0
2025-04-01,6,1,7,7461.3
2025-04-01,6,2,7,2686.07
2025-04-01,6,3,7,2369.0
2025-04-01,7,1,7,4279.28
2025-04-01,7,2,7,1540.54
2025-04-01,7,3,7,1184.5
2025-04-01,1,4,7,2903.23
2025-04-01,2,5,7,5483.88
2025-04-01,6,7,7,3602.29
2025-04-01,5,17,7,3381.55
2025-04-01,7,9,7,8857.0
2025-04-01,7,10,7,6321.0
2025-04-01,7,15,7,2280.0
2025-04-01,7,16,7,1250.0
2025-04-01,6,8,7,3850.0
2025-04-01,1,13,7,1451.62
2025-04-01,1,1,8,9216.9
2025-04-01,1,2,8,3318.08
2025-04-01,1,3,8,2369.0
2025-04-01,6,1,8,7461.3
2025-04-01,6,2,8,2686.07
2025-04-01,6,3,8,2369.0
2025-04-01,7,1,8,4279.28
2025-04-01,7,2,8,1540.54
2025-04-01,7,3,8,1184.5
2025-04-01,1,4,8,5187.0
2025-04-01,2,5,8,9797.66
2025-04-01,6,7,8,6435.95
2025-04-01,5,17,8,6041.57
2025-04-01,7,9,8,8857.0
2025-04-01,7,10,8,6027.0
2025-04-01,7,15,8,2160.0
2025-04-01,7,16,8,1200.0
2025-04-01,6,8,8,3700.0
2025-04-01,1,13,8,2593.5
2025-04-01,3,11,1,40280.0
2025-04-01,5,12,1,12000.0
2025-04-01,3,12,1,15000.0
2025-04-01,2,12,1,10000.0
2025-04-01,4,14,1,5000.0
2025-04-01,5,18,1,13000.0
2025-05-01,1,1,1,13825.35
2025-05-01,1,2,1,4977.13
2025-05-01,1,3,1,3553.5
2025-05-01,2,1,1,30723.0
2025-05-01,2,2,1,11060.28
2025-05-01,2,3,1,4738.0
2025-05-01,3,1,1,57605.62
2025-05-01,3,2,1,20738.02
2025-05-01,3,3,1,5922.5
2025-05-01,4,1,1,20408.85
2025-05-01,4,2,1,7347.19
2025-05-01,4,3,1,3553.5
2025-05-01,5,1,1,34234.2
2025-05-01,5,2,1,12324.31
2025-05-01,5,3,1,4738.0
2025-05-01,6,1,1,7461.3
2025-05-01,6,2,1,2686.07
2025-05-01,6,3,1,2369.0
2025-05-01,7,1,1,12837.83
2025-05-01,7,2,1,4621.62
2025-05-01,7,3,1,3553.5
2025-05-01,8,1,1,75710.25
2025-05-01,8,2,1,27255.69
2025-05-01,8,3,1,7107.0
2025-05-01,1,4,1,23685.57
2025-05-01,2,5,1,44739.41
2025-05-01,6,7,1,30684.32
2025-05-01,5,17,1,33290.83
2025-05-01,7,9,1,31260.0
2025-05-01,7,10,1,12495.0
2025-05-01,7,15,1,4800.0
2025-05-01,7,16,1,2300.0
2025-05-01,6,8,1,7000.0
2025-05-01,1,13,1,11842.79
2025-05-01,1,1,2,9216.9
2025-05-01,1,2,2,3318.08
2025-05-01,1,3,2,2369.0
2025-05-01,6,1,2,7461.3
2025-05-01,6,2,2,2686.07
2025-05-01,6,3,2,2369.0
2025-05-01,7,1,2,4279.28
2025-05-01,7,2,2,1540.54
2025-05-01,7,3,2,1184.5
2025-05-01,1,4,2,10906.73
2025-05-01,2,5,2,20601.6
2025-05-01,6,7,2,14129.51
2025-05-01,5,17,2,15329.76
2025-05-01,7,9,2,15630.0
2025-05-01,7,10,2,8085.0
2025-05-01,7,15,2,3000.0
2025-05-01,7,16,2,1550.0
2025-05-01,6,8,2,4750.0
2025-05-01,1,13,2,5453.36
2025-05-01,1,1,3,9216.9
2025-05-01,1,2,3,3318.08
2025-05-01,1,3,3,2369.0
2025-05-01,6,1,3,7461.3
2025-05-01,6,2,3,2686.07
2025-05-01,6,3,3,2369.0
2025-05-01,7,1,3,4279.28
2025-05-01,7,2,3,1540.54
2025-05-01,7,3,3,1184.5
2025-05-01,1,4,3,10044.06
2025-05-01,2,5,3,18972.11
2025-05-01,6,7,3,13011.93
2025-05-01,5,17,3,14117.25
2025-05-01,7,9,3,10420.0
2025-05-01,7,10,3,6909.0
2025-05-01,7,15,3,2520.0
2025-05-01,7,16,3,1350.0
2025-05-01,6,8,3,4150.0
2025-05-01,1,13,3,5022.03
2025-05-01,1,1,4,9216.9
2025-05-01,1,2,4,3318.08
2025-05-01,1,3,4,2369.0
2025-05-01,6,1,4,7461.3
2025-05-01,6,2,4,2686.07
2025-05-01,6,3,4,2369.0
2025-05-01,7,1,4,4279.28
2025-05-01,7,2,4,1540.54
2025-05-01,7,3,4,1184.5
2025-05-01,1,4,4,7726.92
2025-05-01,2,5,4,14595.3
2025-05-01,6,7,4,10010.12
2025-05-01,5,17,4,10860.44
2025-05-01,7,9,4,9899.0
2025-05-01,7,10,4,6615.0
2025-05-01,7,15,4,2400.0
2025-05-01,7,16,4,1300.0
2025-05-01,6,8,4,4000.0
2025-05-01,1,13,4,3863.46
2025-05-01,1,1,5,9216.9
2025-05-01,1,2,5,3318.08
2025-05-01,1,3,5,2369.0
2025-05-01,6,1,5,7461.3
2025-05-01,6,2,5,2686.07
2025-05-01,6,3,5,2369.0
2025-05-01,7,1,5,4279.28
2025-05-01,7,2,5,1540.54
2025-05-01,7,3,5,1184.5
2025-05-01,1,4,5,5825.65
2025-05-01,2,5,5,11004.0
2025-05-01,6,7,5,7547.04
2025-05-01,5,17,5,8188.13
2025-05-01,7,9,5,8857.0
2025-05-01,7,10,5,6027.0
2025-05-01,7,15,5,2160.0
2025-05-01,7,16,5,1200.0
2025-05-01,6,8,5,3700.0
2025-05-01,1,13,5,2912.82
2025-05-01,1,1,6,9216.9
2025-05-01,1,2,6,3318.08
2025-05-01,1,3,6,2369.0
2025-05-01,6,1,6,7461.3
2025-05-01,6,2,6,2686.07
2025-05-01,6,3,6,2369.0
2025-05-01,7,1,6,4279.28
2025-05-01,7,2,6,1540.54
2025-05-01,7,3,6,1184.5
2025-05-01,1,4,6,6293.73
2025-05-01,2,5,6,11888.15
2025-05-01,6,7,6,8153.43
2025-05-01,5,17,6,8846.04
2025-05-01,7,9,6,10941.0
2025-05-01,7,10,6,6321.0
2025-05-01,7,15,6,2280.0
2025-05-01,7,16,6,1250.0
2025-05-01,6,8,6,3850.0
2025-05-01,1,13,6,3146.86
2025-05-01,1,1,7,9216.9
2025-05-01,1,2,7,3318.08
2025-05-01,1,3,7,2369.0
2025-05-01,6,1,7,7461.3
2025-05-01,6,2,7,2686.07
2025-05-01,6,3,7,2369.0
2025-05-01,7,1,7,4279.28
2025-05-01,7,2,7,1540.54
2025-05-01,7,3,7,1184.5
2025-05-01,1,4,7,3634.61
2025-05-01,2,5,7,6865.38
2025-05-01,6,7,7,4708.59
2025-05-01,5,17,7,5108.57
2025-05-01,7,9,7,8857.0
2025-05-01,7,10,7,6321.0
2025-05-01,7,15,7,2280.0
2025-05-01,7,16,7,1250.0
2025-05-01,6,8,7,3850.0
2025-05-01,1,13,7,1817.31
2025-05-01,1,1,8,9216.9
2025-05-01,1,2,8,3318.08
2025-05-01,1,3,8,2369.0
2025-05-01,6,1,8,7461.3
2025-05-01,6,2,8,2686.07
2025-05-01,6,3,8,2369.0
2025-05-01,7,1,8,4279.28
2025-05-01,7,2,8,1540.54
2025-05-01,7,3,8,1184.5
2025-05-01,1,4,8,5666.07
2025-05-01,2,5,8,10702.58
2025-05-01,6,7,8,7340.32
2025-05-01,5,17,8,7963.85
2025-05-01,7,9,8,8857.0
2025-05-01,7,10,8,6027.0
2025-05-01,7,15,8,2160.0
2025-05-01,7,16,8,1200.0
2025-05-01,6,8,8,3700.0
2025-05-01,1,13,8,2833.04
2025-05-01,3,11,1,40432.0
2025-05-01,5,12,1,12000.0
2025-05-01,3,12,1,15000.0
2025-05-01,2,12,1,10000.0
2025-05-01,4,14,1,5000.0
2025-05-01,5,18,1,13000.0
2025-06-01,1,1,1,9216.9
2025-06-01,1,2,1,3318.08
2025-06-01,1,3,1,2369.0
2025-06-01,2,1,1,30723.0
2025-06-01,2,2,1,11060.28
2025-06-01,2,3,1,4738.0
2025-06-01,3,1,1,57605.62
2025-06-01,3,2,1,20738.02
2025-06-01,3,3,1,5922.5
2025-06-01,4,1,1,20408.85
2025-06-01,4,2,1,7347.19
2025-06-01,4,3,1,3553.5
2025-06-01,5,1,1,34234.2
2025-06-01,5,2,1,12324.31
2025-06-01,5,3,1,4738.0
2025-06-01,6,1,1,7461.3
2025-06-01,6,2,1,2686.07
2025-06-01,6,3,1,2369.0
2025-06-01,7,1,1,12837.83
2025-06-01,7,2,1,4621.62
2025-06-01,7,3,1,3553.5
2025-06-01,8,1,1,75710.25
2025-06-01,8,2,1,27255.69
2025-06-01,8,3,1,7107.0
2025-06-01,1,4,1,22014.19
2025-06-01,2,5,1,41582.36
2025-06-01,2,6,1,11007.1
2025-06-01,6,7,1,29117.64
2025-06-01,5,17,1,29158.07
2025-06-01,7,9,1,31260.0
2025-06-01,7,10,1,12495.0
2025-06-01,7,15,1,4800.0
2025-06-01,7,16,1,2300.0
2025-06-01,6,8,1,7000.0
2025-06-01,1,13,1,11007.1
2025-06-01,1,1,2,9216.9
2025-06-01,1,2,2,3318.08
2025-06-01,1,3,2,2369.0
2025-06-01,6,1,2,7461.3
2025-06-01,6,2,2,2686.07
2025-06-01,6,3,2,2369.0
2025-06-01,7,1,2,4279.28
2025-06-01,7,2,2,1540.54
2025-06-01,7,3,2,1184.5
2025-06-01,1,4,2,10137.09
2025-06-01,2,5,2,19147.84
2025-06-01,2,6,2,5068.55
2025-06-01,6,7,2,13408.09
2025-06-01,5,17,2,13426.7
2025-06-01,7,9,2,15630.0
2025-06-01,7,10,2,8085.0
2025-06-01,7,15,2,3000.0
2025-06-01,7,16,2,1550.0
2025-06-01,6,8,2,4750.0
2025-06-01,1,13,2,5068.55
2025-06-01,1,1,3,9216.9
2025-06-01,1,2,3,3318.08
2025-06-01,1,3,3,2369.0
2025-06-01,6,1,3,7461.3
2025-06-01,6,2,3,2686.07
2025-06-01,6,3,3,2369.0
2025-06-01,7,1,3,4279.28
2025-06-01,7,2,3,1540.54
2025-06-01,7,3,3,1184.5
2025-06-01,1,4,3,9335.3
2025-06-01,2,5,3,17633.34
2025-06-01,2,6,3,4667.65
2025-06-01,6,7,3,12347.57
2025-06-01,5,17,3,12364.72
2025-06-01,7,9,3,10420.0
2025-06-01,7,10,3,6909.0
2025-06-01,7,15,3,2520.0
2025-06-01,7,16,3,1350.0
2025-06-01,6,8,3,4150.0
2025-06-01,1,13,3,4667.65
2025-06-01,1,1,4,9216.9
2025-06-01,1,2,4,3318.08
2025-06-01,1,3,4,2369.0
2025-06-01,6,1,4,7461.3
2025-06-01,6,2,4,2686.07
2025-06-01,6,3,4,2369.0
2025-06-01,7,1,4,4279.28
2025-06-01,7,2,4,1540.54
2025-06-01,7,3,4,1184.5
2025-06-01,1,4,4,7181.67
2025-06-01,2,5,4,13565.38
2025-06-01,2,6,4,3590.84
2025-06-01,6,7,4,9499.02
2025-06-01,5,17,4,9512.21
2025-06-01,7,9,4,9899.0
2025-06-01,7,10,4,6615.0
2025-06-01,7,15,4,2400.0
2025-06-01,7,16,4,1300.0
2025-06-01,6,8,4,4000.0
2025-06-01,1,13,4,3590.84
2025-06-01,1,1,5,9216.9
2025-06-01,1,2,5,3318.08
2025-06-01,1,3,5,2369.0
2025-06-01,6,1,5,7461.3
2025-06-01,6,2,5,2686.07
2025-06-01,6,3,5,2369.0
2025-06-01,7,1,5,4279.28
2025-06-01,7,2,5,1540.54
2025-06-01,7,3,5,1184.5
2025-06-01,1,4,5,5414.56
2025-06-01,2,5,5,10227.5
2025-06-01,2,6,5,2707.28
2025-06-01,6,7,5,7161.7
2025-06-01,5,17,5,7171.65
2025-06-01,7,9,5,8857.0
2025-06-01,7,10,5,6027.0
2025-06-01,7,15,5,2160.0
2025-06-01,7,16,5,1200.0
2025-06-01,6,8,5,3700.0
2025-06-01,1,13,5,2707.28
2025-06-01,1,1,6,9216.9
2025-06-01,1,2,6,3318.08
2025-06-01,1,3,6,2369.0
2025-06-01,6,1,6,7461.3
2025-06-01,6,2,6,2686.07
2025-06-01,6,3,6,2369.0
2025-06-01,7,1,6,4279.28
2025-06-01,7,2,6,1540.54
2025-06-01,7,3,6,1184.5
2025-06-01,1,4,6,5849.61
2025-06-01,2,5,6,11049.26
2025-06-01,2,6,6,2924.8
2025-06-01,6,7,6,7737.14
2025-06-01,5,17,6,7747.88
2025-06-01,7,9,6,10941.0
2025-06-01,7,10,6,6321.0
2025-06-01,7,15,6,2280.0
2025-06-01,7,16,6,1250.0
2025-06-01,6,8,6,3850.0
2025-06-01,1,13,6,2924.8
2025-06-01,1,1,7,9216.9
2025-06-01,1,2,7,3318.08
2025-06-01,1,3,7,2369.0
2025-06-01,6,1,7,7461.3
2025-06-01,6,2,7,2686.07
2025-06-01,6,3,7,2369.0
2025-06-01,7,1,7,4279.28
2025-06-01,7,2,7,1540.54
2025-06-01,7,3,7,1184.5
2025-06-01,1,4,7,3808.68
2025-06-01,2,5,7,7194.18
2025-06-01,2,6,7,1904.34
2025-06-01,6,7,7,5037.65
2025-06-01,5,17,7,5044.65
2025-06-01,7,9,7,8857.0
2025-06-01,7,10,7,6321.0
2025-06-01,7,15,7,2280.0
2025-06-01,7,16,7,1250.0
2025-06-01,6,8,7,3850.0
2025-06-01,1,13,7,1904.34
2025-06-01,1,1,8,9216.9
2025-06-01,1,2,8,3318.08
2025-06-01,1,3,8,2369.0
2025-06-01,6,1,8,7461.3
2025-06-01,6,2,8,2686.07
2025-06-01,6,3,8,2369.0
2025-06-01,7,1,8,4279.28
2025-06-01,7,2,8,1540.54
2025-06-01,7,3,8,1184.5
2025-06-01,1,4,8,5266.25
2025-06-01,2,5,8,9947.35
2025-06-01,2,6,8,2633.12
2025-06-01,6,7,8,6965.54
2025-06-01,5,17,8,6975.21
2025-06-01,7,9,8,8857.0
2025-06-01,7,10,8,6027.0
2025-06-01,7,15,8,2160.0
2025-06-01,7,16,8,1200.0
2025-06-01,6,8,8,3700.0
2025-06-01,1,13,8,2633.12
2025-06-01,3,11,1,40584.0
2025-06-01,5,12,1,12000.0
2025-06-01,3,12,1,15000.0
2025-06-01,2,12,1,10000.0
2025-06-01,4,14,1,5000.0
2025-06-01,5,18,1,13000.0
2025-07-01,1,1,1,13825.35
2025-07-01,1,2,1,4977.13
2025-07-01,1,3,1,3553.5
2025-07-01,2,1,1,46084.5
2025-07-01,2,2,1,16590.42
2025-07-01,2,3,1,7107.0
2025-07-01,3,1,1,57605.62
2025-07-01,3,2,1,20738.02
2025-07-01,3,3,1,5922.5
2025-07-01,4,1,1,20408.85
2025-07-01,4,2,1,7347.19
2025-07-01,4,3,1,3553.5
2025-07-01,5,1,1,34234.2
2025-07-01,5,2,1,12324.31
2025-07-01,5,3,1,4738.0
2025-07-01,6,1,1,7461.3
2025-07-01,6,2,1,2686.07
2025-07-01,6,3,1,2369.0
2025-07-01,7,1,1,12837.83
2025-07-01,7,2,1,4621.62
2025-07-01,7,3,1,3553.5
2025-07-01,8,1,1,75710.25
2025-07-01,8,2,1,27255.69
2025-07-01,8,3,1,7107.0
2025-07-01,1,4,1,24944.51
2025-07-01,2,5,1,47117.4
2025-07-01,6,7,1,32168.77
2025-07-01,5,17,1,30478.02
2025-07-01,7,9,1,31260.0
2025-07-01,7,10,1,12495.0
2025-07-01,7,15,1,4800.0
2025-07-01,7,16,1,2300.0
2025-07-01,6,8,1,7000.0
2025-07-01,1,13,1,12472.25
2025-07-01,1,1,2,9216.9
2025-07-01,1,2,2,3318.08
2025-07-01,1,3,2,2369.0
2025-07-01,6,1,2,7461.3
2025-07-01,6,2,2,2686.07
2025-07-01,6,3,2,2369.0
2025-07-01,7,1,2,4279.28
2025-07-01,7,2,2,1540.54
2025-07-01,7,3,2,1184.5
2025-07-01,1,4,2,11486.44
2025-07-01,2,5,2,21696.61
2025-07-01,6,7,2,14813.07
2025-07-01,5,17,2,14034.51
2025-07-01,7,9,2,15630.0
2025-07-01,7,10,2,8085.0
2025-07-01,7,15,2,3000.0
2025-07-01,7,16,2,1550.0
2025-07-01,6,8,2,4750.0
2025-07-01,1,13,2,5743.22
2025-07-01,1,1,3,9216.9
2025-07-01,1,2,3,3318.08
2025-07-01,1,3,3,2369.0
2025-07-01,6,1,3,7461.3
2025-07-01,6,2,3,2686.07
2025-07-01,6,3,3,2369.0
2025-07-01,7,1,3,4279.28
2025-07-01,7,2,3,1540.54
2025-07-01,7,3,3,1184.5
2025-07-01,1,4,3,10577.92
2025-07-01,2,5,3,19980.52
2025-07-01,6,7,3,13641.43
2025-07-01,5,17,3,12924.46
2025-07-01,7,9,3,10420.0
2025-07-01,7,10,3,6909.0
2025-07-01,7,15,3,2520.0
2025-07-01,7,16,3,1350.0
2025-07-01,6,8,3,4150.0
2025-07-01,1,13,3,5288.96
2025-07-01,1,1,4,9216.9
2025-07-01,1,2,4,3318.08
2025-07-01,1,3,4,2369.0
2025-07-01,6,1,4,7461.3
2025-07-01,6,2,4,2686.07
2025-07-01,6,3,4,2369.0
2025-07-01,7,1,4,4279.28
2025-07-01,7,2,4,1540.54
2025-07-01,7,3,4,1184.5
2025-07-01,1,4,4,8137.62
2025-07-01,2,5,4,15371.07
2025-07-01,6,7,4,10494.39
2025-07-01,5,17,4,9942.82
2025-07-01,7,9,4,9899.0
2025-07-01,7,10,4,6615.0
2025-07-01,7,15,4,2400.0
2025-07-01,7,16,4,1300.0
2025-07-01,6,8,4,4000.0
2025-07-01,1,13,4,4068.81
2025-07-01,1,1,5,9216.9
2025-07-01,1,2,5,3318.08
2025-07-01,1,3,5,2369.0
2025-07-01,6,1,5,7461.3
2025-07-01,6,2,5,2686.07
2025-07-01,6,3,5,2369.0
2025-07-01,7,1,5,4279.28
2025-07-01,7,2,5,1540.54
2025-07-01,7,3,5,1184.5
2025-07-01,1,4,5,6135.29
2025-07-01,2,5,5,11588.88
2025-07-01,6,7,5,7912.15
2025-07-01,5,17,5,7496.3
2025-07-01,7,9,5,8857.0
2025-07-01,7,10,5,6027.0
2025-07-01,7,15,5,2160.0
2025-07-01,7,16,5,1200.0
2025-07-01,6,8,5,3700.0
2025-07-01,1,13,5,3067.65
2025-07-01,1,1,6,9216.9
2025-07-01,1,2,6,3318.08
2025-07-01,1,3,6,2369.0
2025-07-01,6,1,6,7461.3
2025-07-01,6,2,6,2686.07
2025-07-01,6,3,6,2369.0
2025-07-01,7,1,6,4279.28
2025-07-01,7,2,6,1540.54
2025-07-01,7,3,6,1184.5
2025-07-01,1,4,6,6628.25
2025-07-01,2,5,6,12520.03
2025-07-01,6,7,6,8547.88
2025-07-01,5,17,6,8098.62
2025-07-01,7,9,6,10941.0
2025-07-01,7,10,6,6321.0
2025-07-01,7,15,6,2280.0
2025-07-01,7,16,6,1250.0
2025-07-01,6,8,6,3850.0
2025-07-01,1,13,6,3314.13
2025-07-01,1,1,7,9216.9
2025-07-01,1,2,7,3318.08
2025-07-01,1,3,7,2369.0
2025-07-01,6,1,7,7461.3
2025-07-01,6,2,7,2686.07
2025-07-01,6,3,7,2369.0
2025-07-01,7,1,7,4279.28
2025-07-01,7,2,7,1540.54
2025-07-01,7,3,7,1184.5
2025-07-01,1,4,7,4803.52
2025-07-01,2,5,7,9073.31
2025-07-01,6,7,7,6194.68
2025-07-01,5,17,7,5869.09
2025-07-01,7,9,7,8857.0
2025-07-01,7,10,7,6321.0
2025-07-01,7,15,7,2280.0
2025-07-01,7,16,7,1250.0
2025-07-01,6,8,7,3850.0
2025-07-01,1,13,7,2401.76
2025-07-01,1,1,8,9216.9
2025-07-01,1,2,8,3318.08
2025-07-01,1,3,8,2369.0
2025-07-01,6,1,8,7461.3
2025-07-01,6,2,8,2686.07
2025-07-01,6,3,8,2369.0
2025-07-01,7,1,8,4279.28
2025-07-01,7,2,8,1540.54
2025-07-01,7,3,8,1184.5
2025-07-01,1,4,8,5967.24
2025-07-01,2,5,8,11271.45
2025-07-01,6,7,8,7695.43
2025-07-01,5,17,8,7290.97
2025-07-01,7,9,8,8857.0
2025-07-01,7,10,8,6027.0
2025-07-01,7,15,8,2160.0
2025-07-01,7,16,8,1200.0
2025-07-01,6,8,8,3700.0
2025-07-01,1,13,8,2983.62
2025-07-01,3,11,1,40736.0
2025-07-01,5,12,1,12000.0
2025-07-01,3,12,1,15000.0
2025-07-01,2,12,1,10000.0
2025-07-01,4,14,1,5000.0
2025-07-01,5,18,1,13000.0
2025-08-01,1,1,1,13825.35
2025-08-01,1,2,1,4977.13
2025-08-01,1,3,1,3553.5
2025-08-01,2,1,1,46084.5
2025-08-01,2,2,1,16590.42
2025-08-01,2,3,1,7107.0
2025-08-01,3,1,1,57605.62
2025-08-01,3,2,1,20738.02
2025-08-01,3,3,1,5922.5
2025-08-01,4,1,1,20408.85
2025-08-01,4,2,1,7347.19
2025-08-01,4,3,1,3553.5
2025-08-01,5,1,1,34234.2
2025-08-01,5,2,1,12324.31
2025-08-01,5,3,1,4738.0
2025-08-01,6,1,1,7461.3
2025-08-01,6,2,1,2686.07
2025-08-01,6,3,1,2369.0
2025-08-01,7,1,1,12837.83
2025-08-01,7,2,1,4621.62
2025-08-01,7,3,1,3553.5
2025-08-01,8,1,1,75710.25
2025-08-01,8,2,1,27255.69
2025-08-01,8,3,1,7107.0
2025-08-01,1,4,1,24982.0
2025-08-01,2,5,1,47188.23
2025-08-01,6,7,1,33318.16
2025-08-01,5,17,1,34750.53
2025-08-01,7,9,1,31260.0
2025-08-01,7,10,1,12495.0
2025-08-01,7,15,1,4800.0
2025-08-01,7,16,1,2300.0
2025-08-01,6,8,1,7000.0
2025-08-01,1,13,1,12491.0
2025-08-01,1,1,2,9216.9
2025-08-01,1,2,2,3318.08
2025-08-01,1,3,2,2369.0
2025-08-01,6,1,2,7461.3
2025-08-01,6,2,2,2686.07
2025-08-01,6,3,2,2369.0
2025-08-01,7,1,2,4279.28
2025-08-01,7,2,2,1540.54
2025-08-01,7,3,2,1184.5
2025-08-01,1,4,2,11503.71
2025-08-01,2,5,2,21729.22
2025-08-01,6,7,2,15342.34
2025-08-01,5,17,2,16001.92
2025-08-01,7,9,2,15630.0
2025-08-01,7,10,2,8085.0
2025-08-01,7,15,2,3000.0
2025-08-01,7,16,2,1550.0
2025-08-01,6,8,2,4750.0
2025-08-01,1,13,2,5751.85
2025-08-01,1,1,3,9216.9
2025-08-01,1,2,3,3318.08
2025-08-01,1,3,3,2369.0
2025-08-01,6,1,3,7461.3
2025-08-01,6,2,3,2686.07
2025-08-01,6,3,3,2369.0
2025-08-01,7,1,3,4279.28
2025-08-01,7,2,3,1540.54
2025-08-01,7,3,3,1184.5
2025-08-01,1,4,3,10593.82
2025-08-01,2,5,3,20010.55
2025-08-01,6,7,3,14128.84
2025-08-01,5,17,3,14736.25
2025-08-01,7,9,3,10420.0
2025-08-01,7,10,3,6909.0
2025-08-01,7,15,3,2520.0
2025-08-01,7,16,3,1350.0
2025-08-01,6,8,3,4150.0
2025-08-01,1,13,3,5296.91
2025-08-01,1,1,4,9216.9
2025-08-01,1,2,4,3318.08
2025-08-01,1,3,4,2369.0
2025-08-01,6,1,4,7461.3
2025-08-01,6,2,4,2686.07
2025-08-01,6,3,4,2369.0
2025-08-01,7,1,4,4279.28
2025-08-01,7,2,4,1540.54
2025-08-01,7,3,4,1184.5
2025-08-01,1,4,4,8149.86
2025-08-01,2,5,4,15394.17
2025-08-01,6,7,4,10869.35
2025-08-01,5,17,4,11336.64
2025-08-01,7,9,4,9899.0
2025-08-01,7,10,4,6615.0
2025-08-01,7,15,4,2400.0
2025-08-01,7,16,4,1300.0
2025-08-01,6,8,4,4000.0
2025-08-01,1,13,4,4074.93
2025-08-01,1,1,5,9216.9
2025-08-01,1,2,5,3318.08
2025-08-01,1,3,5,2369.0
2025-08-01,6,1,5,7461.3
2025-08-01,6,2,5,2686.07
2025-08-01,6,3,5,2369.0
2025-08-01,7,1,5,4279.28
2025-08-01,7,2,5,1540.54
2025-08-01,7,3,5,1184.5
2025-08-01,1,4,5,6144.51
2025-08-01,2,5,5,11606.3
2025-08-01,6,7,5,8194.85
2025-08-01,5,17,5,8547.16
2025-08-01,7,9,5,8857.0
2025-08-01,7,10,5,6027.0
2025-08-01,7,15,5,2160.0
2025-08-01,7,16,5,1200.0
2025-08-01,6,8,5,3700.0
2025-08-01,1,13,5,3072.26
2025-08-01,1,1,6,9216.9
2025-08-01,1,2,6,3318.08
2025-08-01,1,3,6,2369.0
2025-08-01,6,1,6,7461.3
2025-08-01,6,2,6,2686.07
2025-08-01,6,3,6,2369.0
2025-08-01,7,1,6,4279.28
2025-08-01,7,2,6,1540.54
2025-08-01,7,3,6,1184.5
2025-08-01,1,4,6,6638.22
2025-08-01,2,5,6,12538.85
2025-08-01,6,7,6,8853.3
2025-08-01,5,17,6,9233.91
2025-08-01,7,9,6,10941.0
2025-08-01,7,10,6,6321.0
2025-08-01,7,15,6,2280.0
2025-08-01,7,16,6,1250.0
2025-08-01,6,8,6,3850.0
2025-08-01,1,13,6,3319.11
2025-08-01,1,1,7,9216.9
2025-08-01,1,2,7,3318.08
2025-08-01,1,3,7,2369.0
2025-08-01,6,1,7,7461.3
2025-08-01,6,2,7,2686.07
2025-08-01,6,3,7,2369.0
2025-08-01,7,1,7,4279.28
2025-08-01,7,2,7,1540.54
2025-08-01,7,3,7,1184.5
2025-08-01,1,4,7,5299.33
2025-08-01,2,5,7,10009.84
2025-08-01,6,7,7,7067.64
2025-08-01,5,17,7,7371.48
2025-08-01,7,9,7,8857.0
2025-08-01,7,10,7,6321.0
2025-08-01,7,15,7,2280.0
2025-08-01,7,16,7,1250.0
2025-08-01,6,8,7,3850.0
2025-08-01,1,13,7,2649.66
2025-08-01,1,1,8,9216.9
2025-08-01,1,2,8,3318.08
2025-08-01,1,3,8,2369.0
2025-08-01,6,1,8,7461.3
2025-08-01,6,2,8,2686.07
2025-08-01,6,3,8,2369.0
2025-08-01,7,1,8,4279.28
2025-08-01,7,2,8,1540.54
2025-08-01,7,3,8,1184.5
2025-08-01,1,4,8,5976.21
2025-08-01,2,5,8,11288.39
2025-08-01,6,7,8,7970.39
2025-08-01,5,17,8,8313.04
2025-08-01,7,9,8,8857.0
2025-08-01,7,10,8,6027.0
2025-08-01,7,15,8,2160.0
2025-08-01,7,16,8,1200.0
2025-08-01,6,8,8,3700.0
2025-08-01,1,13,8,2988.1
2025-08-01,3,11,1,40888.0
2025-08-01,5,12,1,12000.0
2025-08-01,3,12,1,15000.0
2025-08-01,2,12,1,10000.0
2025-08-01,4,14,1,20000.0
2025-08-01,5,18,1,13000.0
2025-09-01,1,1,1,13825.35
2025-09-01,1,2,1,4977.13
2025-09-01,1,3,1,3553.5
2025-09-01,2,1,1,46084.5
2025-09-01,2,2,1,16590.42
2025-09-01,2,3,1,7107.0
2025-09-01,3,1,1,57605.62
2025-09-01,3,2,1,20738.02
2025-09-01,3,3,1,5922.5
2025-09-01,4,1,1,20408.85
2025-09-01,4,2,1,7347.19
2025-09-01,4,3,1,3553.5
2025-09-01,5,1,1,34234.2
2025-09-01,5,2,1,12324.31
2025-09-01,5,3,1,4738.0
2025-09-01,6,1,1,7461.3
2025-09-01,6,2,1,2686.07
2025-09-01,6,3,1,2369.0
2025-09-01,7,1,1,12837.83
2025-09-01,7,2,1,4621.62
2025-09-01,7,3,1,3553.5
2025-09-01,8,1,1,75710.25
2025-09-01,8,2,1,27255.69
2025-09-01,8,3,1,7107.0
2025-09-01,1,4,1,25494.7
2025-09-01,2,5,1,48156.66
2025-09-01,2,6,1,12747.35
2025-09-01,6,7,1,34576.96
2025-09-01,5,17,1,36044.54
2025-09-01,7,9,1,31260.0
2025-09-01,7,10,1,12495.0
2025-09-01,7,15,1,4800.0
2025-09-01,7,16,1,2300.0
2025-09-01,6,8,1,7000.0
2025-09-01,1,13,1,12747.35
2025-09-01,1,1,2,9216.9
2025-09-01,1,2,2,3318.08
2025-09-01,1,3,2,2369.0
2025-09-01,6,1,2,7461.3
2025-09-01,6,2,2,2686.07
2025-09-01,6,3,2,2369.0
2025-09-01,7,1,2,4279.28
2025-09-01,7,2,2,1540.54
2025-09-01,7,3,2,1184.5
2025-09-01,1,4,2,11739.79
2025-09-01,2,5,2,22175.17
2025-09-01,2,6,2,5869.9
2025-09-01,6,7,2,15921.99
2025-09-01,5,17,2,16597.78
2025-09-01,7,9,2,15630.0
2025-09-01,7,10,2,8085.0
2025-09-01,7,15,2,3000.0
2025-09-01,7,16,2,1550.0
2025-09-01,6,8,2,4750.0
2025-09-01,1,13,2,5869.9
2025-09-01,1,1,3,9216.9
2025-09-01,1,2,3,3318.08
2025-09-01,1,3,3,2369.0
2025-09-01,6,1,3,7461.3
2025-09-01,6,2,3,2686.07
2025-09-01,6,3,3,2369.0
2025-09-01,7,1,3,4279.28
2025-09-01,7,2,3,1540.54
2025-09-01,7,3,3,1184.5
2025-09-01,1,4,3,10811.24
2025-09-01,2,5,3,20421.22
2025-09-01,2,6,3,5405.62
2025-09-01,6,7,3,14662.64
2025-09-01,5,17,3,15284.98
2025-09-01,7,9,3,10420.0
2025-09-01,7,10,3,6909.0
2025-09-01,7,15,3,2520.0
2025-09-01,7,16,3,1350.0
2025-09-01,6,8,3,4150.0
2025-09-01,1,13,3,5405.62
2025-09-01,1,1,4,9216.9
2025-09-01,1,2,4,3318.08
2025-09-01,1,3,4,2369.0
2025-09-01,6,1,4,7461.3
2025-09-01,6,2,4,2686.07
2025-09-01,6,3,4,2369.0
2025-09-01,7,1,4,4279.28
2025-09-01,7,2,4,1540.54
2025-09-01,7,3,4,1184.5
2025-09-01,1,4,4,8317.11
2025-09-01,2,5,4,15710.1
2025-09-01,2,6,4,4158.56
2025-09-01,6,7,4,11280.01
2025-09-01,5,17,4,11758.78
2025-09-01,7,9,4,9899.0
2025-09-01,7,10,4,6615.0
2025-09-01,7,15,4,2400.0
2025-09-01,7,16,4,1300.0
2025-09-01,6,8,4,4000.0
2025-09-01,1,13,4,4158.56
2025-09-01,1,1,5,9216.9
2025-09-01,1,2,5,3318.08
2025-09-01,1,3,5,2369.0
2025-09-01,6,1,5,7461.3
2025-09-01,6,2,5,2686.07
2025-09-01,6,3,5,2369.0
2025-09-01,7,1,5,4279.28
2025-09-01,7,2,5,1540.54
2025-09-01,7,3,5,1184.5
2025-09-01,1,4,5,6270.61
2025-09-01,2,5,5,11844.49
2025-09-01,2,6,5,3135.31
2025-09-01,6,7,5,8504.47
2025-09-01,5,17,5,8865.43
2025-09-01,7,9,5,8857.0
2025-09-01,7,10,5,6027.0
2025-09-01,7,15,5,2160.0
2025-09-01,7,16,5,1200.0
2025-09-01,6,8,5,3700.0
2025-09-01,1,13,5,3135.31
2025-09-01,1,1,6,9216.9
2025-09-01,1,2,6,3318.08
2025-09-01,1,3,6,2369.0
2025-09-01,6,1,6,7461.3
2025-09-01,6,2,6,2686.07
2025-09-01,6,3,6,2369.0
2025-09-01,7,1,6,4279.28
2025-09-01,7,2,6,1540.54
2025-09-01,7,3,6,1184.5
2025-09-01,1,4,6,6774.45
2025-09-01,2,5,6,12796.18
2025-09-01,2,6,6,3387.22
2025-09-01,6,7,6,9187.79
2025-09-01,5,17,6,9577.75
2025-09-01,7,9,6,10941.0
2025-09-01,7,10,6,6321.0
2025-09-01,7,15,6,2280.0
2025-09-01,7,16,6,1250.0
2025-09-01,6,8,6,3850.0
2025-09-01,1,13,6,3387.22
2025-09-01,1,1,7,9216.9
2025-09-01,1,2,7,3318.08
2025-09-01,1,3,7,2369.0
2025-09-01,6,1,7,7461.3
2025-09-01,6,2,7,2686.07
2025-09-01,6,3,7,2369.0
2025-09-01,7,1,7,4279.28
2025-09-01,7,2,7,1540.54
2025-09-01,7,3,7,1184.5
2025-09-01,1,4,7,5906.7
2025-09-01,2,5,7,11157.1
2025-09-01,2,6,7,2953.35
2025-09-01,6,7,7,8010.91
2025-09-01,5,17,7,8350.92
2025-09-01,7,9,7,8857.0
2025-09-01,7,10,7,6321.0
2025-09-01,7,15,7,2280.0
2025-09-01,7,16,7,1250.0
2025-09-01,6,8,7,3850.0
2025-09-01,1,13,7,2953.35
2025-09-01,1,1,8,9216.9
2025-09-01,1,2,8,3318.08
2025-09-01,1,3,8,2369.0
2025-09-01,6,1,8,7461.3
2025-09-01,6,2,8,2686.07
2025-09-01,6,3,8,2369.0
2025-09-01,7,1,8,4279.28
2025-09-01,7,2,8,1540.54
2025-09-01,7,3,8,1184.5
2025-09-01,1,4,8,6098.86
2025-09-01,2,5,8,11520.06
2025-09-01,2,6,8,3049.43
2025-09-01,6,7,8,8271.52
2025-09-01,5,17,8,8622.59
2025-09-01,7,9,8,8857.0
2025-09-01,7,10,8,6027.0
2025-09-01,7,15,8,2160.0
2025-09-01,7,16,8,1200.0
2025-09-01,6,8,8,3700.0
2025-09-01,1,13,8,3049.43
2025-09-01,3,11,1,41040.0
2025-09-01,5,12,1,12000.0
2025-09-01,3,12,1,15000.0
2025-09-01,2,12,1,10000.0
2025-09-01,4,14,1,5000.0
2025-09-01,5,18,1,13000.0
2025-10-01,1,1,1,13825.35
2025-10-01,1,2,1,4977.13
2025-10-01,1,3,1,3553.5
2025-10-01,2,1,1,46084.5
2025-10-01,2,2,1,16590.42
2025-10-01,2,3,1,7107.0
2025-10-01,3,1,1,57605.62
2025-10-01,3,2,1,20738.02
2025-10-01,3,3,1,5922.5
2025-10-01,4,1,1,20408.85
2025-10-01,4,2,1,7347.19
2025-10-01,4,3,1,3553.5
2025-10-01,5,1,1,34234.2
2025-10-01,5,2,1,12324.31
2025-10-01,5,3,1,4738.0
2025-10-01,6,1,1,7461.3
2025-10-01,6,2,1,2686.07
2025-10-01,6,3,1,2369.0
2025-10-01,7,1,1,12837.83
2025-10-01,7,2,1,4621.62
2025-10-01,7,3,1,3553.5
2025-10-01,8,1,1,75710.25
2025-10-01,8,2,1,27255.69
2025-10-01,8,3,1,7107.0
2025-10-01,1,4,1,28108.24
2025-10-01,2,5,1,66366.68
2025-10-01,6,7,1,36855.65
2025-10-01,5,17,1,34351.89
2025-10-01,7,9,1,31260.0
2025-10-01,7,10,1,12495.0
2025-10-01,7,15,1,4800.0
2025-10-01,7,16,1,2300.0
2025-10-01,6,8,1,7000.0
2025-10-01,1,13,1,14054.12
2025-10-01,1,1,2,9216.9
2025-10-01,1,2,2,3318.08
2025-10-01,1,3,2,2369.0
2025-10-01,6,1,2,7461.3
2025-10-01,6,2,2,2686.07
2025-10-01,6,3,2,2369.0
2025-10-01,7,1,2,4279.28
2025-10-01,7,2,2,1540.54
2025-10-01,7,3,2,1184.5
2025-10-01,1,4,2,12943.28
2025-10-01,2,5,2,30560.52
2025-10-01,6,7,2,16971.28
2025-10-01,5,17,2,15818.35
2025-10-01,7,9,2,15630.0
2025-10-01,7,10,2,8085.0
2025-10-01,7,15,2,3000.0
2025-10-01,7,16,2,1550.0
2025-10-01,6,8,2,4750.0
2025-10-01,1,13,2,6471.64
2025-10-01,1,1,3,9216.9
2025-10-01,1,2,3,3318.08
2025-10-01,1,3,3,2369.0
2025-10-01,6,1,3,7461.3
2025-10-01,6,2,3,2686.07
2025-10-01,6,3,3,2369.0
2025-10-01,7,1,3,4279.28
2025-10-01,7,2,3,1540.54
2025-10-01,7,3,3,1184.5
2025-10-01,1,4,3,11919.53
2025-10-01,2,5,3,28143.33
2025-10-01,6,7,3,15628.94
2025-10-01,5,17,3,14567.2
2025-10-01,7,9,3,10420.0
2025-10-01,7,10,3,6909.0
2025-10-01,7,15,3,2520.0
2025-10-01,7,16,3,1350.0
2025-10-01,6,8,3,4150.0
2025-10-01,1,13,3,5959.76
2025-10-01,1,1,4,9216.9
2025-10-01,1,2,4,3318.08
2025-10-01,1,3,4,2369.0
2025-10-01,6,1,4,7461.3
2025-10-01,6,2,4,2686.07
2025-10-01,6,3,4,2369.0
2025-10-01,7,1,4,4279.28
2025-10-01,7,2,4,1540.54
2025-10-01,7,3,4,1184.5
2025-10-01,1,4,4,9169.73
2025-10-01,2,5,4,21650.74
2025-10-01,6,7,4,12023.39
2025-10-01,5,17,4,11206.59
2025-10-01,7,9,4,9899.0
2025-10-01,7,10,4,6615.0
2025-10-01,7,15,4,2400.0
2025-10-01,7,16,4,1300.0
2025-10-01,6,8,4,4000.0
2025-10-01,1,13,4,4584.86
2025-10-01,1,1,5,9216.9
2025-10-01,1,2,5,3318.08
2025-10-01,1,3,5,2369.0
2025-10-01,6,1,5,7461.3
2025-10-01,6,2,5,2686.07
2025-10-01,6,3,5,2369.0
2025-10-01,7,1,5,4279.28
2025-10-01,7,2,5,1540.54
2025-10-01,7,3,5,1184.5
2025-10-01,1,4,5,6913.43
2025-10-01,2,5,5,16323.39
2025-10-01,6,7,5,9064.93
2025-10-01,5,17,5,8449.11
2025-10-01,7,9,5,8857.0
2025-10-01,7,10,5,6027.0
2025-10-01,7,15,5,2160.0
2025-10-01,7,16,5,1200.0
2025-10-01,6,8,5,3700.0
2025-10-01,1,13,5,3456.72
2025-10-01,1,1,6,9216.9
2025-10-01,1,2,6,3318.08
2025-10-01,1,3,6,2369.0
2025-10-01,6,1,6,7461.3
2025-10-01,6,2,6,2686.07
2025-10-01,6,3,6,2369.0
2025-10-01,7,1,6,4279.28
2025-10-01,7,2,6,1540.54
2025-10-01,7,3,6,1184.5
2025-10-01,1,4,6,7468.92
2025-10-01,2,5,6,17634.95
2025-10-01,6,7,6,9793.28
2025-10-01,5,17,6,9127.98
2025-10-01,7,9,6,10941.0
2025-10-01,7,10,6,6321.0
2025-10-01,7,15,6,2280.0
2025-10-01,7,16,6,1250.0
2025-10-01,6,8,6,3850.0
2025-10-01,1,13,6,3734.46
2025-10-01,1,1,7,9216.9
2025-10-01,1,2,7,3318.08
2025-10-01,1,3,7,2369.0
2025-10-01,6,1,7,7461.3
2025-10-01,6,2,7,2686.07
2025-10-01,6,3,7,2369.0
2025-10-01,7,1,7,4279.28
2025-10-01,7,2,7,1540.54
2025-10-01,7,3,7,1184.5
2025-10-01,1,4,7,7061.95
2025-10-01,2,5,7,16674.04
2025-10-01,6,7,7,9259.66
2025-10-01,5,17,7,8630.61
2025-10-01,7,9,7,8857.0
2025-10-01,7,10,7,6321.0
2025-10-01,7,15,7,2280.0
2025-10-01,7,16,7,1250.0
2025-10-01,6,8,7,3850.0
2025-10-01,1,13,7,3530.97
2025-10-01,1,1,8,9216.9
2025-10-01,1,2,8,3318.08
2025-10-01,1,3,8,2369.0
2025-10-01,6,1,8,7461.3
2025-10-01,6,2,8,2686.07
2025-10-01,6,3,8,2369.0
2025-10-01,7,1,8,4279.28
2025-10-01,7,2,8,1540.54
2025-10-01,7,3,8,1184.5
2025-10-01,1,4,8,6724.07
2025-10-01,2,5,8,15876.27
2025-10-01,6,7,8,8816.63
2025-10-01,5,17,8,8217.68
2025-10-01,7,9,8,8857.0
2025-10-01,7,10,8,6027.0
2025-10-01,7,15,8,2160.0
2025-10-01,7,16,8,1200.0
2025-10-01,6,8,8,3700.0
2025-10-01,1,13,8,3362.03
2025-10-01,3,11,1,41192.0
2025-10-01,5,12,1,12000.0
2025-10-01,3,12,1,15000.0
2025-10-01,2,12,1,10000.0
2025-10-01,4,14,1,5000.0
2025-10-01,5,18,1,13000.0
2025-11-01,1,1,1,18433.8
2025-11-01,1,2,1,6636.17
2025-11-01,1,3,1,4738.0
2025-11-01,2,1,1,46084.5
2025-11-01,2,2,1,16590.42
2025-11-01,2,3,1,7107.0
2025-11-01,3,1,1,57605.62
2025-11-01,3,2,1,20738.02
2025-11-01,3,3,1,5922.5
2025-11-01,4,1,1,20408.85
2025-11-01,4,2,1,7347.19
2025-11-01,4,3,1,3553.5
2025-11-01,5,1,1,34234.2
2025-11-01,5,2,1,12324.31
2025-11-01,5,3,1,4738.0
2025-11-01,6,1,1,7461.3
2025-11-01,6,2,1,2686.07
2025-11-01,6,3,1,2369.0
2025-11-01,7,1,1,12837.83
2025-11-01,7,2,1,4621.62
2025-11-01,7,3,1,3553.5
2025-11-01,8,1,1,75710.25
2025-11-01,8,2,1,27255.69
2025-11-01,8,3,1,7107.0
2025-11-01,1,4,1,33266.38
2025-11-01,2,5,1,91112.91
2025-11-01,2,6,1,16633.19
2025-11-01,6,7,1,46950.92
2025-11-01,5,17,1,49800.03
2025-11-01,7,9,1,31260.0
2025-11-01,7,10,1,12495.0
2025-11-01,7,15,1,4800.0
2025-11-01,7,16,1,2300.0
2025-11-01,6,8,1,7000.0
2025-11-01,1,13,1,16633.19
2025-11-01,1,1,2,9216.9
2025-11-01,1,2,2,3318.08
2025-11-01,1,3,2,2369.0
2025-11-01,6,1,2,7461.3
2025-11-01,6,2,2,2686.07
2025-11-01,6,3,2,2369.0
2025-11-01,7,1,2,4279.28
2025-11-01,7,2,2,1540.54
2025-11-01,7,3,2,1184.5
2025-11-01,1,4,2,15318.49
2025-11-01,2,5,2,41955.65
2025-11-01,2,6,2,7659.25
2025-11-01,6,7,2,21619.95
2025-11-01,5,17,2,22931.91
2025-11-01,7,9,2,15630.0
2025-11-01,7,10,2,8085.0
2025-11-01,7,15,2,3000.0
2025-11-01,7,16,2,1550.0
2025-11-01,6,8,2,4750.0
2025-11-01,1,13,2,7659.25
2025-11-01,1,1,3,9216.9
2025-11-01,1,2,3,3318.08
2025-11-01,1,3,3,2369.0
2025-11-01,6,1,3,7461.3
2025-11-01,6,2,3,2686.07
2025-11-01,6,3,3,2369.0
2025-11-01,7,1,3,4279.28
2025-11-01,7,2,3,1540.54
2025-11-01,7,3,3,1184.5
2025-11-01,1,4,3,14106.88
2025-11-01,2,5,3,38637.17
2025-11-01,2,6,3,7053.44
2025-11-01,6,7,3,19909.92
2025-11-01,5,17,3,21118.11
2025-11-01,7,9,3,10420.0
2025-11-01,7,10,3,6909.0
2025-11-01,7,15,3,2520.0
2025-11-01,7,16,3,1350.0
2025-11-01,6,8,3,4150.0
2025-11-01,1,13,3,7053.44
2025-11-01,1,1,4,9216.9
2025-11-01,1,2,4,3318.08
2025-11-01,1,3,4,2369.0
2025-11-01,6,1,4,7461.3
2025-11-01,6,2,4,2686.07
2025-11-01,6,3,4,2369.0
2025-11-01,7,1,4,4279.28
2025-11-01,7,2,4,1540.54
2025-11-01,7,3,4,1184.5
2025-11-01,1,4,4,10852.46
2025-11-01,2,5,4,29723.68
2025-11-01,2,6,4,5426.23
2025-11-01,6,7,4,15316.76
2025-11-01,5,17,4,16246.22
2025-11-01,7,9,4,9899.0
2025-11-01,7,10,4,6615.0
2025-11-01,7,15,4,2400.0
2025-11-01,7,16,4,1300.0
2025-11-01,6,8,4,4000.0
2025-11-01,1,13,4,5426.23
2025-11-01,1,1,5,9216.9
2025-11-01,1,2,5,3318.08
2025-11-01,1,3,5,2369.0
2025-11-01,6,1,5,7461.3
2025-11-01,6,2,5,2686.07
2025-11-01,6,3,5,2369.0
2025-11-01,7,1,5,4279.28
2025-11-01,7,2,5,1540.54
2025-11-01,7,3,5,1184.5
2025-11-01,1,4,5,8182.12
2025-11-01,2,5,5,22409.91
2025-11-01,2,6,5,4091.06
2025-11-01,6,7,5,11547.93
2025-11-01,5,17,5,12248.69
2025-11-01,7,9,5,8857.0
2025-11-01,7,10,5,6027.0
2025-11-01,7,15,5,2160.0
2025-11-01,7,16,5,1200.0
2025-11-01,6,8,5,3700.0
2025-11-01,1,13,5,4091.06
2025-11-01,1,1,6,9216.9
2025-11-01,1,2,6,3318.08
2025-11-01,1,3,6,2369.0
2025-11-01,6,1,6,7461.3
2025-11-01,6,2,6,2686.07
2025-11-01,6,3,6,2369.0
2025-11-01,7,1,6,4279.28
2025-11-01,7,2,6,1540.54
2025-11-01,7,3,6,1184.5
2025-11-01,1,4,6,8839.54
2025-11-01,2,5,6,24210.51
2025-11-01,2,6,6,4419.77
2025-11-01,6,7,6,12475.79
2025-11-01,5,17,6,13232.86
2025-11-01,7,9,6,10941.0
2025-11-01,7,10,6,6321.0
2025-11-01,7,15,6,2280.0
2025-11-01,7,16,6,1250.0
2025-11-01,6,8,6,3850.0
2025-11-01,1,13,6,4419.77
2025-11-01,1,1,7,9216.9
2025-11-01,1,2,7,3318.08
2025-11-01,1,3,7,2369.0
2025-11-01,6,1,7,7461.3
2025-11-01,6,2,7,2686.07
2025-11-01,6,3,7,2369.0
2025-11-01,7,1,7,4279.28
2025-11-01,7,2,7,1540.54
2025-11-01,7,3,7,1184.5
2025-11-01,1,4,7,9008.5
2025-11-01,2,5,7,24673.27
2025-11-01,2,6,7,4504.25
2025-11-01,6,7,7,12714.25
2025-11-01,5,17,7,13485.79
2025-11-01,7,9,7,8857.0
2025-11-01,7,10,7,6321.0
2025-11-01,7,15,7,2280.0
2025-11-01,7,16,7,1250.0
2025-11-01,6,8,7,3850.0
2025-11-01,1,13,7,4504.25
2025-11-01,1,1,8,9216.9
2025-11-01,1,2,8,3318.08
2025-11-01,1,3,8,2369.0
2025-11-01,6,1,8,7461.3
2025-11-01,6,2,8,2686.07
2025-11-01,6,3,8,2369.0
2025-11-01,7,1,8,4279.28
2025-11-01,7,2,8,1540.54
2025-11-01,7,3,8,1184.5
2025-11-01,1,4,8,7958.0
2025-11-01,2,5,8,21796.08
2025-11-01,2,6,8,3979.0
2025-11-01,6,7,8,11231.62
2025-11-01,5,17,8,11913.19
2025-11-01,7,9,8,8857.0
2025-11-01,7,10,8,6027.0
2025-11-01,7,15,8,2160.0
2025-11-01,7,16,8,1200.0
2025-11-01,6,8,8,3700.0
2025-11-01,1,13,8,3979.0
2025-11-01,3,11,1,41344.0
2025-11-01,5,12,1,12000.0
2025-11-01,3,12,1,15000.0
2025-11-01,2,12,1,10000.0
2025-11-01,4,14,1,5000.0
2025-11-01,5,18,1,13000.0
2025-12-01,1,1,1,18433.8
2025-12-01,1,2,1,6636.17
2025-12-01,1,3,1,4738.0
2025-12-01,2,1,1,46084.5
2025-12-01,2,2,1,16590.42
2025-12-01,2,3,1,7107.0
2025-12-01,3,1,1,57605.62
2025-12-01,3,2,1,20738.02
2025-12-01,3,3,1,5922.5
2025-12-01,4,1,1,20408.85
2025-12-01,4,2,1,7347.19
2025-12-01,4,3,1,3553.5
2025-12-01,5,1,1,34234.2
2025-12-01,5,2,1,12324.31
2025-12-01,5,3,1,4738.0
2025-12-01,6,1,1,7461.3
2025-12-01,6,2,1,2686.07
2025-12-01,6,3,1,2369.0
2025-12-01,7,1,1,12837.83
2025-12-01,7,2,1,4621.62
2025-12-01,7,3,1,3553.5
2025-12-01,8,1,1,75710.25
2025-12-01,8,2,1,27255.69
2025-12-01,8,3,1,7107.0
2025-12-01,1,4,1,33888.38
2025-12-01,2,5,1,70412.52
2025-12-01,6,7,1,46409.27
2025-12-01,5,17,1,51164.26
2025-12-01,7,9,1,31260.0
2025-12-01,7,10,1,12495.0
2025-12-01,7,15,1,4800.0
2025-12-01,7,16,1,2300.0
2025-12-01,6,8,1,7000.0
2025-12-01,1,13,1,16944.19
2025-12-01,1,1,2,9216.9
2025-12-01,1,2,2,3318.08
2025-12-01,1,3,2,2369.0
2025-12-01,6,1,2,7461.3
2025-12-01,6,2,2,2686.07
2025-12-01,6,3,2,2369.0
2025-12-01,7,1,2,4279.28
2025-12-01,7,2,2,1540.54
2025-12-01,7,3,2,1184.5
2025-12-01,1,4,2,15604.91
2025-12-01,2,5,2,32423.54
2025-12-01,6,7,2,21370.53
2025-12-01,5,17,2,23560.11
2025-12-01,7,9,2,15630.0
2025-12-01,7,10,2,8085.0
2025-12-01,7,15,2,3000.0
2025-12-01,7,16,2,1550.0
2025-12-01,6,8,2,4750.0
2025-12-01,1,13,2,7802.46
2025-12-01,1,1,3,9216.9
2025-12-01,1,2,3,3318.08
2025-12-01,1,3,3,2369.0
2025-12-01,6,1,3,7461.3
2025-12-01,6,2,3,2686.07
2025-12-01,6,3,3,2369.0
2025-12-01,7,1,3,4279.28
2025-12-01,7,2,3,1540.54
2025-12-01,7,3,3,1184.5
2025-12-01,1,4,3,14370.64
2025-12-01,2,5,3,29859.0
2025-12-01,6,7,3,19680.23
2025-12-01,5,17,3,21696.62
2025-12-01,7,9,3,10420.0
2025-12-01,7,10,3,6909.0
2025-12-01,7,15,3,2520.0
2025-12-01,7,16,3,1350.0
2025-12-01,6,8,3,4150.0
2025-12-01,1,13,3,7185.32
2025-12-01,1,1,4,9216.9
2025-12-01,1,2,4,3318.08
2025-12-01,1,3,4,2369.0
2025-12-01,6,1,4,7461.3
2025-12-01,6,2,4,2686.07
2025-12-01,6,3,4,2369.0
2025-12-01,7,1,4,4279.28
2025-12-01,7,2,4,1540.54
2025-12-01,7,3,4,1184.5
2025-12-01,1,4,4,11055.38
2025-12-01,2,5,4,22970.61
2025-12-01,6,7,4,15140.06
2025-12-01,5,17,4,16691.27
2025-12-01,7,9,4,9899.0
2025-12-01,7,10,4,6615.0
2025-12-01,7,15,4,2400.0
2025-12-01,7,16,4,1300.0
2025-12-01,6,8,4,4000.0
2025-12-01,1,13,4,5527.69
2025-12-01,1,1,5,9216.9
2025-12-01,1,2,5,3318.08
2025-12-01,1,3,5,2369.0
2025-12-01,6,1,5,7461.3
2025-12-01,6,2,5,2686.07
2025-12-01,6,3,5,2369.0
2025-12-01,7,1,5,4279.28
2025-12-01,7,2,5,1540.54
2025-12-01,7,3,5,1184.5
2025-12-01,1,4,5,8335.1
2025-12-01,2,5,5,17318.49
2025-12-01,6,7,5,11414.71
2025-12-01,5,17,5,12584.24
2025-12-01,7,9,5,8857.0
2025-12-01,7,10,5,6027.0
2025-12-01,7,15,5,2160.0
2025-12-01,7,16,5,1200.0
2025-12-01,6,8,5,3700.0
2025-12-01,1,13,5,4167.55
2025-12-01,1,1,6,9216.9
2025-12-01,1,2,6,3318.08
2025-12-01,1,3,6,2369.0
2025-12-01,6,1,6,7461.3
2025-12-01,6,2,6,2686.07
2025-12-01,6,3,6,2369.0
2025-12-01,7,1,6,4279.28
2025-12-01,7,2,6,1540.54
2025-12-01,7,3,6,1184.5
2025-12-01,1,4,6,9004.82
2025-12-01,2,5,6,18710.01
2025-12-01,6,7,6,12331.87
2025-12-01,5,17,6,13595.36
2025-12-01,7,9,6,10941.0
2025-12-01,7,10,6,6321.0
2025-12-01,7,15,6,2280.0
2025-12-01,7,16,6,1250.0
2025-12-01,6,8,6,3850.0
2025-12-01,1,13,6,4502.41
2025-12-01,1,1,7,9216.9
2025-12-01,1,2,7,3318.08
2025-12-01,1,3,7,2369.0
2025-12-01,6,1,7,7461.3
2025-12-01,6,2,7,2686.07
2025-12-01,6,3,7,2369.0
2025-12-01,7,1,7,4279.28
2025-12-01,7,2,7,1540.54
2025-12-01,7,3,7,1184.5
2025-12-01,1,4,7,9176.93
2025-12-01,2,5,7,19067.63
2025-12-01,6,7,7,12567.58
2025-12-01,5,17,7,13855.22
2025-12-01,7,9,7,8857.0
2025-12-01,7,10,7,6321.0
2025-12-01,7,15,7,2280.0
2025-12-01,7,16,7,1250.0
2025-12-01,6,8,7,3850.0
2025-12-01,1,13,7,4588.47
2025-12-01,1,1,8,9216.9
2025-12-01,1,2,8,3318.08
2025-12-01,1,3,8,2369.0
2025-12-01,6,1,8,7461.3
2025-12-01,6,2,8,2686.07
2025-12-01,6,3,8,2369.0
2025-12-01,7,1,8,4279.28
2025-12-01,7,2,8,1540.54
2025-12-01,7,3,8,1184.5
2025-12-01,1,4,8,8106.8
2025-12-01,2,5,8,16844.12
2025-12-01,6,7,8,11102.05
2025-12-01,5,17,8,12239.54
2025-12-01,7,9,8,8857.0
2025-12-01,7,10,8,6027.0
2025-12-01,7,15,8,2160.0
2025-12-01,7,16,8,1200.0
2025-12-01,6,8,8,3700.0
2025-12-01,1,13,8,4053.4
2025-12-01,3,11,1,41496.0
2025-12-01,5,12,1,12000.0
2025-12-01,3,12,1,15000.0
2025-12-01,2,12,1,10000.0
2025-12-01,4,14,1,5000.0
2025-12-01,5,18,1,13000.0
2026-01-01,1,1,1,13825.35
2026-01-01,1,2,1,4977.13
2026-01-01,1,3,1,3660.11
2026-01-01,2,1,1,46084.5
2026-01-01,2,2,1,16590.42
2026-01-01,2,3,1,7320.21
2026-01-01,3,1,1,57605.62
2026-01-01,3,2,1,20738.02
2026-01-01,3,3,1,6100.18
2026-01-01,4,1,1,20408.85
2026-01-01,4,2,1,7347.19
2026-01-01,4,3,1,3660.11
2026-01-01,5,1,1,34234.2
2026-01-01,5,2,1,12324.31
2026-01-01,5,3,1,4880.14
2026-01-01,6,1,1,7461.3
2026-01-01,6,2,1,2686.07
2026-01-01,6,3,1,2440.07
2026-01-01,7,1,1,12837.83
2026-01-01,7,2,1,4621.62
2026-01-01,7,3,1,3660.11
2026-01-01,8,1,1,75710.25
2026-01-01,8,2,1,27255.69
2026-01-01,8,3,1,7320.21
2026-01-01,1,4,1,22749.71
2026-01-01,2,5,1,36525.92
2026-01-01,6,7,1,31177.06
2026-01-01,5,17,1,32224.05
2026-01-01,7,9,1,32572.92
2026-01-01,7,10,1,13119.75
2026-01-01,7,15,1,4800.0
2026-01-01,7,16,1,2300.0
2026-01-01,6,8,1,7000.0
2026-01-01,1,13,1,11374.85
2026-01-01,1,1,2,9216.9
2026-01-01,1,2,2,3318.08
2026-01-01,1,3,2,2440.07
2026-01-01,6,1,2,7461.3
2026-01-01,6,2,2,2686.07
2026-01-01,6,3,2,2440.07
2026-01-01,7,1,2,4279.28
2026-01-01,7,2,2,1540.54
2026-01-01,7,3,2,1220.04
2026-01-01,1,4,2,10475.78
2026-01-01,2,5,2,16819.45
2026-01-01,6,7,2,14356.41
2026-01-01,5,17,2,14838.52
2026-01-01,7,9,2,16286.46
2026-01-01,7,10,2,8489.25
2026-01-01,7,15,2,3000.0
2026-01-01,7,16,2,1550.0
2026-01-01,6,8,2,4750.0
2026-01-01,1,13,2,5237.89
2026-01-01,1,1,3,9216.9
2026-01-01,1,2,3,3318.08
2026-01-01,1,3,3,2440.07
2026-01-01,6,1,3,7461.3
2026-01-01,6,2,3,2686.07
2026-01-01,6,3,3,2440.07
2026-01-01,7,1,3,4279.28
2026-01-01,7,2,3,1540.54
2026-01-01,7,3,3,1220.04
2026-01-01,1,4,3,9647.2
2026-01-01,2,5,3,15489.11
2026-01-01,6,7,3,13220.89
2026-01-01,5,17,3,13664.87
2026-01-01,7,9,3,10857.64
2026-01-01,7,10,3,7254.45
2026-01-01,7,15,3,2520.0
2026-01-01,7,16,3,1350.0
2026-01-01,6,8,3,4150.0
2026-01-01,1,13,3,4823.6
2026-01-01,1,1,4,9216.9
2026-01-01,1,2,4,3318.08
2026-01-01,1,3,4,2440.07
2026-01-01,6,1,4,7461.3
2026-01-01,6,2,4,2686.07
2026-01-01,6,3,4,2440.07
2026-01-01,7,1,4,4279.28
2026-01-01,7,2,4,1540.54
2026-01-01,7,3,4,1220.04
2026-01-01,1,4,4,7421.62
2026-01-01,2,5,4,11915.82
2026-01-01,6,7,4,10170.87
2026-01-01,5,17,4,10512.42
2026-01-01,7,9,4,10314.76
2026-01-01,7,10,4,6945.75
2026-01-01,7,15,4,2400.0
2026-01-01,7,16,4,1300.0
2026-01-01,6,8,4,4000.0
2026-01-01,1,13,4,3710.81
2026-01-01,1,1,5,9216.9
2026-01-01,1,2,5,3318.08
2026-01-01,1,3,5,2440.07
2026-01-01,6,1,5,7461.3
2026-01-01,6,2,5,2686.07
2026-01-01,6,3,5,2440.07
2026-01-01,7,1,5,4279.28
2026-01-01,7,2,5,1540.54
2026-01-01,7,3,5,1220.04
2026-01-01,1,4,5,5595.46
2026-01-01,2,5,5,8983.83
2026-01-01,6,7,5,7668.23
2026-01-01,5,17,5,7925.75
2026-01-01,7,9,5,9228.99
2026-01-01,7,10,5,6328.35
2026-01-01,7,15,5,2160.0
2026-01-01,7,16,5,1200.0
2026-01-01,6,8,5,3700.0
2026-01-01,1,13,5,2797.73
2026-01-01,1,1,6,9216.9
2026-01-01,1,2,6,3318.08
2026-01-01,1,3,6,2440.07
2026-01-01,6,1,6,7461.3
2026-01-01,6,2,6,2686.07
2026-01-01,6,3,6,2440.07
2026-01-01,7,1,6,4279.28
2026-01-01,7,2,6,1540.54
2026-01-01,7,3,6,1220.04
2026-01-01,1,4,6,6045.05
2026-01-01,2,5,6,9705.66
2026-01-01,6,7,6,8284.37
2026-01-01,5,17,6,8562.57
2026-01-01,7,9,6,11400.52
2026-01-01,7,10,6,6637.05
2026-01-01,7,15,6,2280.0
2026-01-01,7,16,6,1250.0
2026-01-01,6,8,6,3850.0
2026-01-01,1,13,6,3022.52
2026-01-01,1,1,7,9216.9
2026-01-01,1,2,7,3318.08
2026-01-01,1,3,7,2440.07
2026-01-01,6,1,7,7461.3
2026-01-01,6,2,7,2686.07
2026-01-01,6,3,7,2440.07
2026-01-01,7,1,7,4279.28
2026-01-01,7,2,7,1540.54
2026-01-01,7,3,7,1220.04
2026-01-01,1,4,7,6160.59
2026-01-01,2,5,7,9891.18
2026-01-01,6,7,7,8442.71
2026-01-01,5,17,7,8726.23
2026-01-01,7,9,7,9228.99
2026-01-01,7,10,7,6637.05
2026-01-01,7,15,7,2280.0
2026-01-01,7,16,7,1250.0
2026-01-01,6,8,7,3850.0
2026-01-01,1,13,7,3080.3
2026-01-01,1,1,8,9216.9
2026-01-01,1,2,8,3318.08
2026-01-01,1,3,8,2440.07
2026-01-01,6,1,8,7461.3
2026-01-01,6,2,8,2686.07
2026-01-01,6,3,8,2440.07
2026-01-01,7,1,8,4279.28
2026-01-01,7,2,8,1540.54
2026-01-01,7,3,8,1220.04
2026-01-01,1,4,8,5442.2
2026-01-01,2,5,8,8737.75
2026-01-01,6,7,8,7458.19
2026-01-01,5,17,8,7708.65
2026-01-01,7,9,8,9228.99
2026-01-01,7,10,8,6328.35
2026-01-01,7,15,8,2160.0
2026-01-01,7,16,8,1200.0
2026-01-01,6,8,8,3700.0
2026-01-01,1,13,8,2721.1
2026-01-01,3,11,1,41648.0
2026-01-01,5,12,1,12000.0
2026-01-01,3,12,1,15000.0
2026-01-01,2,12,1,10000.0
2026-01-01,4,14,1,5000.0
2026-01-01,5,18,1,13000.0
2026-02-01,1,1,1,9216.9
2026-02-01,1,2,1,3318.08
2026-02-01,1,3,1,2440.07
2026-02-01,2,1,1,46084.5
2026-02-01,2,2,1,16590.42
2026-02-01,2,3,1,7320.21
2026-02-01,3,1,1,57605.62
2026-02-01,3,2,1,20738.02
2026-02-01,3,3,1,6100.18
2026-02-01,4,1,1,20408.85
2026-02-01,4,2,1,7347.19
2026-02-01,4,3,1,3660.11
2026-02-01,5,1,1,34234.2
2026-02-01,5,2,1,12324.31
2026-02-01,5,3,1,4880.14
2026-02-01,6,1,1,7461.3
2026-02-01,6,2,1,2686.07
2026-02-01,6,3,1,2440.07
2026-02-01,7,1,1,12837.83
2026-02-01,7,2,1,4621.62
2026-02-01,7,3,1,3660.11
2026-02-01,8,1,1,75710.25
2026-02-01,8,2,1,27255.69
2026-02-01,8,3,1,7320.21
2026-02-01,1,4,1,19089.05
2026-02-01,2,5,1,36057.09
2026-02-01,6,7,1,27883.71
2026-02-01,5,17,1,30266.08
2026-02-01,7,9,1,32572.92
2026-02-01,7,10,1,13119.75
2026-02-01,7,15,1,4800.0
2026-02-01,7,16,1,2300.0
2026-02-01,6,8,1,7000.0
2026-02-01,1,13,1,9544.52
2026-02-01,1,1,2,9216.9
2026-02-01,1,2,2,3318.08
2026-02-01,1,3,2,2440.07
2026-02-01,6,1,2,7461.3
2026-02-01,6,2,2,2686.07
2026-02-01,6,3,2,2440.07
2026-02-01,7,1,2,4279.28
2026-02-01,7,2,2,1540.54
2026-02-01,7,3,2,1220.04
2026-02-01,1,4,2,8790.12
2026-02-01,2,5,2,16603.56
2026-02-01,6,7,2,12839.88
2026-02-01,5,17,2,13936.92
2026-02-01,7,9,2,16286.46
2026-02-01,7,10,2,8489.25
2026-02-01,7,15,2,3000.0
2026-02-01,7,16,2,1550.0
2026-02-01,6,8,2,4750.0
2026-02-01,1,13,2,4395.06
2026-02-01,1,1,3,9216.9
2026-02-01,1,2,3,3318.08
2026-02-01,1,3,3,2440.07
2026-02-01,6,1,3,7461.3
2026-02-01,6,2,3,2686.07
2026-02-01,6,3,3,2440.07
2026-02-01,7,1,3,4279.28
2026-02-01,7,2,3,1540.54
2026-02-01,7,3,3,1220.04
2026-02-01,1,4,3,8094.87
2026-02-01,2,5,3,15290.31
2026-02-01,6,7,3,11824.31
2026-02-01,5,17,3,12834.58
2026-02-01,7,9,3,10857.64
2026-02-01,7,10,3,7254.45
2026-02-01,7,15,3,2520.0
2026-02-01,7,16,3,1350.0
2026-02-01,6,8,3,4150.0
2026-02-01,1,13,3,4047.43
2026-02-01,1,1,4,9216.9
2026-02-01,1,2,4,3318.08
2026-02-01,1,3,4,2440.07
2026-02-01,6,1,4,7461.3
2026-02-01,6,2,4,2686.07
2026-02-01,6,3,4,2440.07
2026-02-01,7,1,4,4279.28
2026-02-01,7,2,4,1540.54
2026-02-01,7,3,4,1220.04
2026-02-01,1,4,4,6227.4
2026-02-01,2,5,4,11762.87
2026-02-01,6,7,4,9096.48
2026-02-01,5,17,4,9873.68
2026-02-01,7,9,4,10314.76
2026-02-01,7,10,4,6945.75
2026-02-01,7,15,4,2400.0
2026-02-01,7,16,4,1300.0
2026-02-01,6,8,4,4000.0
2026-02-01,1,13,4,3113.7
2026-02-01,1,1,5,9216.9
2026-02-01,1,2,5,3318.08
2026-02-01,1,3,5,2440.07
2026-02-01,6,1,5,7461.3
2026-02-01,6,2,5,2686.07
2026-02-01,6,3,5,2440.07
2026-02-01,7,1,5,4279.28
2026-02-01,7,2,5,1540.54
2026-02-01,7,3,5,1220.04
2026-02-01,1,4,5,4695.1
2026-02-01,2,5,5,8868.51
2026-02-01,6,7,5,6858.21
2026-02-01,5,17,5,7444.17
2026-02-01,7,9,5,9228.99
2026-02-01,7,10,5,6328.35
2026-02-01,7,15,5,2160.0
2026-02-01,7,16,5,1200.0
2026-02-01,6,8,5,3700.0
2026-02-01,1,13,5,2347.55
2026-02-01,1,1,6,9216.9
2026-02-01,1,2,6,3318.08
2026-02-01,1,3,6,2440.07
2026-02-01,6,1,6,7461.3
2026-02-01,6,2,6,2686.07
2026-02-01,6,3,6,2440.07
2026-02-01,7,1,6,4279.28
2026-02-01,7,2,6,1540.54
2026-02-01,7,3,6,1220.04
2026-02-01,1,4,6,5072.34
2026-02-01,2,5,6,9581.09
2026-02-01,6,7,6,7409.26
2026-02-01,5,17,6,8042.3
2026-02-01,7,9,6,11400.52
2026-02-01,7,10,6,6637.05
2026-02-01,7,15,6,2280.0
2026-02-01,7,16,6,1250.0
2026-02-01,6,8,6,3850.0
2026-02-01,1,13,6,2536.17
2026-02-01,1,1,7,9216.9
2026-02-01,1,2,7,3318.08
2026-02-01,1,3,7,2440.07
2026-02-01,6,1,7,7461.3
2026-02-01,6,2,7,2686.07
2026-02-01,6,3,7,2440.07
2026-02-01,7,1,7,4279.28
2026-02-01,7,2,7,1540.54
2026-02-01,7,3,7,1220.04
2026-02-01,1,4,7,5169.29
2026-02-01,2,5,7,9764.22
2026-02-01,6,7,7,7550.87
2026-02-01,5,17,7,8196.02
2026-02-01,7,9,7,9228.99
2026-02-01,7,10,7,6637.05
2026-02-01,7,15,7,2280.0
2026-02-01,7,16,7,1250.0
2026-02-01,6,8,7,3850.0
2026-02-01,1,13,7,2584.65
2026-02-01,1,1,8,9216.9
2026-02-01,1,2,8,3318.08
2026-02-01,1,3,8,2440.07
2026-02-01,6,1,8,7461.3
2026-02-01,6,2,8,2686.07
2026-02-01,6,3,8,2440.07
2026-02-01,7,1,8,4279.28
2026-02-01,7,2,8,1540.54
2026-02-01,7,3,8,1220.04
2026-02-01,1,4,8,4566.49
2026-02-01,2,5,8,8625.6
2026-02-01,6,7,8,6670.35
2026-02-01,5,17,8,7240.27
2026-02-01,7,9,8,9228.99
2026-02-01,7,10,8,6328.35
2026-02-01,7,15,8,2160.0
2026-02-01,7,16,8,1200.0
2026-02-01,6,8,8,3700.0
2026-02-01,1,13,8,2283.25
2026-02-01,3,11,1,41800.0
2026-02-01,5,12,1,12000.0
2026-02-01,3,12,1,15000.0
2026-02-01,2,12,1,10000.0
2026-02-01,4,14,1,20000.0
2026-02-01,5,18,1,13000.0
2026-03-01,1,1,1,14488.97
2026-03-01,1,2,1,5216.03
2026-03-01,1,3,1,3660.11
2026-03-01,2,1,1,48296.56
2026-03-01,2,2,1,17386.76
2026-03-01,2,3,1,7320.21
2026-03-01,3,1,1,84518.97
2026-03-01,3,2,1,30426.83
2026-03-01,3,3,1,8540.25
2026-03-01,4,1,1,21388.47
2026-03-01,4,2,1,7699.85
2026-03-01,4,3,1,3660.11
2026-03-01,5,1,1,35877.44
2026-03-01,5,2,1,12915.88
2026-03-01,5,3,1,4880.14
2026-03-01,6,1,1,7819.44
2026-03-01,6,2,1,2815.0
2026-03-01,6,3,1,2440.07
2026-03-01,7,1,1,13454.04
2026-03-01,7,2,1,4843.45
2026-03-01,7,3,1,3660.11
2026-03-01,8,1,1,79344.34
2026-03-01,8,2,1,28563.96
2026-03-01,8,3,1,7320.21
2026-03-01,1,4,1,25578.87
2026-03-01,2,5,1,48315.65
2026-03-01,2,6,1,12789.44
2026-03-01,6,7,1,34998.01
2026-03-01,5,17,1,36084.74
2026-03-01,7,9,1,32572.92
2026-03-01,7,10,1,13119.75
2026-03-01,7,15,1,4800.0
2026-03-01,7,16,1,2300.0
2026-03-01,6,8,1,7000.0
2026-03-01,1,13,1,12789.44
2026-03-01,1,1,2,9659.31
2026-03-01,1,2,2,3477.35
2026-03-01,1,3,2,2440.07
2026-03-01,6,1,2,7819.44
2026-03-01,6,2,2,2815.0
2026-03-01,6,3,2,2440.07
2026-03-01,7,1,2,4484.68
2026-03-01,7,2,2,1614.48
2026-03-01,7,3,2,1220.04
2026-03-01,1,4,2,11778.55
2026-03-01,2,5,2,22248.38
2026-03-01,2,6,2,5889.28
2026-03-01,6,7,2,16115.87
2026-03-01,5,17,2,16616.29
2026-03-01,7,9,2,16286.46
2026-03-01,7,10,2,8489.25
2026-03-01,7,15,2,3000.0
2026-03-01,7,16,2,1550.0
2026-03-01,6,8,2,4750.0
2026-03-01,1,13,2,5889.28
2026-03-01,1,1,3,9659.31
2026-03-01,1,2,3,3477.35
2026-03-01,1,3,3,2440.07
2026-03-01,6,1,3,7819.44
2026-03-01,6,2,3,2815.0
2026-03-01,6,3,3,2440.07
2026-03-01,7,1,3,4484.68
2026-03-01,7,2,3,1614.48
2026-03-01,7,3,3,1220.04
2026-03-01,1,4,3,10846.93
2026-03-01,2,5,3,20488.65
2026-03-01,2,6,3,5423.46
2026-03-01,6,7,3,14841.19
2026-03-01,5,17,3,15302.03
2026-03-01,7,9,3,10857.64
2026-03-01,7,10,3,7254.45
2026-03-01,7,15,3,2520.0
2026-03-01,7,16,3,1350.0
2026-03-01,6,8,3,4150.0
2026-03-01,1,13,3,5423.46
2026-03-01,1,1,4,9659.31
2026-03-01,1,2,4,3477.35
2026-03-01,1,3,4,2440.07
2026-03-01,6,1,4,7819.44
2026-03-01,6,2,4,2815.0
2026-03-01,6,3,4,2440.07
2026-03-01,7,1,4,4484.68
2026-03-01,7,2,4,1614.48
2026-03-01,7,3,4,1220.04
2026-03-01,1,4,4,8344.57
2026-03-01,2,5,4,15761.97
2026-03-01,2,6,4,4172.29
2026-03-01,6,7,4,11417.37
2026-03-01,5,17,4,11771.89
2026-03-01,7,9,4,10314.76
2026-03-01,7,10,4,6945.75
2026-03-01,7,15,4,2400.0
2026-03-01,7,16,4,1300.0
2026-03-01,6,8,4,4000.0
2026-03-01,1,13,4,4172.29
2026-03-01,1,1,5,9659.31
2026-03-01,1,2,5,3477.35
2026-03-01,1,3,5,2440.07
2026-03-01,6,1,5,7819.44
2026-03-01,6,2,5,2815.0
2026-03-01,6,3,5,2440.07
2026-03-01,7,1,5,4484.68
2026-03-01,7,2,5,1614.48
2026-03-01,7,3,5,1220.04
2026-03-01,1,4,5,6291.32
2026-03-01,2,5,5,11883.6
2026-03-01,2,6,5,3145.66
2026-03-01,6,7,5,8608.02
2026-03-01,5,17,5,8875.31
2026-03-01,7,9,5,9228.99
2026-03-01,7,10,5,6328.35
2026-03-01,7,15,5,2160.0
2026-03-01,7,16,5,1200.0
2026-03-01,6,8,5,3700.0
2026-03-01,1,13,5,3145.66
2026-03-01,1,1,6,9659.31
2026-03-01,1,2,6,3477.35
2026-03-01,1,3,6,2440.07
2026-03-01,6,1,6,7819.44
2026-03-01,6,2,6,2815.0
2026-03-01,6,3,6,2440.07
2026-03-01,7,1,6,4484.68
2026-03-01,7,2,6,1614.48
2026-03-01,7,3,6,1220.04
2026-03-01,1,4,6,6796.82
2026-03-01,2,5,6,12838.43
2026-03-01,2,6,6,3398.41
2026-03-01,6,7,6,9299.67
2026-03-01,5,17,6,9588.43
2026-03-01,7,9,6,11400.52
2026-03-01,7,10,6,6637.05
2026-03-01,7,15,6,2280.0
2026-03-01,7,16,6,1250.0
2026-03-01,6,8,6,3850.0
2026-03-01,1,13,6,3398.41
2026-03-01,1,1,7,9659.31
2026-03-01,1,2,7,3477.35
2026-03-01,1,3,7,2440.07
2026-03-01,6,1,7,7819.44
2026-03-01,6,2,7,2815.0
2026-03-01,6,3,7,2440.07
2026-03-01,7,1,7,4484.68
2026-03-01,7,2,7,1614.48
2026-03-01,7,3,7,1220.04
2026-03-01,1,4,7,6926.73
2026-03-01,2,5,7,13083.82
2026-03-01,2,6,7,3463.36
2026-03-01,6,7,7,9477.42
2026-03-01,5,17,7,9771.71
2026-03-01,7,9,7,9228.99
2026-03-01,7,10,7,6637.05
2026-03-01,7,15,7,2280.0
2026-03-01,7,16,7,1250.0
2026-03-01,6,8,7,3850.0
2026-03-01,1,13,7,3463.36
2026-03-01,1,1,8,9659.31
2026-03-01,1,2,8,3477.35
2026-03-01,1,3,8,2440.07
2026-03-01,6,1,8,7819.44
2026-03-01,6,2,8,2815.0
2026-03-01,6,3,8,2440.07
2026-03-01,7,1,8,4484.68
2026-03-01,7,2,8,1614.48
2026-03-01,7,3,8,1220.04
2026-03-01,1,4,8,6118.99
2026-03-01,2,5,8,11558.09
2026-03-01,2,6,8,3059.5
2026-03-01,6,7,8,8372.24
2026-03-01,5,17,8,8632.21
2026-03-01,7,9,8,9228.99
2026-03-01,7,10,8,6328.35
2026-03-01,7,15,8,2160.0
2026-03-01,7,16,8,1200.0
2026-03-01,6,8,8,3700.0
2026-03-01,1,13,8,3059.5
2026-03-01,3,11,1,41952.0
2026-03-01,5,12,1,12000.0
2026-03-01,3,12,1,15000.0
2026-03-01,2,12,1,10000.0
2026-03-01,4,14,1,5000.0
2026-03-01,5,18,1,13000.0
2026-04-01,1,1,1,14488.97
2026-04-01,1,2,1,5216.03
2026-04-01,1,3,1,3660.11
2026-04-01,2,1,1,48296.56
2026-04-01,2,2,1,17386.76
2026-04-01,2,3,1,7320.21
2026-04-01,3,1,1,84518.97
2026-04-01,3,2,1,30426.83
2026-04-01,3,3,1,8540.25
2026-04-01,4,1,1,21388.47
2026-04-01,4,2,1,7699.85
2026-04-01,4,3,1,3660.11
2026-04-01,5,1,1,35877.44
2026-04-01,5,2,1,12915.88
2026-04-01,5,3,1,4880.14
2026-04-01,6,1,1,7819.44
2026-04-01,6,2,1,2815.0
2026-04-01,6,3,1,2440.07
2026-04-01,7,1,1,13454.04
2026-04-01,7,2,1,4843.45
2026-04-01,7,3,1,3660.11
2026-04-01,8,1,1,79344.34
2026-04-01,8,2,1,28563.96
2026-04-01,8,3,1,7320.21
2026-04-01,1,4,1,24635.79
2026-04-01,2,5,1,46534.27
2026-04-01,6,7,1,34309.6
2026-04-01,5,17,1,36499.66
2026-04-01,7,9,1,32572.92
2026-04-01,7,10,1,13119.75
2026-04-01,7,15,1,4800.0
2026-04-01,7,16,1,2300.0
2026-04-01,6,8,1,7000.0
2026-04-01,1,13,1,12317.9
2026-04-01,1,1,2,9659.31
2026-04-01,1,2,2,3477.35
2026-04-01,1,3,2,2440.07
2026-04-01,6,1,2,7819.44
2026-04-01,6,2,2,2815.0
2026-04-01,6,3,2,2440.07
2026-04-01,7,1,2,4484.68
2026-04-01,7,2,2,1614.48
2026-04-01,7,3,2,1220.04
2026-04-01,1,4,2,11344.28
2026-04-01,2,5,2,21428.09
2026-04-01,6,7,2,15798.88
2026-04-01,5,17,2,16807.35
2026-04-01,7,9,2,16286.46
2026-04-01,7,10,2,8489.25
2026-04-01,7,15,2,3000.0
2026-04-01,7,16,2,1550.0
2026-04-01,6,8,2,4750.0
2026-04-01,1,13,2,5672.14
2026-04-01,1,1,3,9659.31
2026-04-01,1,2,3,3477.35
2026-04-01,1,3,3,2440.07
2026-04-01,6,1,3,7819.44
2026-04-01,6,2,3,2815.0
2026-04-01,6,3,3,2440.07
2026-04-01,7,1,3,4484.68
2026-04-01,7,2,3,1614.48
2026-04-01,7,3,3,1220.04
2026-04-01,1,4,3,10447.01
2026-04-01,2,5,3,19733.24
2026-04-01,6,7,3,14549.27
2026-04-01,5,17,3,15477.98
2026-04-01,7,9,3,10857.64
2026-04-01,7,10,3,7254.45
2026-04-01,7,15,3,2520.0
2026-04-01,7,16,3,1350.0
2026-04-01,6,8,3,4150.0
2026-04-01,1,13,3,5223.5
2026-04-01,1,1,4,9659.31
2026-04-01,1,2,4,3477.35
2026-04-01,1,3,4,2440.07
2026-04-01,6,1,4,7819.44
2026-04-01,6,2,4,2815.0
2026-04-01,6,3,4,2440.07
2026-04-01,7,1,4,4484.68
2026-04-01,7,2,4,1614.48
2026-04-01,7,3,4,1220.04
2026-04-01,1,4,4,8036.91
2026-04-01,2,5,4,15180.83
2026-04-01,6,7,4,11192.79
2026-04-01,5,17,4,11907.25
2026-04-01,7,9,4,10314.76
2026-04-01,7,10,4,6945.75
2026-04-01,7,15,4,2400.0
2026-04-01,7,16,4,1300.0
2026-04-01,6,8,4,4000.0
2026-04-01,1,13,4,4018.46
2026-04-01,1,1,5,9659.31
2026-04-01,1,2,5,3477.35
2026-04-01,1,3,5,2440.07
2026-04-01,6,1,5,7819.44
2026-04-01,6,2,5,2815.0
2026-04-01,6,3,5,2440.07
2026-04-01,7,1,5,4484.68
2026-04-01,7,2,5,1614.48
2026-04-01,7,3,5,1220.04
2026-04-01,1,4,5,6059.36
2026-04-01,2,5,5,11445.46
2026-04-01,6,7,5,8438.7
2026-04-01,5,17,5,8977.37
2026-04-01,7,9,5,9228.99
2026-04-01,7,10,5,6328.35
2026-04-01,7,15,5,2160.0
2026-04-01,7,16,5,1200.0
2026-04-01,6,8,5,3700.0
2026-04-01,1,13,5,3029.68
2026-04-01,1,1,6,9659.31
2026-04-01,1,2,6,3477.35
2026-04-01,1,3,6,2440.07
2026-04-01,6,1,6,7819.44
2026-04-01,6,2,6,2815.0
2026-04-01,6,3,6,2440.07
2026-04-01,7,1,6,4484.68
2026-04-01,7,2,6,1614.48
2026-04-01,7,3,6,1220.04
2026-04-01,1,4,6,6546.22
2026-04-01,2,5,6,12365.08
2026-04-01,6,7,6,9116.74
2026-04-01,5,17,6,9698.68
2026-04-01,7,9,6,11400.52
2026-04-01,7,10,6,6637.05
2026-04-01,7,15,6,2280.0
2026-04-01,7,16,6,1250.0
2026-04-01,6,8,6,3850.0
2026-04-01,1,13,6,3273.11
2026-04-01,1,1,7,9659.31
2026-04-01,1,2,7,3477.35
2026-04-01,1,3,7,2440.07
2026-04-01,6,1,7,7819.44
2026-04-01,6,2,7,2815.0
2026-04-01,6,3,7,2440.07
2026-04-01,7,1,7,4484.68
2026-04-01,7,2,7,1614.48
2026-04-01,7,3,7,1220.04
2026-04-01,1,4,7,6671.34
2026-04-01,2,5,7,12601.43
2026-04-01,6,7,7,9291.0
2026-04-01,5,17,7,9884.06
2026-04-01,7,9,7,9228.99
2026-04-01,7,10,7,6637.05
2026-04-01,7,15,7,2280.0
2026-04-01,7,16,7,1250.0
2026-04-01,6,8,7,3850.0
2026-04-01,1,13,7,3335.67
2026-04-01,1,1,8,9659.31
2026-04-01,1,2,8,3477.35
2026-04-01,1,3,8,2440.07
2026-04-01,6,1,8,7819.44
2026-04-01,6,2,8,2815.0
2026-04-01,6,3,8,2440.07
2026-04-01,7,1,8,4484.68
2026-04-01,7,2,8,1614.48
2026-04-01,7,3,8,1220.04
2026-04-01,1,4,8,5893.39
2026-04-01,2,5,8,11131.95
2026-04-01,6,7,8,8207.56
2026-04-01,5,17,8,8731.47
2026-04-01,7,9,8,9228.99
2026-04-01,7,10,8,6328.35
2026-04-01,7,15,8,2160.0
2026-04-01,7,16,8,1200.0
2026-04-01,6,8,8,3700.0
2026-04-01,1,13,8,2946.69
2026-04-01,3,11,1,42104.0
2026-04-01,5,12,1,12000.0
2026-04-01,3,12,1,15000.0
2026-04-01,2,12,1,10000.0
2026-04-01,4,14,1,5000.0
2026-04-01,5,18,1,13000.0
2026-05-01,1,1,1,14488.97
2026-05-01,1,2,1,5216.03
2026-05-01,1,3,1,3660.11
2026-05-01,2,1,1,48296.56
2026-05-01,2,2,1,17386.76
2026-05-01,2,3,1,7320.21
2026-05-01,3,1,1,84518.97
2026-05-01,3,2,1,30426.83
2026-05-01,3,3,1,8540.25
2026-05-01,4,1,1,21388.47
2026-05-01,4,2,1,7699.85
2026-05-01,4,3,1,3660.11
2026-05-01,5,1,1,35877.44
2026-05-01,5,2,1,12915.88
2026-05-01,5,3,1,4880.14
2026-05-01,6,1,1,7819.44
2026-05-01,6,2,1,2815.0
2026-05-01,6,3,1,2440.07
2026-05-01,7,1,1,13454.04
2026-05-01,7,2,1,4843.45
2026-05-01,7,3,1,3660.11
2026-05-01,8,1,1,79344.34
2026-05-01,8,2,1,28563.96
2026-05-01,8,3,1,7320.21
2026-05-01,1,4,1,26253.88
2026-05-01,2,5,1,49590.66
2026-05-01,6,7,1,37161.35
2026-05-01,5,17,1,36989.71
2026-05-01,7,9,1,32572.92
2026-05-01,7,10,1,13119.75
2026-05-01,7,15,1,4800.0
2026-05-01,7,16,1,2300.0
2026-05-01,6,8,1,7000.0
2026-05-01,1,13,1,13126.94
2026-05-01,1,1,2,9659.31
2026-05-01,1,2,2,3477.35
2026-05-01,1,3,2,2440.07
2026-05-01,6,1,2,7819.44
2026-05-01,6,2,2,2815.0
2026-05-01,6,3,2,2440.07
2026-05-01,7,1,2,4484.68
2026-05-01,7,2,2,1614.48
2026-05-01,7,3,2,1220.04
2026-05-01,1,4,2,12089.38
2026-05-01,2,5,2,22835.5
2026-05-01,6,7,2,17112.05
2026-05-01,5,17,2,17033.02
2026-05-01,7,9,2,16286.46
2026-05-01,7,10,2,8489.25
2026-05-01,7,15,2,3000.0
2026-05-01,7,16,2,1550.0
2026-05-01,6,8,2,4750.0
2026-05-01,1,13,2,6044.69
2026-05-01,1,1,3,9659.31
2026-05-01,1,2,3,3477.35
2026-05-01,1,3,3,2440.07
2026-05-01,6,1,3,7819.44
2026-05-01,6,2,3,2815.0
2026-05-01,6,3,3,2440.07
2026-05-01,7,1,3,4484.68
2026-05-01,7,2,3,1614.48
2026-05-01,7,3,3,1220.04
2026-05-01,1,4,3,11133.17
2026-05-01,2,5,3,21029.32
2026-05-01,6,7,3,15758.57
2026-05-01,5,17,3,15685.79
2026-05-01,7,9,3,10857.64
2026-05-01,7,10,3,7254.45
2026-05-01,7,15,3,2520.0
2026-05-01,7,16,3,1350.0
2026-05-01,6,8,3,4150.0
2026-05-01,1,13,3,5566.59
2026-05-01,1,1,4,9659.31
2026-05-01,1,2,4,3477.35
2026-05-01,1,3,4,2440.07
2026-05-01,6,1,4,7819.44
2026-05-01,6,2,4,2815.0
2026-05-01,6,3,4,2440.07
2026-05-01,7,1,4,4484.68
2026-05-01,7,2,4,1614.48
2026-05-01,7,3,4,1220.04
2026-05-01,1,4,4,8564.78
2026-05-01,2,5,4,16177.92
2026-05-01,6,7,4,12123.11
2026-05-01,5,17,4,12067.12
2026-05-01,7,9,4,10314.76
2026-05-01,7,10,4,6945.75
2026-05-01,7,15,4,2400.0
2026-05-01,7,16,4,1300.0
2026-05-01,6,8,4,4000.0
2026-05-01,1,13,4,4282.39
2026-05-01,1,1,5,9659.31
2026-05-01,1,2,5,3477.35
2026-05-01,1,3,5,2440.07
2026-05-01,6,1,5,7819.44
2026-05-01,6,2,5,2815.0
2026-05-01,6,3,5,2440.07
2026-05-01,7,1,5,4484.68
2026-05-01,7,2,5,1614.48
2026-05-01,7,3,5,1220.04
2026-05-01,1,4,5,6457.34
2026-05-01,2,5,5,12197.2
2026-05-01,6,7,5,9140.11
2026-05-01,5,17,5,9097.9
2026-05-01,7,9,5,9228.99
2026-05-01,7,10,5,6328.35
2026-05-01,7,15,5,2160.0
2026-05-01,7,16,5,1200.0
2026-05-01,6,8,5,3700.0
2026-05-01,1,13,5,3228.67
2026-05-01,1,1,6,9659.31
2026-05-01,1,2,6,3477.35
2026-05-01,1,3,6,2440.07
2026-05-01,6,1,6,7819.44
2026-05-01,6,2,6,2815.0
2026-05-01,6,3,6,2440.07
2026-05-01,7,1,6,4484.68
2026-05-01,7,2,6,1614.48
2026-05-01,7,3,6,1220.04
2026-05-01,1,4,6,6976.18
2026-05-01,2,5,6,13177.23
2026-05-01,6,7,6,9874.51
2026-05-01,5,17,6,9828.9
2026-05-01,7,9,6,11400.52
2026-05-01,7,10,6,6637.05
2026-05-01,7,15,6,2280.0
2026-05-01,7,16,6,1250.0
2026-05-01,6,8,6,3850.0
2026-05-01,1,13,6,3488.09
2026-05-01,1,1,7,9659.31
2026-05-01,1,2,7,3477.35
2026-05-01,1,3,7,2440.07
2026-05-01,6,1,7,7819.44
2026-05-01,6,2,7,2815.0
2026-05-01,6,3,7,2440.07
2026-05-01,7,1,7,4484.68
2026-05-01,7,2,7,1614.48
2026-05-01,7,3,7,1220.04
2026-05-01,1,4,7,7109.52
2026-05-01,2,5,7,13429.09
2026-05-01,6,7,7,10063.25
2026-05-01,5,17,7,10016.77
2026-05-01,7,9,7,9228.99
2026-05-01,7,10,7,6637.05
2026-05-01,7,15,7,2280.0
2026-05-01,7,16,7,1250.0
2026-05-01,6,8,7,3850.0
2026-05-01,1,13,7,3554.76
2026-05-01,1,1,8,9659.31
2026-05-01,1,2,8,3477.35
2026-05-01,1,3,8,2440.07
2026-05-01,6,1,8,7819.44
2026-05-01,6,2,8,2815.0
2026-05-01,6,3,8,2440.07
2026-05-01,7,1,8,4484.68
2026-05-01,7,2,8,1614.48
2026-05-01,7,3,8,1220.04
2026-05-01,1,4,8,6280.47
2026-05-01,2,5,8,11863.1
2026-05-01,6,7,8,8889.76
2026-05-01,5,17,8,8848.7
2026-05-01,7,9,8,9228.99
2026-05-01,7,10,8,6328.35
2026-05-01,7,15,8,2160.0
2026-05-01,7,16,8,1200.0
2026-05-01,6,8,8,3700.0
2026-05-01,1,13,8,3140.23
2026-05-01,3,11,1,42256.0
2026-05-01,5,12,1,12000.0
2026-05-01,3,12,1,15000.0
2026-05-01,2,12,1,10000.0
2026-05-01,4,14,1,5000.0
2026-05-01,5,18,1,13000.0
2026-06-01,1,1,1,14488.97
2026-06-01,1,2,1,5216.03
2026-06-01,1,3,1,3660.11
2026-06-01,2,1,1,48296.56
2026-06-01,2,2,1,17386.76
2026-06-01,2,3,1,7320.21
2026-06-01,3,1,1,84518.97
2026-06-01,3,2,1,30426.83
2026-06-01,3,3,1,8540.25
2026-06-01,4,1,1,21388.47
2026-06-01,4,2,1,7699.85
2026-06-01,4,3,1,3660.11
2026-06-01,5,1,1,35877.44
2026-06-01,5,2,1,12915.88
2026-06-01,5,3,1,4880.14
2026-06-01,6,1,1,7819.44
2026-06-01,6,2,1,2815.0
2026-06-01,6,3,1,2440.07
2026-06-01,7,1,1,13454.04
2026-06-01,7,2,1,4843.45
2026-06-01,7,3,1,3660.11
2026-06-01,8,1,1,79344.34
2026-06-01,8,2,1,28563.96
2026-06-01,8,3,1,7320.21
2026-06-01,1,4,1,25910.53
2026-06-01,2,5,1,48942.1
2026-06-01,2,6,1,12955.26
2026-06-01,6,7,1,36074.63
2026-06-01,5,17,1,36258.06
2026-06-01,7,9,1,32572.92
2026-06-01,7,10,1,13119.75
2026-06-01,7,15,1,4800.0
2026-06-01,7,16,1,2300.0
2026-06-01,6,8,1,7000.0
2026-06-01,1,13,1,12955.26
2026-06-01,1,1,2,9659.31
2026-06-01,1,2,2,3477.35
2026-06-01,1,3,2,2440.07
2026-06-01,6,1,2,7819.44
2026-06-01,6,2,2,2815.0
2026-06-01,6,3,2,2440.07
2026-06-01,7,1,2,4484.68
2026-06-01,7,2,2,1614.48
2026-06-01,7,3,2,1220.04
2026-06-01,1,4,2,11931.27
2026-06-01,2,5,2,22536.85
2026-06-01,2,6,2,5965.64
2026-06-01,6,7,2,16611.64
2026-06-01,5,17,2,16696.1
2026-06-01,7,9,2,16286.46
2026-06-01,7,10,2,8489.25
2026-06-01,7,15,2,3000.0
2026-06-01,7,16,2,1550.0
2026-06-01,6,8,2,4750.0
2026-06-01,1,13,2,5965.64
2026-06-01,1,1,3,9659.31
2026-06-01,1,2,3,3477.35
2026-06-01,1,3,3,2440.07
2026-06-01,6,1,3,7819.44
2026-06-01,6,2,3,2815.0
2026-06-01,6,3,3,2440.07
2026-06-01,7,1,3,4484.68
2026-06-01,7,2,3,1614.48
2026-06-01,7,3,3,1220.04
2026-06-01,1,4,3,10987.57
2026-06-01,2,5,3,20754.3
2026-06-01,2,6,3,5493.79
2026-06-01,6,7,3,15297.74
2026-06-01,5,17,3,15375.53
2026-06-01,7,9,3,10857.64
2026-06-01,7,10,3,7254.45
2026-06-01,7,15,3,2520.0
2026-06-01,7,16,3,1350.0
2026-06-01,6,8,3,4150.0
2026-06-01,1,13,3,5493.79
2026-06-01,1,1,4,9659.31
2026-06-01,1,2,4,3477.35
2026-06-01,1,3,4,2440.07
2026-06-01,6,1,4,7819.44
2026-06-01,6,2,4,2815.0
2026-06-01,6,3,4,2440.07
2026-06-01,7,1,4,4484.68
2026-06-01,7,2,4,1614.48
2026-06-01,7,3,4,1220.04
2026-06-01,1,4,4,8452.77
2026-06-01,2,5,4,15966.34
2026-06-01,2,6,4,4226.38
2026-06-01,6,7,4,11768.59
2026-06-01,5,17,4,11828.43
2026-06-01,7,9,4,10314.76
2026-06-01,7,10,4,6945.75
2026-06-01,7,15,4,2400.0
2026-06-01,7,16,4,1300.0
2026-06-01,6,8,4,4000.0
2026-06-01,1,13,4,4226.38
2026-06-01,1,1,5,9659.31
2026-06-01,1,2,5,3477.35
2026-06-01,1,3,5,2440.07
2026-06-01,6,1,5,7819.44
2026-06-01,6,2,5,2815.0
2026-06-01,6,3,5,2440.07
2026-06-01,7,1,5,4484.68
2026-06-01,7,2,5,1614.48
2026-06-01,7,3,5,1220.04
2026-06-01,1,4,5,6372.89
2026-06-01,2,5,5,12037.68
2026-06-01,2,6,5,3186.44
2026-06-01,6,7,5,8872.83
2026-06-01,5,17,5,8917.94
2026-06-01,7,9,5,9228.99
2026-06-01,7,10,5,6328.35
2026-06-01,7,15,5,2160.0
2026-06-01,7,16,5,1200.0
2026-06-01,6,8,5,3700.0
2026-06-01,1,13,5,3186.44
2026-06-01,1,1,6,9659.31
2026-06-01,1,2,6,3477.35
2026-06-01,1,3,6,2440.07
2026-06-01,6,1,6,7819.44
2026-06-01,6,2,6,2815.0
2026-06-01,6,3,6,2440.07
2026-06-01,7,1,6,4484.68
2026-06-01,7,2,6,1614.48
2026-06-01,7,3,6,1220.04
2026-06-01,1,4,6,6884.94
2026-06-01,2,5,6,13004.89
2026-06-01,2,6,6,3442.47
2026-06-01,6,7,6,9585.75
2026-06-01,5,17,6,9634.49
2026-06-01,7,9,6,11400.52
2026-06-01,7,10,6,6637.05
2026-06-01,7,15,6,2280.0
2026-06-01,7,16,6,1250.0
2026-06-01,6,8,6,3850.0
2026-06-01,1,13,6,3442.47
2026-06-01,1,1,7,9659.31
2026-06-01,1,2,7,3477.35
2026-06-01,1,3,7,2440.07
2026-06-01,6,1,7,7819.44
2026-06-01,6,2,7,2815.0
2026-06-01,6,3,7,2440.07
2026-06-01,7,1,7,4484.68
2026-06-01,7,2,7,1614.48
2026-06-01,7,3,7,1220.04
2026-06-01,1,4,7,7016.54
2026-06-01,2,5,7,13253.46
2026-06-01,2,6,7,3508.27
2026-06-01,6,7,7,9768.97
2026-06-01,5,17,7,9818.64
2026-06-01,7,9,7,9228.99
2026-06-01,7,10,7,6637.05
2026-06-01,7,15,7,2280.0
2026-06-01,7,16,7,1250.0
2026-06-01,6,8,7,3850.0
2026-06-01,1,13,7,3508.27
2026-06-01,1,1,8,9659.31
2026-06-01,1,2,8,3477.35
2026-06-01,1,3,8,2440.07
2026-06-01,6,1,8,7819.44
2026-06-01,6,2,8,2815.0
2026-06-01,6,3,8,2440.07
2026-06-01,7,1,8,4484.68
2026-06-01,7,2,8,1614.48
2026-06-01,7,3,8,1220.04
2026-06-01,1,4,8,6198.33
2026-06-01,2,5,8,11707.95
2026-06-01,2,6,8,3099.16
2026-06-01,6,7,8,8629.79
2026-06-01,5,17,8,8673.67
2026-06-01,7,9,8,9228.99
2026-06-01,7,10,8,6328.35
2026-06-01,7,15,8,2160.0
2026-06-01,7,16,8,1200.0
2026-06-01,6,8,8,3700.0
2026-06-01,1,13,8,3099.16
2026-06-01,3,11,1,42408.0
2026-06-01,5,12,1,12000.0
2026-06-01,3,12,1,15000.0
2026-06-01,2,12,1,10000.0
2026-06-01,4,14,1,5000.0
2026-06-01,5,18,1,13000.0
2026-07-01,1,1,1,14488.97
2026-07-01,1,2,1,5216.03
2026-07-01,1,3,1,3660.11
2026-07-01,2,1,1,48296.56
2026-07-01,2,2,1,17386.76
2026-07-01,2,3,1,7320.21
2026-07-01,3,1,1,84518.97
2026-07-01,3,2,1,30426.83
2026-07-01,3,3,1,8540.25
2026-07-01,4,1,1,21388.47
2026-07-01,4,2,1,7699.85
2026-07-01,4,3,1,3660.11
2026-07-01,5,1,1,35877.44
2026-07-01,5,2,1,12915.88
2026-07-01,5,3,1,4880.14
2026-07-01,6,1,1,7819.44
2026-07-01,6,2,1,2815.0
2026-07-01,6,3,1,2440.07
2026-07-01,7,1,1,13454.04
2026-07-01,7,2,1,4843.45
2026-07-01,7,3,1,3660.11
2026-07-01,8,1,1,79344.34
2026-07-01,8,2,1,28563.96
2026-07-01,8,3,1,7320.21
2026-07-01,1,4,1,28361.34
2026-07-01,2,5,1,53571.42
2026-07-01,6,7,1,39976.27
2026-07-01,5,17,1,39812.69
2026-07-01,7,9,1,32572.92
2026-07-01,7,10,1,13119.75
2026-07-01,7,15,1,4800.0
2026-07-01,7,16,1,2300.0
2026-07-01,6,8,1,7000.0
2026-07-01,1,13,1,14180.67
2026-07-01,1,1,2,9659.31
2026-07-01,1,2,2,3477.35
2026-07-01,1,3,2,2440.07
2026-07-01,6,1,2,7819.44
2026-07-01,6,2,2,2815.0
2026-07-01,6,3,2,2440.07
2026-07-01,7,1,2,4484.68
2026-07-01,7,2,2,1614.48
2026-07-01,7,3,2,1220.04
2026-07-01,1,4,2,13059.82
2026-07-01,2,5,2,24668.56
2026-07-01,6,7,2,18408.27
2026-07-01,5,17,2,18332.94
2026-07-01,7,9,2,16286.46
2026-07-01,7,10,2,8489.25
2026-07-01,7,15,2,3000.0
2026-07-01,7,16,2,1550.0
2026-07-01,6,8,2,4750.0
2026-07-01,1,13,2,6529.91
2026-07-01,1,1,3,9659.31
2026-07-01,1,2,3,3477.35
2026-07-01,1,3,3,2440.07
2026-07-01,6,1,3,7819.44
2026-07-01,6,2,3,2815.0
2026-07-01,6,3,3,2440.07
2026-07-01,7,1,3,4484.68
2026-07-01,7,2,3,1614.48
2026-07-01,7,3,3,1220.04
2026-07-01,1,4,3,12026.86
2026-07-01,2,5,3,22717.4
2026-07-01,6,7,3,16952.27
2026-07-01,5,17,3,16882.9
2026-07-01,7,9,3,10857.64
2026-07-01,7,10,3,7254.45
2026-07-01,7,15,3,2520.0
2026-07-01,7,16,3,1350.0
2026-07-01,6,8,3,4150.0
2026-07-01,1,13,3,6013.43
2026-07-01,1,1,4,9659.31
2026-07-01,1,2,4,3477.35
2026-07-01,1,3,4,2440.07
2026-07-01,6,1,4,7819.44
2026-07-01,6,2,4,2815.0
2026-07-01,6,3,4,2440.07
2026-07-01,7,1,4,4484.68
2026-07-01,7,2,4,1614.48
2026-07-01,7,3,4,1220.04
2026-07-01,1,4,4,9252.3
2026-07-01,2,5,4,17476.56
2026-07-01,6,7,4,13041.42
2026-07-01,5,17,4,12988.06
2026-07-01,7,9,4,10314.76
2026-07-01,7,10,4,6945.75
2026-07-01,7,15,4,2400.0
2026-07-01,7,16,4,1300.0
2026-07-01,6,8,4,4000.0
2026-07-01,1,13,4,4626.15
2026-07-01,1,1,5,9659.31
2026-07-01,1,2,5,3477.35
2026-07-01,1,3,5,2440.07
2026-07-01,6,1,5,7819.44
2026-07-01,6,2,5,2815.0
2026-07-01,6,3,5,2440.07
2026-07-01,7,1,5,4484.68
2026-07-01,7,2,5,1614.48
2026-07-01,7,3,5,1220.04
2026-07-01,1,4,5,6975.69
2026-07-01,2,5,5,13176.3
2026-07-01,6,7,5,9832.47
2026-07-01,5,17,5,9792.23
2026-07-01,7,9,5,9228.99
2026-07-01,7,10,5,6328.35
2026-07-01,7,15,5,2160.0
2026-07-01,7,16,5,1200.0
2026-07-01,6,8,5,3700.0
2026-07-01,1,13,5,3487.84
2026-07-01,1,1,6,9659.31
2026-07-01,1,2,6,3477.35
2026-07-01,1,3,6,2440.07
2026-07-01,6,1,6,7819.44
2026-07-01,6,2,6,2815.0
2026-07-01,6,3,6,2440.07
2026-07-01,7,1,6,4484.68
2026-07-01,7,2,6,1614.48
2026-07-01,7,3,6,1220.04
2026-07-01,1,4,6,7536.17
2026-07-01,2,5,6,14234.99
2026-07-01,6,7,6,10622.49
2026-07-01,5,17,6,10579.02
2026-07-01,7,9,6,11400.52
2026-07-01,7,10,6,6637.05
2026-07-01,7,15,6,2280.0
2026-07-01,7,16,6,1250.0
2026-07-01,6,8,6,3850.0
2026-07-01,1,13,6,3768.09
2026-07-01,1,1,7,9659.31
2026-07-01,1,2,7,3477.35
2026-07-01,1,3,7,2440.07
2026-07-01,6,1,7,7819.44
2026-07-01,6,2,7,2815.0
2026-07-01,6,3,7,2440.07
2026-07-01,7,1,7,4484.68
2026-07-01,7,2,7,1614.48
2026-07-01,7,3,7,1220.04
2026-07-01,1,4,7,7680.22
2026-07-01,2,5,7,14507.08
2026-07-01,6,7,7,10825.53
2026-07-01,5,17,7,10781.23
2026-07-01,7,9,7,9228.99
2026-07-01,7,10,7,6637.05
2026-07-01,7,15,7,2280.0
2026-07-01,7,16,7,1250.0
2026-07-01,6,8,7,3850.0
2026-07-01,1,13,7,3840.11
2026-07-01,1,1,8,9659.31
2026-07-01,1,2,8,3477.35
2026-07-01,1,3,8,2440.07
2026-07-01,6,1,8,7819.44
2026-07-01,6,2,8,2815.0
2026-07-01,6,3,8,2440.07
2026-07-01,7,1,8,4484.68
2026-07-01,7,2,8,1614.48
2026-07-01,7,3,8,1220.04
2026-07-01,1,4,8,6784.61
2026-07-01,2,5,8,12815.38
2026-07-01,6,7,8,9563.14
2026-07-01,5,17,8,9524.01
2026-07-01,7,9,8,9228.99
2026-07-01,7,10,8,6328.35
2026-07-01,7,15,8,2160.0
2026-07-01,7,16,8,1200.0
2026-07-01,6,8,8,3700.0
2026-07-01,1,13,8,3392.31
2026-07-01,3,11,1,42560.0
2026-07-01,5,12,1,12000.0
2026-07-01,3,12,1,15000.0
2026-07-01,2,12,1,10000.0
2026-07-01,4,14,1,5000.0
2026-07-01,5,18,1,13000.0
2026-08-01,1,1,1,14488.97
2026-08-01,1,2,1,5216.03
2026-08-01,1,3,1,3660.11
2026-08-01,2,1,1,48296.56
2026-08-01,2,2,1,17386.76
2026-08-01,2,3,1,7320.21
2026-08-01,3,1,1,84518.97
2026-08-01,3,2,1,30426.83
2026-08-01,3,3,1,8540.25
2026-08-01,4,1,1,21388.47
2026-08-01,4,2,1,7699.85
2026-08-01,4,3,1,3660.11
2026-08-01,5,1,1,35877.44
2026-08-01,5,2,1,12915.88
2026-08-01,5,3,1,4880.14
2026-08-01,6,1,1,7819.44
2026-08-01,6,2,1,2815.0
2026-08-01,6,3,1,2440.07
2026-08-01,7,1,1,13454.04
2026-08-01,7,2,1,4843.45
2026-08-01,7,3,1,3660.11
2026-08-01,8,1,1,79344.34
2026-08-01,8,2,1,28563.96
2026-08-01,8,3,1,7320.21
2026-08-01,1,4,1,28486.63
2026-08-01,2,5,1,53808.08
2026-08-01,6,7,1,39886.71
2026-08-01,5,17,1,42540.18
2026-08-01,7,9,1,32572.92
2026-08-01,7,10,1,13119.75
2026-08-01,7,15,1,4800.0
2026-08-01,7,16,1,2300.0
2026-08-01,6,8,1,7000.0
2026-08-01,1,13,1,14243.32
2026-08-01,1,1,2,9659.31
2026-08-01,1,2,2,3477.35
2026-08-01,1,3,2,2440.07
2026-08-01,6,1,2,7819.44
2026-08-01,6,2,2,2815.0
2026-08-01,6,3,2,2440.07
2026-08-01,7,1,2,4484.68
2026-08-01,7,2,2,1614.48
2026-08-01,7,3,2,1220.04
2026-08-01,1,4,2,13117.52
2026-08-01,2,5,2,24777.53
2026-08-01,6,7,2,18367.02
2026-08-01,5,17,2,19588.89
2026-08-01,7,9,2,16286.46
2026-08-01,7,10,2,8489.25
2026-08-01,7,15,2,3000.0
2026-08-01,7,16,2,1550.0
2026-08-01,6,8,2,4750.0
2026-08-01,1,13,2,6558.76
2026-08-01,1,1,3,9659.31
2026-08-01,1,2,3,3477.35
2026-08-01,1,3,3,2440.07
2026-08-01,6,1,3,7819.44
2026-08-01,6,2,3,2815.0
2026-08-01,6,3,3,2440.07
2026-08-01,7,1,3,4484.68
2026-08-01,7,2,3,1614.48
2026-08-01,7,3,3,1220.04
2026-08-01,1,4,3,12079.99
2026-08-01,2,5,3,22817.76
2026-08-01,6,7,3,16914.29
2026-08-01,5,17,3,18039.51
2026-08-01,7,9,3,10857.64
2026-08-01,7,10,3,7254.45
2026-08-01,7,15,3,2520.0
2026-08-01,7,16,3,1350.0
2026-08-01,6,8,3,4150.0
2026-08-01,1,13,3,6039.99
2026-08-01,1,1,4,9659.31
2026-08-01,1,2,4,3477.35
2026-08-01,1,3,4,2440.07
2026-08-01,6,1,4,7819.44
2026-08-01,6,2,4,2815.0
2026-08-01,6,3,4,2440.07
2026-08-01,7,1,4,4484.68
2026-08-01,7,2,4,1614.48
2026-08-01,7,3,4,1220.04
2026-08-01,1,4,4,9293.17
2026-08-01,2,5,4,17553.76
2026-08-01,6,7,4,13012.21
2026-08-01,5,17,4,13877.85
2026-08-01,7,9,4,10314.76
2026-08-01,7,10,4,6945.75
2026-08-01,7,15,4,2400.0
2026-08-01,7,16,4,1300.0
2026-08-01,6,8,4,4000.0
2026-08-01,1,13,4,4646.58
2026-08-01,1,1,5,9659.31
2026-08-01,1,2,5,3477.35
2026-08-01,1,3,5,2440.07
2026-08-01,6,1,5,7819.44
2026-08-01,6,2,5,2815.0
2026-08-01,6,3,5,2440.07
2026-08-01,7,1,5,4484.68
2026-08-01,7,2,5,1614.48
2026-08-01,7,3,5,1220.04
2026-08-01,1,4,5,7006.5
2026-08-01,2,5,5,13234.5
2026-08-01,6,7,5,9810.44
2026-08-01,5,17,5,10463.08
2026-08-01,7,9,5,9228.99
2026-08-01,7,10,5,6328.35
2026-08-01,7,15,5,2160.0
2026-08-01,7,16,5,1200.0
2026-08-01,6,8,5,3700.0
2026-08-01,1,13,5,3503.25
2026-08-01,1,1,6,9659.31
2026-08-01,1,2,6,3477.35
2026-08-01,1,3,6,2440.07
2026-08-01,6,1,6,7819.44
2026-08-01,6,2,6,2815.0
2026-08-01,6,3,6,2440.07
2026-08-01,7,1,6,4484.68
2026-08-01,7,2,6,1614.48
2026-08-01,7,3,6,1220.04
2026-08-01,1,4,6,7569.47
2026-08-01,2,5,6,14297.88
2026-08-01,6,7,6,10598.69
2026-08-01,5,17,6,11303.77
2026-08-01,7,9,6,11400.52
2026-08-01,7,10,6,6637.05
2026-08-01,7,15,6,2280.0
2026-08-01,7,16,6,1250.0
2026-08-01,6,8,6,3850.0
2026-08-01,1,13,6,3784.73
2026-08-01,1,1,7,9659.31
2026-08-01,1,2,7,3477.35
2026-08-01,1,3,7,2440.07
2026-08-01,6,1,7,7819.44
2026-08-01,6,2,7,2815.0
2026-08-01,6,3,7,2440.07
2026-08-01,7,1,7,4484.68
2026-08-01,7,2,7,1614.48
2026-08-01,7,3,7,1220.04
2026-08-01,1,4,7,7714.15
2026-08-01,2,5,7,14571.17
2026-08-01,6,7,7,10801.27
2026-08-01,5,17,7,11519.83
2026-08-01,7,9,7,9228.99
2026-08-01,7,10,7,6637.05
2026-08-01,7,15,7,2280.0
2026-08-01,7,16,7,1250.0
2026-08-01,6,8,7,3850.0
2026-08-01,1,13,7,3857.07
2026-08-01,1,1,8,9659.31
2026-08-01,1,2,8,3477.35
2026-08-01,1,3,8,2440.07
2026-08-01,6,1,8,7819.44
2026-08-01,6,2,8,2815.0
2026-08-01,6,3,8,2440.07
2026-08-01,7,1,8,4484.68
2026-08-01,7,2,8,1614.48
2026-08-01,7,3,8,1220.04
2026-08-01,1,4,8,6814.59
2026-08-01,2,5,8,12872.0
2026-08-01,6,7,8,9541.72
2026-08-01,5,17,8,10176.48
2026-08-01,7,9,8,9228.99
2026-08-01,7,10,8,6328.35
2026-08-01,7,15,8,2160.0
2026-08-01,7,16,8,1200.0
2026-08-01,6,8,8,3700.0
2026-08-01,1,13,8,3407.29
2026-08-01,3,11,1,42712.0
2026-08-01,5,12,1,12000.0
2026-08-01,3,12,1,15000.0
2026-08-01,2,12,1,10000.0
2026-08-01,4,14,1,20000.0
2026-08-01,5,18,1,13000.0
2026-09-01,1,1,1,14488.97
2026-09-01,1,2,1,5216.03
2026-09-01,1,3,1,3660.11
2026-09-01,2,1,1,48296.56
2026-09-01,2,2,1,17386.76
2026-09-01,2,3,1,7320.21
2026-09-01,3,1,1,84518.97
2026-09-01,3,2,1,30426.83
2026-09-01,3,3,1,8540.25
2026-09-01,4,1,1,21388.47
2026-09-01,4,2,1,7699.85
2026-09-01,4,3,1,3660.11
2026-09-01,5,1,1,35877.44
2026-09-01,5,2,1,12915.88
2026-09-01,5,3,1,4880.14
2026-09-01,6,1,1,7819.44
2026-09-01,6,2,1,2815.0
2026-09-01,6,3,1,2440.07
2026-09-01,7,1,1,13454.04
2026-09-01,7,2,1,4843.45
2026-09-01,7,3,1,3660.11
2026-09-01,8,1,1,79344.34
2026-09-01,8,2,1,28563.96
2026-09-01,8,3,1,7320.21
2026-09-01,1,4,1,28561.43
2026-09-01,2,5,1,53949.36
2026-09-01,2,6,1,14280.71
2026-09-01,6,7,1,41956.59
2026-09-01,5,17,1,47556.94
2026-09-01,7,9,1,32572.92
2026-09-01,7,10,1,13119.75
2026-09-01,7,15,1,4800.0
2026-09-01,7,16,1,2300.0
2026-09-01,6,8,1,7000.0
2026-09-01,1,13,1,14280.71
2026-09-01,1,1,2,9659.31
2026-09-01,1,2,2,3477.35
2026-09-01,1,3,2,2440.07
2026-09-01,6,1,2,7819.44
2026-09-01,6,2,2,2815.0
2026-09-01,6,3,2,2440.07
2026-09-01,7,1,2,4484.68
2026-09-01,7,2,2,1614.48
2026-09-01,7,3,2,1220.04
2026-09-01,1,4,2,13151.96
2026-09-01,2,5,2,24842.59
2026-09-01,2,6,2,6575.98
2026-09-01,6,7,2,19320.16
2026-09-01,5,17,2,21899.01
2026-09-01,7,9,2,16286.46
2026-09-01,7,10,2,8489.25
2026-09-01,7,15,2,3000.0
2026-09-01,7,16,2,1550.0
2026-09-01,6,8,2,4750.0
2026-09-01,1,13,2,6575.98
2026-09-01,1,1,3,9659.31
2026-09-01,1,2,3,3477.35
2026-09-01,1,3,3,2440.07
2026-09-01,6,1,3,7819.44
2026-09-01,6,2,3,2815.0
2026-09-01,6,3,3,2440.07
2026-09-01,7,1,3,4484.68
2026-09-01,7,2,3,1614.48
2026-09-01,7,3,3,1220.04
2026-09-01,1,4,3,12111.71
2026-09-01,2,5,3,22877.67
2026-09-01,2,6,3,6055.85
2026-09-01,6,7,3,17792.03
2026-09-01,5,17,3,20166.91
2026-09-01,7,9,3,10857.64
2026-09-01,7,10,3,7254.45
2026-09-01,7,15,3,2520.0
2026-09-01,7,16,3,1350.0
2026-09-01,6,8,3,4150.0
2026-09-01,1,13,3,6055.85
2026-09-01,1,1,4,9659.31
2026-09-01,1,2,4,3477.35
2026-09-01,1,3,4,2440.07
2026-09-01,6,1,4,7819.44
2026-09-01,6,2,4,2815.0
2026-09-01,6,3,4,2440.07
2026-09-01,7,1,4,4484.68
2026-09-01,7,2,4,1614.48
2026-09-01,7,3,4,1220.04
2026-09-01,1,4,4,9317.57
2026-09-01,2,5,4,17599.85
2026-09-01,2,6,4,4658.78
2026-09-01,6,7,4,13687.46
2026-09-01,5,17,4,15514.46
2026-09-01,7,9,4,10314.76
2026-09-01,7,10,4,6945.75
2026-09-01,7,15,4,2400.0
2026-09-01,7,16,4,1300.0
2026-09-01,6,8,4,4000.0
2026-09-01,1,13,4,4658.78
2026-09-01,1,1,5,9659.31
2026-09-01,1,2,5,3477.35
2026-09-01,1,3,5,2440.07
2026-09-01,6,1,5,7819.44
2026-09-01,6,2,5,2815.0
2026-09-01,6,3,5,2440.07
2026-09-01,7,1,5,4484.68
2026-09-01,7,2,5,1614.48
2026-09-01,7,3,5,1220.04
2026-09-01,1,4,5,7024.9
2026-09-01,2,5,5,13269.25
2026-09-01,2,6,5,3512.45
2026-09-01,6,7,5,10319.54
2026-09-01,5,17,5,11696.99
2026-09-01,7,9,5,9228.99
2026-09-01,7,10,5,6328.35
2026-09-01,7,15,5,2160.0
2026-09-01,7,16,5,1200.0
2026-09-01,6,8,5,3700.0
2026-09-01,1,13,5,3512.45
2026-09-01,1,1,6,9659.31
2026-09-01,1,2,6,3477.35
2026-09-01,1,3,6,2440.07
2026-09-01,6,1,6,7819.44
2026-09-01,6,2,6,2815.0
2026-09-01,6,3,6,2440.07
2026-09-01,7,1,6,4484.68
2026-09-01,7,2,6,1614.48
2026-09-01,7,3,6,1220.04
2026-09-01,1,4,6,7589.34
2026-09-01,2,5,6,14335.42
2026-09-01,2,6,6,3794.67
2026-09-01,6,7,6,11148.7
2026-09-01,5,17,6,12636.83
2026-09-01,7,9,6,11400.52
2026-09-01,7,10,6,6637.05
2026-09-01,7,15,6,2280.0
2026-09-01,7,16,6,1250.0
2026-09-01,6,8,6,3850.0
2026-09-01,1,13,6,3794.67
2026-09-01,1,1,7,9659.31
2026-09-01,1,2,7,3477.35
2026-09-01,1,3,7,2440.07
2026-09-01,6,1,7,7819.44
2026-09-01,6,2,7,2815.0
2026-09-01,6,3,7,2440.07
2026-09-01,7,1,7,4484.68
2026-09-01,7,2,7,1614.48
2026-09-01,7,3,7,1220.04
2026-09-01,1,4,7,7734.4
2026-09-01,2,5,7,14609.42
2026-09-01,2,6,7,3867.2
2026-09-01,6,7,7,11361.79
2026-09-01,5,17,7,12878.36
2026-09-01,7,9,7,9228.99
2026-09-01,7,10,7,6637.05
2026-09-01,7,15,7,2280.0
2026-09-01,7,16,7,1250.0
2026-09-01,6,8,7,3850.0
2026-09-01,1,13,7,3867.2
2026-09-01,1,1,8,9659.31
2026-09-01,1,2,8,3477.35
2026-09-01,1,3,8,2440.07
2026-09-01,6,1,8,7819.44
2026-09-01,6,2,8,2815.0
2026-09-01,6,3,8,2440.07
2026-09-01,7,1,8,4484.68
2026-09-01,7,2,8,1614.48
2026-09-01,7,3,8,1220.04
2026-09-01,1,4,8,6832.48
2026-09-01,2,5,8,12905.79
2026-09-01,2,6,8,3416.24
2026-09-01,6,7,8,10036.88
2026-09-01,5,17,8,11376.6
2026-09-01,7,9,8,9228.99
2026-09-01,7,10,8,6328.35
2026-09-01,7,15,8,2160.0
2026-09-01,7,16,8,1200.0
2026-09-01,6,8,8,3700.0
2026-09-01,1,13,8,3416.24
2026-09-01,3,11,1,42864.0
2026-09-01,5,12,1,12000.0
2026-09-01,3,12,1,15000.0
2026-09-01,2,12,1,10000.0
2026-09-01,4,14,1,5000.0
2026-09-01,5,18,1,13000.0
2026-10-01,1,1,1,14488.97
2026-10-01,1,2,1,5216.03
2026-10-01,1,3,1,3660.11
2026-10-01,2,1,1,48296.56
2026-10-01,2,2,1,17386.76
2026-10-01,2,3,1,7320.21
2026-10-01,3,1,1,84518.97
2026-10-01,3,2,1,30426.83
2026-10-01,3,3,1,8540.25
2026-10-01,4,1,1,21388.47
2026-10-01,4,2,1,7699.85
2026-10-01,4,3,1,3660.11
2026-10-01,5,1,1,35877.44
2026-10-01,5,2,1,12915.88
2026-10-01,5,3,1,4880.14
2026-10-01,6,1,1,7819.44
2026-10-01,6,2,1,2815.0
2026-10-01,6,3,1,2440.07
2026-10-01,7,1,1,13454.04
2026-10-01,7,2,1,4843.45
2026-10-01,7,3,1,3660.11
2026-10-01,8,1,1,79344.34
2026-10-01,8,2,1,28563.96
2026-10-01,8,3,1,7320.21
2026-10-01,1,4,1,30853.04
2026-10-01,2,5,1,72847.44
2026-10-01,6,7,1,44003.82
2026-10-01,5,17,1,46919.04
2026-10-01,7,9,1,32572.92
2026-10-01,7,10,1,13119.75
2026-10-01,7,15,1,4800.0
2026-10-01,7,16,1,2300.0
2026-10-01,6,8,1,7000.0
2026-10-01,1,13,1,15426.52
2026-10-01,1,1,2,9659.31
2026-10-01,1,2,2,3477.35
2026-10-01,1,3,2,2440.07
2026-10-01,6,1,2,7819.44
2026-10-01,6,2,2,2815.0
2026-10-01,6,3,2,2440.07
2026-10-01,7,1,2,4484.68
2026-10-01,7,2,2,1614.48
2026-10-01,7,3,2,1220.04
2026-10-01,1,4,2,14207.2
2026-10-01,2,5,2,33544.78
2026-10-01,6,7,2,20262.87
2026-10-01,5,17,2,21605.27
2026-10-01,7,9,2,16286.46
2026-10-01,7,10,2,8489.25
2026-10-01,7,15,2,3000.0
2026-10-01,7,16,2,1550.0
2026-10-01,6,8,2,4750.0
2026-10-01,1,13,2,7103.6
2026-10-01,1,1,3,9659.31
2026-10-01,1,2,3,3477.35
2026-10-01,1,3,3,2440.07
2026-10-01,6,1,3,7819.44
2026-10-01,6,2,3,2815.0
2026-10-01,6,3,3,2440.07
2026-10-01,7,1,3,4484.68
2026-10-01,7,2,3,1614.48
2026-10-01,7,3,3,1220.04
2026-10-01,1,4,3,13083.48
2026-10-01,2,5,3,30891.55
2026-10-01,6,7,3,18660.18
2026-10-01,5,17,3,19896.4
2026-10-01,7,9,3,10857.64
2026-10-01,7,10,3,7254.45
2026-10-01,7,15,3,2520.0
2026-10-01,7,16,3,1350.0
2026-10-01,6,8,3,4150.0
2026-10-01,1,13,3,6541.74
2026-10-01,1,1,4,9659.31
2026-10-01,1,2,4,3477.35
2026-10-01,1,3,4,2440.07
2026-10-01,6,1,4,7819.44
2026-10-01,6,2,4,2815.0
2026-10-01,6,3,4,2440.07
2026-10-01,7,1,4,4484.68
2026-10-01,7,2,4,1614.48
2026-10-01,7,3,4,1220.04
2026-10-01,1,4,4,10065.16
2026-10-01,2,5,4,23764.96
2026-10-01,6,7,4,14355.33
2026-10-01,5,17,4,15306.36
2026-10-01,7,9,4,10314.76
2026-10-01,7,10,4,6945.75
2026-10-01,7,15,4,2400.0
2026-10-01,7,16,4,1300.0
2026-10-01,6,8,4,4000.0
2026-10-01,1,13,4,5032.58
2026-10-01,1,1,5,9659.31
2026-10-01,1,2,5,3477.35
2026-10-01,1,3,5,2440.07
2026-10-01,6,1,5,7819.44
2026-10-01,6,2,5,2815.0
2026-10-01,6,3,5,2440.07
2026-10-01,7,1,5,4484.68
2026-10-01,7,2,5,1614.48
2026-10-01,7,3,5,1220.04
2026-10-01,1,4,5,7588.54
2026-10-01,2,5,5,17917.38
2026-10-01,6,7,5,10823.07
2026-10-01,5,17,5,11540.09
2026-10-01,7,9,5,9228.99
2026-10-01,7,10,5,6328.35
2026-10-01,7,15,5,2160.0
2026-10-01,7,16,5,1200.0
2026-10-01,6,8,5,3700.0
2026-10-01,1,13,5,3794.27
2026-10-01,1,1,6,9659.31
2026-10-01,1,2,6,3477.35
2026-10-01,1,3,6,2440.07
2026-10-01,6,1,6,7819.44
2026-10-01,6,2,6,2815.0
2026-10-01,6,3,6,2440.07
2026-10-01,7,1,6,4484.68
2026-10-01,7,2,6,1614.48
2026-10-01,7,3,6,1220.04
2026-10-01,1,4,6,8198.27
2026-10-01,2,5,6,19357.02
2026-10-01,6,7,6,11692.69
2026-10-01,5,17,6,12467.32
2026-10-01,7,9,6,11400.52
2026-10-01,7,10,6,6637.05
2026-10-01,7,15,6,2280.0
2026-10-01,7,16,6,1250.0
2026-10-01,6,8,6,3850.0
2026-10-01,1,13,6,4099.13
2026-10-01,1,1,7,9659.31
2026-10-01,1,2,7,3477.35
2026-10-01,1,3,7,2440.07
2026-10-01,6,1,7,7819.44
2026-10-01,6,2,7,2815.0
2026-10-01,6,3,7,2440.07
2026-10-01,7,1,7,4484.68
2026-10-01,7,2,7,1614.48
2026-10-01,7,3,7,1220.04
2026-10-01,1,4,7,8354.97
2026-10-01,2,5,7,19727.0
2026-10-01,6,7,7,11916.18
2026-10-01,5,17,7,12705.62
2026-10-01,7,9,7,9228.99
2026-10-01,7,10,7,6637.05
2026-10-01,7,15,7,2280.0
2026-10-01,7,16,7,1250.0
2026-10-01,6,8,7,3850.0
2026-10-01,1,13,7,4177.48
2026-10-01,1,1,8,9659.31
2026-10-01,1,2,8,3477.35
2026-10-01,1,3,8,2440.07
2026-10-01,6,1,8,7819.44
2026-10-01,6,2,8,2815.0
2026-10-01,6,3,8,2440.07
2026-10-01,7,1,8,4484.68
2026-10-01,7,2,8,1614.48
2026-10-01,7,3,8,1220.04
2026-10-01,1,4,8,7380.68
2026-10-01,2,5,8,17426.6
2026-10-01,6,7,8,10526.62
2026-10-01,5,17,8,11224.0
2026-10-01,7,9,8,9228.99
2026-10-01,7,10,8,6328.35
2026-10-01,7,15,8,2160.0
2026-10-01,7,16,8,1200.0
2026-10-01,6,8,8,3700.0
2026-10-01,1,13,8,3690.34
2026-10-01,3,11,1,43016.0
2026-10-01,5,12,1,12000.0
2026-10-01,3,12,1,15000.0
2026-10-01,2,12,1,10000.0
2026-10-01,4,14,1,5000.0
2026-10-01,5,18,1,13000.0
2026-11-01,1,1,1,19318.62
2026-11-01,1,2,1,6954.7
2026-11-01,1,3,1,4880.14
2026-11-01,2,1,1,48296.56
2026-11-01,2,2,1,17386.76
2026-11-01,2,3,1,7320.21
2026-11-01,3,1,1,84518.97
2026-11-01,3,2,1,30426.83
2026-11-01,3,3,1,8540.25
2026-11-01,4,1,1,21388.47
2026-11-01,4,2,1,7699.85
2026-11-01,4,3,1,3660.11
2026-11-01,5,1,1,35877.44
2026-11-01,5,2,1,12915.88
2026-11-01,5,3,1,4880.14
2026-11-01,6,1,1,11729.16
2026-11-01,6,2,1,4222.5
2026-11-01,6,3,1,3660.11
2026-11-01,7,1,1,13454.04
2026-11-01,7,2,1,4843.45
2026-11-01,7,3,1,3660.11
2026-11-01,8,1,1,79344.34
2026-11-01,8,2,1,28563.96
2026-11-01,8,3,1,7320.21
2026-11-01,1,4,1,38141.88
2026-11-01,2,5,1,104466.38
2026-11-01,2,6,1,19070.94
2026-11-01,6,7,1,54399.47
2026-11-01,5,17,1,58003.38
2026-11-01,7,9,1,32572.92
2026-11-01,7,10,1,13119.75
2026-11-01,7,15,1,4800.0
2026-11-01,7,16,1,2300.0
2026-11-01,6,8,1,7000.0
2026-11-01,1,13,1,19070.94
2026-11-01,1,1,2,9659.31
2026-11-01,1,2,2,3477.35
2026-11-01,1,3,2,2440.07
2026-11-01,6,1,2,7819.44
2026-11-01,6,2,2,2815.0
2026-11-01,6,3,2,2440.07
2026-11-01,7,1,2,4484.68
2026-11-01,7,2,2,1614.48
2026-11-01,7,3,2,1220.04
2026-11-01,1,4,2,17563.57
2026-11-01,2,5,2,48104.66
2026-11-01,2,6,2,8781.78
2026-11-01,6,7,2,25049.86
2026-11-01,5,17,2,26709.39
2026-11-01,7,9,2,16286.46
2026-11-01,7,10,2,8489.25
2026-11-01,7,15,2,3000.0
2026-11-01,7,16,2,1550.0
2026-11-01,6,8,2,4750.0
2026-11-01,1,13,2,8781.78
2026-11-01,1,1,3,9659.31
2026-11-01,1,2,3,3477.35
2026-11-01,1,3,3,2440.07
2026-11-01,6,1,3,7819.44
2026-11-01,6,2,3,2815.0
2026-11-01,6,3,3,2440.07
2026-11-01,7,1,3,4484.68
2026-11-01,7,2,3,1614.48
2026-11-01,7,3,3,1220.04
2026-11-01,1,4,3,16174.38
2026-11-01,2,5,3,44299.82
2026-11-01,2,6,3,8087.19
2026-11-01,6,7,3,23068.54
2026-11-01,5,17,3,24596.81
2026-11-01,7,9,3,10857.64
2026-11-01,7,10,3,7254.45
2026-11-01,7,15,3,2520.0
2026-11-01,7,16,3,1350.0
2026-11-01,6,8,3,4150.0
2026-11-01,1,13,3,8087.19
2026-11-01,1,1,4,9659.31
2026-11-01,1,2,4,3477.35
2026-11-01,1,3,4,2440.07
2026-11-01,6,1,4,7819.44
2026-11-01,6,2,4,2815.0
2026-11-01,6,3,4,2440.07
2026-11-01,7,1,4,4484.68
2026-11-01,7,2,4,1614.48
2026-11-01,7,3,4,1220.04
2026-11-01,1,4,4,12442.99
2026-11-01,2,5,4,34079.98
2026-11-01,2,6,4,6221.5
2026-11-01,6,7,4,17746.69
2026-11-01,5,17,4,18922.39
2026-11-01,7,9,4,10314.76
2026-11-01,7,10,4,6945.75
2026-11-01,7,15,4,2400.0
2026-11-01,7,16,4,1300.0
2026-11-01,6,8,4,4000.0
2026-11-01,1,13,4,6221.5
2026-11-01,1,1,5,9659.31
2026-11-01,1,2,5,3477.35
2026-11-01,1,3,5,2440.07
2026-11-01,6,1,5,7819.44
2026-11-01,6,2,5,2815.0
2026-11-01,6,3,5,2440.07
2026-11-01,7,1,5,4484.68
2026-11-01,7,2,5,1614.48
2026-11-01,7,3,5,1220.04
2026-11-01,1,4,5,9381.28
2026-11-01,2,5,5,25694.3
2026-11-01,2,6,5,4690.64
2026-11-01,6,7,5,13379.96
2026-11-01,5,17,5,14266.37
2026-11-01,7,9,5,9228.99
2026-11-01,7,10,5,6328.35
2026-11-01,7,15,5,2160.0
2026-11-01,7,16,5,1200.0
2026-11-01,6,8,5,3700.0
2026-11-01,1,13,5,4690.64
2026-11-01,1,1,6,9659.31
2026-11-01,1,2,6,3477.35
2026-11-01,1,3,6,2440.07
2026-11-01,6,1,6,7819.44
2026-11-01,6,2,6,2815.0
2026-11-01,6,3,6,2440.07
2026-11-01,7,1,6,4484.68
2026-11-01,7,2,6,1614.48
2026-11-01,7,3,6,1220.04
2026-11-01,1,4,6,10135.06
2026-11-01,2,5,6,27758.8
2026-11-01,2,6,6,5067.53
2026-11-01,6,7,6,14455.02
2026-11-01,5,17,6,15412.65
2026-11-01,7,9,6,11400.52
2026-11-01,7,10,6,6637.05
2026-11-01,7,15,6,2280.0
2026-11-01,7,16,6,1250.0
2026-11-01,6,8,6,3850.0
2026-11-01,1,13,6,5067.53
2026-11-01,1,1,7,9659.31
2026-11-01,1,2,7,3477.35
2026-11-01,1,3,7,2440.07
2026-11-01,6,1,7,7819.44
2026-11-01,6,2,7,2815.0
2026-11-01,6,3,7,2440.07
2026-11-01,7,1,7,4484.68
2026-11-01,7,2,7,1614.48
2026-11-01,7,3,7,1220.04
2026-11-01,1,4,7,10328.78
2026-11-01,2,5,7,28289.37
2026-11-01,2,6,7,5164.39
2026-11-01,6,7,7,14731.31
2026-11-01,5,17,7,15707.25
2026-11-01,7,9,7,9228.99
2026-11-01,7,10,7,6637.05
2026-11-01,7,15,7,2280.0
2026-11-01,7,16,7,1250.0
2026-11-01,6,8,7,3850.0
2026-11-01,1,13,7,5164.39
2026-11-01,1,1,8,9659.31
2026-11-01,1,2,8,3477.35
2026-11-01,1,3,8,2440.07
2026-11-01,6,1,8,7819.44
2026-11-01,6,2,8,2815.0
2026-11-01,6,3,8,2440.07
2026-11-01,7,1,8,4484.68
2026-11-01,7,2,8,1614.48
2026-11-01,7,3,8,1220.04
2026-11-01,1,4,8,9124.32
2026-11-01,2,5,8,24990.5
2026-11-01,2,6,8,4562.16
2026-11-01,6,7,8,13013.47
2026-11-01,5,17,8,13875.6
2026-11-01,7,9,8,9228.99
2026-11-01,7,10,8,6328.35
2026-11-01,7,15,8,2160.0
2026-11-01,7,16,8,1200.0
2026-11-01,6,8,8,3700.0
2026-11-01,1,13,8,4562.16
2026-11-01,3,11,1,43168.0
2026-11-01,5,12,1,12000.0
2026-11-01,3,12,1,15000.0
2026-11-01,2,12,1,10000.0
2026-11-01,4,14,1,5000.0
2026-11-01,5,18,1,13000.0
2026-12-01,1,1,1,19318.62
2026-12-01,1,2,1,6954.7
2026-12-01,1,3,1,4880.14
2026-12-01,2,1,1,48296.56
2026-12-01,2,2,1,17386.76
2026-12-01,2,3,1,7320.21
2026-12-01,3,1,1,84518.97
2026-12-01,3,2,1,30426.83
2026-12-01,3,3,1,8540.25
2026-12-01,4,1,1,21388.47
2026-12-01,4,2,1,7699.85
2026-12-01,4,3,1,3660.11
2026-12-01,5,1,1,35877.44
2026-12-01,5,2,1,12915.88
2026-12-01,5,3,1,4880.14
2026-12-01,6,1,1,11729.16
2026-12-01,6,2,1,4222.5
2026-12-01,6,3,1,3660.11
2026-12-01,7,1,1,13454.04
2026-12-01,7,2,1,4843.45
2026-12-01,7,3,1,3660.11
2026-12-01,8,1,1,79344.34
2026-12-01,8,2,1,28563.96
2026-12-01,8,3,1,7320.21
2026-12-01,1,4,1,38768.93
2026-12-01,2,5,1,80553.23
2026-12-01,6,7,1,55293.79
2026-12-01,5,17,1,58956.95
2026-12-01,7,9,1,32572.92
2026-12-01,7,10,1,13119.75
2026-12-01,7,15,1,4800.0
2026-12-01,7,16,1,2300.0
2026-12-01,6,8,1,7000.0
2026-12-01,1,13,1,19384.47
2026-12-01,1,1,2,9659.31
2026-12-01,1,2,2,3477.35
2026-12-01,1,3,2,2440.07
2026-12-01,6,1,2,7819.44
2026-12-01,6,2,2,2815.0
2026-12-01,6,3,2,2440.07
2026-12-01,7,1,2,4484.68
2026-12-01,7,2,2,1614.48
2026-12-01,7,3,2,1220.04
2026-12-01,1,4,2,17852.31
2026-12-01,2,5,2,37093.13
2026-12-01,6,7,2,25461.67
2026-12-01,5,17,2,27148.49
2026-12-01,7,9,2,16286.46
2026-12-01,7,10,2,8489.25
2026-12-01,7,15,2,3000.0
2026-12-01,7,16,2,1550.0
2026-12-01,6,8,2,4750.0
2026-12-01,1,13,2,8926.16
2026-12-01,1,1,3,9659.31
2026-12-01,1,2,3,3477.35
2026-12-01,1,3,3,2440.07
2026-12-01,6,1,3,7819.44
2026-12-01,6,2,3,2815.0
2026-12-01,6,3,3,2440.07
2026-12-01,7,1,3,4484.68
2026-12-01,7,2,3,1614.48
2026-12-01,7,3,3,1220.04
2026-12-01,1,4,3,16440.28
2026-12-01,2,5,3,34159.26
2026-12-01,6,7,3,23447.79
2026-12-01,5,17,3,25001.18
2026-12-01,7,9,3,10857.64
2026-12-01,7,10,3,7254.45
2026-12-01,7,15,3,2520.0
2026-12-01,7,16,3,1350.0
2026-12-01,6,8,3,4150.0
2026-12-01,1,13,3,8220.14
2026-12-01,1,1,4,9659.31
2026-12-01,1,2,4,3477.35
2026-12-01,1,3,4,2440.07
2026-12-01,6,1,4,7819.44
2026-12-01,6,2,4,2815.0
2026-12-01,6,3,4,2440.07
2026-12-01,7,1,4,4484.68
2026-12-01,7,2,4,1614.48
2026-12-01,7,3,4,1220.04
2026-12-01,1,4,4,12647.55
2026-12-01,2,5,4,26278.81
2026-12-01,6,7,4,18038.45
2026-12-01,5,17,4,19233.48
2026-12-01,7,9,4,10314.76
2026-12-01,7,10,4,6945.75
2026-12-01,7,15,4,2400.0
2026-12-01,7,16,4,1300.0
2026-12-01,6,8,4,4000.0
2026-12-01,1,13,4,6323.78
2026-12-01,1,1,5,9659.31
2026-12-01,1,2,5,3477.35
2026-12-01,1,3,5,2440.07
2026-12-01,6,1,5,7819.44
2026-12-01,6,2,5,2815.0
2026-12-01,6,3,5,2440.07
2026-12-01,7,1,5,4484.68
2026-12-01,7,2,5,1614.48
2026-12-01,7,3,5,1220.04
2026-12-01,1,4,5,9535.51
2026-12-01,2,5,5,19812.68
2026-12-01,6,7,5,13599.93
2026-12-01,5,17,5,14500.91
2026-12-01,7,9,5,9228.99
2026-12-01,7,10,5,6328.35
2026-12-01,7,15,5,2160.0
2026-12-01,7,16,5,1200.0
2026-12-01,6,8,5,3700.0
2026-12-01,1,13,5,4767.76
2026-12-01,1,1,6,9659.31
2026-12-01,1,2,6,3477.35
2026-12-01,1,3,6,2440.07
2026-12-01,6,1,6,7819.44
2026-12-01,6,2,6,2815.0
2026-12-01,6,3,6,2440.07
2026-12-01,7,1,6,4484.68
2026-12-01,7,2,6,1614.48
2026-12-01,7,3,6,1220.04
2026-12-01,1,4,6,10301.68
2026-12-01,2,5,6,21404.6
2026-12-01,6,7,6,14692.66
2026-12-01,5,17,6,15666.04
2026-12-01,7,9,6,11400.52
2026-12-01,7,10,6,6637.05
2026-12-01,7,15,6,2280.0
2026-12-01,7,16,6,1250.0
2026-12-01,6,8,6,3850.0
2026-12-01,1,13,6,5150.84
2026-12-01,1,1,7,9659.31
2026-12-01,1,2,7,3477.35
2026-12-01,1,3,7,2440.07
2026-12-01,6,1,7,7819.44
2026-12-01,6,2,7,2815.0
2026-12-01,6,3,7,2440.07
2026-12-01,7,1,7,4484.68
2026-12-01,7,2,7,1614.48
2026-12-01,7,3,7,1220.04
2026-12-01,1,4,7,10498.58
2026-12-01,2,5,7,21813.72
2026-12-01,6,7,7,14973.49
2026-12-01,5,17,7,15965.47
2026-12-01,7,9,7,9228.99
2026-12-01,7,10,7,6637.05
2026-12-01,7,15,7,2280.0
2026-12-01,7,16,7,1250.0
2026-12-01,6,8,7,3850.0
2026-12-01,1,13,7,5249.29
2026-12-01,1,1,8,9659.31
2026-12-01,1,2,8,3477.35
2026-12-01,1,3,8,2440.07
2026-12-01,6,1,8,7819.44
2026-12-01,6,2,8,2815.0
2026-12-01,6,3,8,2440.07
2026-12-01,7,1,8,4484.68
2026-12-01,7,2,8,1614.48
2026-12-01,7,3,8,1220.04
2026-12-01,1,4,8,9274.32
2026-12-01,2,5,8,19269.98
2026-12-01,6,7,8,13227.41
2026-12-01,5,17,8,14103.71
2026-12-01,7,9,8,9228.99
2026-12-01,7,10,8,6328.35
2026-12-01,7,15,8,2160.0
2026-12-01,7,16,8,1200.0
2026-12-01,6,8,8,3700.0
2026-12-01,1,13,8,4637.16
2026-12-01,3,11,1,43320.0
2026-12-01,5,12,1,12000.0
2026-12-01,3,12,1,15000.0
2026-12-01,2,12,1,10000.0
2026-12-01,4,14,1,5000.0
2026-12-01,5,18,1,13000.0
